 0 -3.141592653589793
 0.012319971190548208 -3.141592653589793
 0.024639942381096416 -3.141592653589793
 0.036959913571644624 -3.141592653589793
 0.04927988476219283 -3.141592653589793
 0.06159985595274104 -3.141592653589793
 0.07391982714328925 -3.141592653589793
 0.08623979833383746 -3.141592653589793
 0.09855976952438567 -3.141592653589793
 0.11087974071493388 -3.141592653589793
 0.12319971190548208 -3.141592653589793
 0.13551968309603027 -3.141592653589793
 0.1478396542865785 -3.141592653589793
 0.16015962547712673 -3.141592653589793
 0.17247959666767493 -3.141592653589793
 0.1847995678582231 -3.141592653589793
 0.19711953904877133 -3.141592653589793
 0.20943951023931956 -3.141592653589793
 0.22175948142986776 -3.141592653589793
 0.23407945262041593 -3.141592653589793
 0.24639942381096416 -3.141592653589793
 0.25871939500151236 -3.141592653589793
 0.27103936619206054 -3.141592653589793
 0.28335933738260877 -3.141592653589793
 0.295679308573157 -3.141592653589793
 0.3079992797637052 -3.141592653589793
 0.32031925095425345 -3.141592653589793
 0.3326392221448016 -3.141592653589793
 0.34495919333534986 -3.141592653589793
 0.35727916452589803 -3.141592653589793
 0.3695991357164462 -3.141592653589793
 0.38191910690699443 -3.141592653589793
 0.39423907809754266 -3.141592653589793
 0.4065590492880909 -3.141592653589793
 0.4188790204786391 -3.141592653589793
 0.4311989916691873 -3.141592653589793
 0.4435189628597355 -3.141592653589793
 0.4558389340502837 -3.141592653589793
 0.46815890524083187 -3.141592653589793
 0.4804788764313801 -3.141592653589793
 0.4927988476219283 -3.141592653589793
 0.5051188188124764 -3.141592653589793
 0.5174387900030247 -3.141592653589793
 0.5297587611935729 -3.141592653589793
 0.5420787323841211 -3.141592653589793
 0.5543987035746694 -3.141592653589793
 0.5667186747652175 -3.141592653589793
 0.5790386459557658 -3.141592653589793
 0.591358617146314 -3.141592653589793
 0.6036785883368622 -3.141592653589793
 0.6159985595274104 -3.141592653589793
 0.6283185307179586 -3.141592653589793
 0.6406385019085069 -3.141592653589793
 0.6529584730990551 -3.141592653589793
 0.6652784442896033 -3.141592653589793
 0.6775984154801515 -3.141592653589793
 0.6899183866706997 -3.141592653589793
 0.7022383578612479 -3.141592653589793
 0.7145583290517961 -3.141592653589793
 0.7268783002423442 -3.141592653589793
 0.7391982714328924 -3.141592653589793
 0.7515182426234407 -3.141592653589793
 0.7638382138139889 -3.141592653589793
 0.7761581850045371 -3.141592653589793
 0.7884781561950853 -3.141592653589793
 0.8007981273856335 -3.141592653589793
 0.8131180985761818 -3.141592653589793
 0.82543806976673 -3.141592653589793
 0.8377580409572782 -3.141592653589793
 0.8500780121478264 -3.141592653589793
 0.8623979833383746 -3.141592653589793
 0.8747179545289229 -3.141592653589793
 0.887037925719471 -3.141592653589793
 0.8993578969100192 -3.141592653589793
 0.9116778681005674 -3.141592653589793
 0.9239978392911156 -3.141592653589793
 0.9363178104816637 -3.141592653589793
 0.948637781672212 -3.141592653589793
 0.9609577528627602 -3.141592653589793
 0.9732777240533085 -3.141592653589793
 0.9855976952438567 -3.141592653589793
 0.9979176664344048 -3.141592653589793
 1.0102376376249529 -3.141592653589793
 1.0225576088155013 -3.141592653589793
 1.0348775800060495 -3.141592653589793
 1.0471975511965976 -3.141592653589793
 1.0595175223871458 -3.141592653589793
 1.071837493577694 -3.141592653589793
 1.0841574647682422 -3.141592653589793
 1.0964774359587905 -3.141592653589793
 1.1087974071493387 -3.141592653589793
 1.121117378339887 -3.141592653589793
 1.133437349530435 -3.141592653589793
 1.1457573207209832 -3.141592653589793
 1.1580772919115316 -3.141592653589793
 1.1703972631020798 -3.141592653589793
 1.182717234292628 -3.141592653589793
 1.1950372054831762 -3.141592653589793
 1.2073571766737243 -3.141592653589793
 1.2196771478642727 -3.141592653589793
 1.231997119054821 -3.141592653589793
 1.244317090245369 -3.141592653589793
 1.2566370614359172 -3.141592653589793
 1.2689570326264654 -3.141592653589793
 1.2812770038170138 -3.141592653589793
 1.293596975007562 -3.141592653589793
 1.3059169461981102 -3.141592653589793
 1.3182369173886583 -3.141592653589793
 1.3305568885792065 -3.141592653589793
 1.3428768597697547 -3.141592653589793
 1.355196830960303 -3.141592653589793
 1.3675168021508513 -3.141592653589793
 1.3798367733413994 -3.141592653589793
 1.3921567445319476 -3.141592653589793
 1.4044767157224958 -3.141592653589793
 1.416796686913044 -3.141592653589793
 1.4291166581035921 -3.141592653589793
 1.4414366292941403 -3.141592653589793
 1.4537566004846885 -3.141592653589793
 1.4660765716752366 -3.141592653589793
 1.4783965428657848 -3.141592653589793
 1.4907165140563332 -3.141592653589793
 1.5030364852468814 -3.141592653589793
 1.5153564564374296 -3.141592653589793
 1.5276764276279777 -3.141592653589793
 1.539996398818526 -3.141592653589793
 1.5523163700090743 -3.141592653589793
 1.5646363411996225 -3.141592653589793
 1.5769563123901706 -3.141592653589793
 1.5892762835807188 -3.141592653589793
 1.601596254771267 -3.141592653589793
 1.6139162259618154 -3.141592653589793
 1.6262361971523636 -3.141592653589793
 1.6385561683429117 -3.141592653589793
 1.65087613953346 -3.141592653589793
 1.663196110724008 -3.141592653589793
 1.6755160819145565 -3.141592653589793
 1.6878360531051047 -3.141592653589793
 1.7001560242956528 -3.141592653589793
 1.712475995486201 -3.141592653589793
 1.7247959666767492 -3.141592653589793
 1.7371159378672973 -3.141592653589793
 1.7494359090578457 -3.141592653589793
 1.761755880248394 -3.141592653589793
 1.774075851438942 -3.141592653589793
 1.7863958226294903 -3.141592653589793
 1.7987157938200384 -3.141592653589793
 1.8110357650105866 -3.141592653589793
 1.8233557362011348 -3.141592653589793
 1.835675707391683 -3.141592653589793
 1.8479956785822311 -3.141592653589793
 1.8603156497727793 -3.141592653589793
 1.8726356209633275 -3.141592653589793
 1.8849555921538759 -3.141592653589793
 1.897275563344424 -3.141592653589793
 1.9095955345349722 -3.141592653589793
 1.9219155057255204 -3.141592653589793
 1.9342354769160686 -3.141592653589793
 1.946555448106617 -3.141592653589793
 1.9588754192971651 -3.141592653589793
 1.9711953904877133 -3.141592653589793
 1.9835153616782615 -3.141592653589793
 1.9958353328688097 -3.141592653589793
 2.008155304059358 -3.141592653589793
 2.0204752752499058 -3.141592653589793
 2.032795246440454 -3.141592653589793
 2.0451152176310026 -3.141592653589793
 2.0574351888215507 -3.141592653589793
 2.069755160012099 -3.141592653589793
 2.082075131202647 -3.141592653589793
 2.0943951023931953 -3.141592653589793
 2.1067150735837434 -3.141592653589793
 2.1190350447742916 -3.141592653589793
 2.13135501596484 -3.141592653589793
 2.143674987155388 -3.141592653589793
 2.155994958345936 -3.141592653589793
 2.1683149295364843 -3.141592653589793
 2.180634900727033 -3.141592653589793
 2.192954871917581 -3.141592653589793
 2.2052748431081293 -3.141592653589793
 2.2175948142986774 -3.141592653589793
 2.2299147854892256 -3.141592653589793
 2.242234756679774 -3.141592653589793
 2.254554727870322 -3.141592653589793
 2.26687469906087 -3.141592653589793
 2.2791946702514183 -3.141592653589793
 2.2915146414419665 -3.141592653589793
 2.303834612632515 -3.141592653589793
 2.3161545838230633 -3.141592653589793
 2.3284745550136114 -3.141592653589793
 2.3407945262041596 -3.141592653589793
 2.353114497394708 -3.141592653589793
 2.365434468585256 -3.141592653589793
 2.377754439775804 -3.141592653589793
 2.3900744109663523 -3.141592653589793
 2.4023943821569005 -3.141592653589793
 2.4147143533474487 -3.141592653589793
 2.427034324537997 -3.141592653589793
 2.4393542957285455 -3.141592653589793
 2.4516742669190936 -3.141592653589793
 2.463994238109642 -3.141592653589793
 2.47631420930019 -3.141592653589793
 2.488634180490738 -3.141592653589793
 2.5009541516812863 -3.141592653589793
 2.5132741228718345 -3.141592653589793
 2.5255940940623827 -3.141592653589793
 2.537914065252931 -3.141592653589793
 2.550234036443479 -3.141592653589793
 2.5625540076340276 -3.141592653589793
 2.574873978824576 -3.141592653589793
 2.587193950015124 -3.141592653589793
 2.599513921205672 -3.141592653589793
 2.6118338923962203 -3.141592653589793
 2.6241538635867685 -3.141592653589793
 2.6364738347773167 -3.141592653589793
 2.648793805967865 -3.141592653589793
 2.661113777158413 -3.141592653589793
 2.673433748348961 -3.141592653589793
 2.6857537195395094 -3.141592653589793
 2.698073690730058 -3.141592653589793
 2.710393661920606 -3.141592653589793
 2.7227136331111543 -3.141592653589793
 2.7350336043017025 -3.141592653589793
 2.7473535754922507 -3.141592653589793
 2.759673546682799 -3.141592653589793
 2.771993517873347 -3.141592653589793
 2.784313489063895 -3.141592653589793
 2.7966334602544434 -3.141592653589793
 2.8089534314449915 -3.141592653589793
 2.8212734026355393 -3.141592653589793
 2.833593373826088 -3.141592653589793
 2.845913345016636 -3.141592653589793
 2.8582333162071842 -3.141592653589793
 2.8705532873977324 -3.141592653589793
 2.8828732585882806 -3.141592653589793
 2.8951932297788288 -3.141592653589793
 2.907513200969377 -3.141592653589793
 2.919833172159925 -3.141592653589793
 2.9321531433504733 -3.141592653589793
 2.9444731145410215 -3.141592653589793
 2.9567930857315696 -3.141592653589793
 2.9691130569221182 -3.141592653589793
 2.9814330281126664 -3.141592653589793
 2.9937529993032146 -3.141592653589793
 3.0060729704937628 -3.141592653589793
 3.018392941684311 -3.141592653589793
 3.030712912874859 -3.141592653589793
 3.0430328840654073 -3.141592653589793
 3.0553528552559555 -3.141592653589793
 3.0676728264465036 -3.141592653589793
 3.079992797637052 -3.141592653589793
 3.0923127688276004 -3.141592653589793
 3.1046327400181486 -3.141592653589793
 3.1169527112086968 -3.141592653589793
 3.129272682399245 -3.141592653589793
 3.141592653589793 -3.141592653589793
 0 -2.6179938779914944
 0.012319971190548208 -2.6179938779914944
 0.024639942381096416 -2.6179938779914944
 0.036959913571644624 -2.6179938779914944
 0.04927988476219283 -2.6179938779914944
 0.06159985595274104 -2.6179938779914944
 0.07391982714328925 -2.6179938779914944
 0.08623979833383746 -2.6179938779914944
 0.09855976952438567 -2.6179938779914944
 0.11087974071493388 -2.6179938779914944
 0.12319971190548208 -2.6179938779914944
 0.13551968309603027 -2.6179938779914944
 0.1478396542865785 -2.6179938779914944
 0.16015962547712673 -2.6179938779914944
 0.17247959666767493 -2.6179938779914944
 0.1847995678582231 -2.6179938779914944
 0.19711953904877133 -2.6179938779914944
 0.20943951023931956 -2.6179938779914944
 0.22175948142986776 -2.6179938779914944
 0.23407945262041593 -2.6179938779914944
 0.24639942381096416 -2.6179938779914944
 0.25871939500151236 -2.6179938779914944
 0.27103936619206054 -2.6179938779914944
 0.28335933738260877 -2.6179938779914944
 0.295679308573157 -2.6179938779914944
 0.3079992797637052 -2.6179938779914944
 0.32031925095425345 -2.6179938779914944
 0.3326392221448016 -2.6179938779914944
 0.34495919333534986 -2.6179938779914944
 0.35727916452589803 -2.6179938779914944
 0.3695991357164462 -2.6179938779914944
 0.38191910690699443 -2.6179938779914944
 0.39423907809754266 -2.6179938779914944
 0.4065590492880909 -2.6179938779914944
 0.4188790204786391 -2.6179938779914944
 0.4311989916691873 -2.6179938779914944
 0.4435189628597355 -2.6179938779914944
 0.4558389340502837 -2.6179938779914944
 0.46815890524083187 -2.6179938779914944
 0.4804788764313801 -2.6179938779914944
 0.4927988476219283 -2.6179938779914944
 0.5051188188124764 -2.6179938779914944
 0.5174387900030247 -2.6179938779914944
 0.5297587611935729 -2.6179938779914944
 0.5420787323841211 -2.6179938779914944
 0.5543987035746694 -2.6179938779914944
 0.5667186747652175 -2.6179938779914944
 0.5790386459557658 -2.6179938779914944
 0.591358617146314 -2.6179938779914944
 0.6036785883368622 -2.6179938779914944
 0.6159985595274104 -2.6179938779914944
 0.6283185307179586 -2.6179938779914944
 0.6406385019085069 -2.6179938779914944
 0.6529584730990551 -2.6179938779914944
 0.6652784442896033 -2.6179938779914944
 0.6775984154801515 -2.6179938779914944
 0.6899183866706997 -2.6179938779914944
 0.7022383578612479 -2.6179938779914944
 0.7145583290517961 -2.6179938779914944
 0.7268783002423442 -2.6179938779914944
 0.7391982714328924 -2.6179938779914944
 0.7515182426234407 -2.6179938779914944
 0.7638382138139889 -2.6179938779914944
 0.7761581850045371 -2.6179938779914944
 0.7884781561950853 -2.6179938779914944
 0.8007981273856335 -2.6179938779914944
 0.8131180985761818 -2.6179938779914944
 0.82543806976673 -2.6179938779914944
 0.8377580409572782 -2.6179938779914944
 0.8500780121478264 -2.6179938779914944
 0.8623979833383746 -2.6179938779914944
 0.8747179545289229 -2.6179938779914944
 0.887037925719471 -2.6179938779914944
 0.8993578969100192 -2.6179938779914944
 0.9116778681005674 -2.6179938779914944
 0.9239978392911156 -2.6179938779914944
 0.9363178104816637 -2.6179938779914944
 0.948637781672212 -2.6179938779914944
 0.9609577528627602 -2.6179938779914944
 0.9732777240533085 -2.6179938779914944
 0.9855976952438567 -2.6179938779914944
 0.9979176664344048 -2.6179938779914944
 1.0102376376249529 -2.6179938779914944
 1.0225576088155013 -2.6179938779914944
 1.0348775800060495 -2.6179938779914944
 1.0471975511965976 -2.6179938779914944
 1.0595175223871458 -2.6179938779914944
 1.071837493577694 -2.6179938779914944
 1.0841574647682422 -2.6179938779914944
 1.0964774359587905 -2.6179938779914944
 1.1087974071493387 -2.6179938779914944
 1.121117378339887 -2.6179938779914944
 1.133437349530435 -2.6179938779914944
 1.1457573207209832 -2.6179938779914944
 1.1580772919115316 -2.6179938779914944
 1.1703972631020798 -2.6179938779914944
 1.182717234292628 -2.6179938779914944
 1.1950372054831762 -2.6179938779914944
 1.2073571766737243 -2.6179938779914944
 1.2196771478642727 -2.6179938779914944
 1.231997119054821 -2.6179938779914944
 1.244317090245369 -2.6179938779914944
 1.2566370614359172 -2.6179938779914944
 1.2689570326264654 -2.6179938779914944
 1.2812770038170138 -2.6179938779914944
 1.293596975007562 -2.6179938779914944
 1.3059169461981102 -2.6179938779914944
 1.3182369173886583 -2.6179938779914944
 1.3305568885792065 -2.6179938779914944
 1.3428768597697547 -2.6179938779914944
 1.355196830960303 -2.6179938779914944
 1.3675168021508513 -2.6179938779914944
 1.3798367733413994 -2.6179938779914944
 1.3921567445319476 -2.6179938779914944
 1.4044767157224958 -2.6179938779914944
 1.416796686913044 -2.6179938779914944
 1.4291166581035921 -2.6179938779914944
 1.4414366292941403 -2.6179938779914944
 1.4537566004846885 -2.6179938779914944
 1.4660765716752366 -2.6179938779914944
 1.4783965428657848 -2.6179938779914944
 1.4907165140563332 -2.6179938779914944
 1.5030364852468814 -2.6179938779914944
 1.5153564564374296 -2.6179938779914944
 1.5276764276279777 -2.6179938779914944
 1.539996398818526 -2.6179938779914944
 1.5523163700090743 -2.6179938779914944
 1.5646363411996225 -2.6179938779914944
 1.5769563123901706 -2.6179938779914944
 1.5892762835807188 -2.6179938779914944
 1.601596254771267 -2.6179938779914944
 1.6139162259618154 -2.6179938779914944
 1.6262361971523636 -2.6179938779914944
 1.6385561683429117 -2.6179938779914944
 1.65087613953346 -2.6179938779914944
 1.663196110724008 -2.6179938779914944
 1.6755160819145565 -2.6179938779914944
 1.6878360531051047 -2.6179938779914944
 1.7001560242956528 -2.6179938779914944
 1.712475995486201 -2.6179938779914944
 1.7247959666767492 -2.6179938779914944
 1.7371159378672973 -2.6179938779914944
 1.7494359090578457 -2.6179938779914944
 1.761755880248394 -2.6179938779914944
 1.774075851438942 -2.6179938779914944
 1.7863958226294903 -2.6179938779914944
 1.7987157938200384 -2.6179938779914944
 1.8110357650105866 -2.6179938779914944
 1.8233557362011348 -2.6179938779914944
 1.835675707391683 -2.6179938779914944
 1.8479956785822311 -2.6179938779914944
 1.8603156497727793 -2.6179938779914944
 1.8726356209633275 -2.6179938779914944
 1.8849555921538759 -2.6179938779914944
 1.897275563344424 -2.6179938779914944
 1.9095955345349722 -2.6179938779914944
 1.9219155057255204 -2.6179938779914944
 1.9342354769160686 -2.6179938779914944
 1.946555448106617 -2.6179938779914944
 1.9588754192971651 -2.6179938779914944
 1.9711953904877133 -2.6179938779914944
 1.9835153616782615 -2.6179938779914944
 1.9958353328688097 -2.6179938779914944
 2.008155304059358 -2.6179938779914944
 2.0204752752499058 -2.6179938779914944
 2.032795246440454 -2.6179938779914944
 2.0451152176310026 -2.6179938779914944
 2.0574351888215507 -2.6179938779914944
 2.069755160012099 -2.6179938779914944
 2.082075131202647 -2.6179938779914944
 2.0943951023931953 -2.6179938779914944
 2.1067150735837434 -2.6179938779914944
 2.1190350447742916 -2.6179938779914944
 2.13135501596484 -2.6179938779914944
 2.143674987155388 -2.6179938779914944
 2.155994958345936 -2.6179938779914944
 2.1683149295364843 -2.6179938779914944
 2.180634900727033 -2.6179938779914944
 2.192954871917581 -2.6179938779914944
 2.2052748431081293 -2.6179938779914944
 2.2175948142986774 -2.6179938779914944
 2.2299147854892256 -2.6179938779914944
 2.242234756679774 -2.6179938779914944
 2.254554727870322 -2.6179938779914944
 2.26687469906087 -2.6179938779914944
 2.2791946702514183 -2.6179938779914944
 2.2915146414419665 -2.6179938779914944
 2.303834612632515 -2.6179938779914944
 2.3161545838230633 -2.6179938779914944
 2.3284745550136114 -2.6179938779914944
 2.3407945262041596 -2.6179938779914944
 2.353114497394708 -2.6179938779914944
 2.365434468585256 -2.6179938779914944
 2.377754439775804 -2.6179938779914944
 2.3900744109663523 -2.6179938779914944
 2.4023943821569005 -2.6179938779914944
 2.4147143533474487 -2.6179938779914944
 2.427034324537997 -2.6179938779914944
 2.4393542957285455 -2.6179938779914944
 2.4516742669190936 -2.6179938779914944
 2.463994238109642 -2.6179938779914944
 2.47631420930019 -2.6179938779914944
 2.488634180490738 -2.6179938779914944
 2.5009541516812863 -2.6179938779914944
 2.5132741228718345 -2.6179938779914944
 2.5255940940623827 -2.6179938779914944
 2.537914065252931 -2.6179938779914944
 2.550234036443479 -2.6179938779914944
 2.5625540076340276 -2.6179938779914944
 2.574873978824576 -2.6179938779914944
 2.587193950015124 -2.6179938779914944
 2.599513921205672 -2.6179938779914944
 2.6118338923962203 -2.6179938779914944
 2.6241538635867685 -2.6179938779914944
 2.6364738347773167 -2.6179938779914944
 2.648793805967865 -2.6179938779914944
 2.661113777158413 -2.6179938779914944
 2.673433748348961 -2.6179938779914944
 2.6857537195395094 -2.6179938779914944
 2.698073690730058 -2.6179938779914944
 2.710393661920606 -2.6179938779914944
 2.7227136331111543 -2.6179938779914944
 2.7350336043017025 -2.6179938779914944
 2.7473535754922507 -2.6179938779914944
 2.759673546682799 -2.6179938779914944
 2.771993517873347 -2.6179938779914944
 2.784313489063895 -2.6179938779914944
 2.7966334602544434 -2.6179938779914944
 2.8089534314449915 -2.6179938779914944
 2.8212734026355393 -2.6179938779914944
 2.833593373826088 -2.6179938779914944
 2.845913345016636 -2.6179938779914944
 2.8582333162071842 -2.6179938779914944
 2.8705532873977324 -2.6179938779914944
 2.8828732585882806 -2.6179938779914944
 2.8951932297788288 -2.6179938779914944
 2.907513200969377 -2.6179938779914944
 2.919833172159925 -2.6179938779914944
 2.9321531433504733 -2.6179938779914944
 2.9444731145410215 -2.6179938779914944
 2.9567930857315696 -2.6179938779914944
 2.9691130569221182 -2.6179938779914944
 2.9814330281126664 -2.6179938779914944
 2.9937529993032146 -2.6179938779914944
 3.0060729704937628 -2.6179938779914944
 3.018392941684311 -2.6179938779914944
 3.030712912874859 -2.6179938779914944
 3.0430328840654073 -2.6179938779914944
 3.0553528552559555 -2.6179938779914944
 3.0676728264465036 -2.6179938779914944
 3.079992797637052 -2.6179938779914944
 3.0923127688276004 -2.6179938779914944
 3.1046327400181486 -2.6179938779914944
 3.1169527112086968 -2.6179938779914944
 3.129272682399245 -2.6179938779914944
 3.141592653589793 -2.6179938779914944
 0 -2.0943951023931957
 0.012319971190548208 -2.0943951023931957
 0.024639942381096416 -2.0943951023931957
 0.036959913571644624 -2.0943951023931957
 0.04927988476219283 -2.0943951023931957
 0.06159985595274104 -2.0943951023931957
 0.07391982714328925 -2.0943951023931957
 0.08623979833383746 -2.0943951023931957
 0.09855976952438567 -2.0943951023931957
 0.11087974071493388 -2.0943951023931957
 0.12319971190548208 -2.0943951023931957
 0.13551968309603027 -2.0943951023931957
 0.1478396542865785 -2.0943951023931957
 0.16015962547712673 -2.0943951023931957
 0.17247959666767493 -2.0943951023931957
 0.1847995678582231 -2.0943951023931957
 0.19711953904877133 -2.0943951023931957
 0.20943951023931956 -2.0943951023931957
 0.22175948142986776 -2.0943951023931957
 0.23407945262041593 -2.0943951023931957
 0.24639942381096416 -2.0943951023931957
 0.25871939500151236 -2.0943951023931957
 0.27103936619206054 -2.0943951023931957
 0.28335933738260877 -2.0943951023931957
 0.295679308573157 -2.0943951023931957
 0.3079992797637052 -2.0943951023931957
 0.32031925095425345 -2.0943951023931957
 0.3326392221448016 -2.0943951023931957
 0.34495919333534986 -2.0943951023931957
 0.35727916452589803 -2.0943951023931957
 0.3695991357164462 -2.0943951023931957
 0.38191910690699443 -2.0943951023931957
 0.39423907809754266 -2.0943951023931957
 0.4065590492880909 -2.0943951023931957
 0.4188790204786391 -2.0943951023931957
 0.4311989916691873 -2.0943951023931957
 0.4435189628597355 -2.0943951023931957
 0.4558389340502837 -2.0943951023931957
 0.46815890524083187 -2.0943951023931957
 0.4804788764313801 -2.0943951023931957
 0.4927988476219283 -2.0943951023931957
 0.5051188188124764 -2.0943951023931957
 0.5174387900030247 -2.0943951023931957
 0.5297587611935729 -2.0943951023931957
 0.5420787323841211 -2.0943951023931957
 0.5543987035746694 -2.0943951023931957
 0.5667186747652175 -2.0943951023931957
 0.5790386459557658 -2.0943951023931957
 0.591358617146314 -2.0943951023931957
 0.6036785883368622 -2.0943951023931957
 0.6159985595274104 -2.0943951023931957
 0.6283185307179586 -2.0943951023931957
 0.6406385019085069 -2.0943951023931957
 0.6529584730990551 -2.0943951023931957
 0.6652784442896033 -2.0943951023931957
 0.6775984154801515 -2.0943951023931957
 0.6899183866706997 -2.0943951023931957
 0.7022383578612479 -2.0943951023931957
 0.7145583290517961 -2.0943951023931957
 0.7268783002423442 -2.0943951023931957
 0.7391982714328924 -2.0943951023931957
 0.7515182426234407 -2.0943951023931957
 0.7638382138139889 -2.0943951023931957
 0.7761581850045371 -2.0943951023931957
 0.7884781561950853 -2.0943951023931957
 0.8007981273856335 -2.0943951023931957
 0.8131180985761818 -2.0943951023931957
 0.82543806976673 -2.0943951023931957
 0.8377580409572782 -2.0943951023931957
 0.8500780121478264 -2.0943951023931957
 0.8623979833383746 -2.0943951023931957
 0.8747179545289229 -2.0943951023931957
 0.887037925719471 -2.0943951023931957
 0.8993578969100192 -2.0943951023931957
 0.9116778681005674 -2.0943951023931957
 0.9239978392911156 -2.0943951023931957
 0.9363178104816637 -2.0943951023931957
 0.948637781672212 -2.0943951023931957
 0.9609577528627602 -2.0943951023931957
 0.9732777240533085 -2.0943951023931957
 0.9855976952438567 -2.0943951023931957
 0.9979176664344048 -2.0943951023931957
 1.0102376376249529 -2.0943951023931957
 1.0225576088155013 -2.0943951023931957
 1.0348775800060495 -2.0943951023931957
 1.0471975511965976 -2.0943951023931957
 1.0595175223871458 -2.0943951023931957
 1.071837493577694 -2.0943951023931957
 1.0841574647682422 -2.0943951023931957
 1.0964774359587905 -2.0943951023931957
 1.1087974071493387 -2.0943951023931957
 1.121117378339887 -2.0943951023931957
 1.133437349530435 -2.0943951023931957
 1.1457573207209832 -2.0943951023931957
 1.1580772919115316 -2.0943951023931957
 1.1703972631020798 -2.0943951023931957
 1.182717234292628 -2.0943951023931957
 1.1950372054831762 -2.0943951023931957
 1.2073571766737243 -2.0943951023931957
 1.2196771478642727 -2.0943951023931957
 1.231997119054821 -2.0943951023931957
 1.244317090245369 -2.0943951023931957
 1.2566370614359172 -2.0943951023931957
 1.2689570326264654 -2.0943951023931957
 1.2812770038170138 -2.0943951023931957
 1.293596975007562 -2.0943951023931957
 1.3059169461981102 -2.0943951023931957
 1.3182369173886583 -2.0943951023931957
 1.3305568885792065 -2.0943951023931957
 1.3428768597697547 -2.0943951023931957
 1.355196830960303 -2.0943951023931957
 1.3675168021508513 -2.0943951023931957
 1.3798367733413994 -2.0943951023931957
 1.3921567445319476 -2.0943951023931957
 1.4044767157224958 -2.0943951023931957
 1.416796686913044 -2.0943951023931957
 1.4291166581035921 -2.0943951023931957
 1.4414366292941403 -2.0943951023931957
 1.4537566004846885 -2.0943951023931957
 1.4660765716752366 -2.0943951023931957
 1.4783965428657848 -2.0943951023931957
 1.4907165140563332 -2.0943951023931957
 1.5030364852468814 -2.0943951023931957
 1.5153564564374296 -2.0943951023931957
 1.5276764276279777 -2.0943951023931957
 1.539996398818526 -2.0943951023931957
 1.5523163700090743 -2.0943951023931957
 1.5646363411996225 -2.0943951023931957
 1.5769563123901706 -2.0943951023931957
 1.5892762835807188 -2.0943951023931957
 1.601596254771267 -2.0943951023931957
 1.6139162259618154 -2.0943951023931957
 1.6262361971523636 -2.0943951023931957
 1.6385561683429117 -2.0943951023931957
 1.65087613953346 -2.0943951023931957
 1.663196110724008 -2.0943951023931957
 1.6755160819145565 -2.0943951023931957
 1.6878360531051047 -2.0943951023931957
 1.7001560242956528 -2.0943951023931957
 1.712475995486201 -2.0943951023931957
 1.7247959666767492 -2.0943951023931957
 1.7371159378672973 -2.0943951023931957
 1.7494359090578457 -2.0943951023931957
 1.761755880248394 -2.0943951023931957
 1.774075851438942 -2.0943951023931957
 1.7863958226294903 -2.0943951023931957
 1.7987157938200384 -2.0943951023931957
 1.8110357650105866 -2.0943951023931957
 1.8233557362011348 -2.0943951023931957
 1.835675707391683 -2.0943951023931957
 1.8479956785822311 -2.0943951023931957
 1.8603156497727793 -2.0943951023931957
 1.8726356209633275 -2.0943951023931957
 1.8849555921538759 -2.0943951023931957
 1.897275563344424 -2.0943951023931957
 1.9095955345349722 -2.0943951023931957
 1.9219155057255204 -2.0943951023931957
 1.9342354769160686 -2.0943951023931957
 1.946555448106617 -2.0943951023931957
 1.9588754192971651 -2.0943951023931957
 1.9711953904877133 -2.0943951023931957
 1.9835153616782615 -2.0943951023931957
 1.9958353328688097 -2.0943951023931957
 2.008155304059358 -2.0943951023931957
 2.0204752752499058 -2.0943951023931957
 2.032795246440454 -2.0943951023931957
 2.0451152176310026 -2.0943951023931957
 2.0574351888215507 -2.0943951023931957
 2.069755160012099 -2.0943951023931957
 2.082075131202647 -2.0943951023931957
 2.0943951023931953 -2.0943951023931957
 2.1067150735837434 -2.0943951023931957
 2.1190350447742916 -2.0943951023931957
 2.13135501596484 -2.0943951023931957
 2.143674987155388 -2.0943951023931957
 2.155994958345936 -2.0943951023931957
 2.1683149295364843 -2.0943951023931957
 2.180634900727033 -2.0943951023931957
 2.192954871917581 -2.0943951023931957
 2.2052748431081293 -2.0943951023931957
 2.2175948142986774 -2.0943951023931957
 2.2299147854892256 -2.0943951023931957
 2.242234756679774 -2.0943951023931957
 2.254554727870322 -2.0943951023931957
 2.26687469906087 -2.0943951023931957
 2.2791946702514183 -2.0943951023931957
 2.2915146414419665 -2.0943951023931957
 2.303834612632515 -2.0943951023931957
 2.3161545838230633 -2.0943951023931957
 2.3284745550136114 -2.0943951023931957
 2.3407945262041596 -2.0943951023931957
 2.353114497394708 -2.0943951023931957
 2.365434468585256 -2.0943951023931957
 2.377754439775804 -2.0943951023931957
 2.3900744109663523 -2.0943951023931957
 2.4023943821569005 -2.0943951023931957
 2.4147143533474487 -2.0943951023931957
 2.427034324537997 -2.0943951023931957
 2.4393542957285455 -2.0943951023931957
 2.4516742669190936 -2.0943951023931957
 2.463994238109642 -2.0943951023931957
 2.47631420930019 -2.0943951023931957
 2.488634180490738 -2.0943951023931957
 2.5009541516812863 -2.0943951023931957
 2.5132741228718345 -2.0943951023931957
 2.5255940940623827 -2.0943951023931957
 2.537914065252931 -2.0943951023931957
 2.550234036443479 -2.0943951023931957
 2.5625540076340276 -2.0943951023931957
 2.574873978824576 -2.0943951023931957
 2.587193950015124 -2.0943951023931957
 2.599513921205672 -2.0943951023931957
 2.6118338923962203 -2.0943951023931957
 2.6241538635867685 -2.0943951023931957
 2.6364738347773167 -2.0943951023931957
 2.648793805967865 -2.0943951023931957
 2.661113777158413 -2.0943951023931957
 2.673433748348961 -2.0943951023931957
 2.6857537195395094 -2.0943951023931957
 2.698073690730058 -2.0943951023931957
 2.710393661920606 -2.0943951023931957
 2.7227136331111543 -2.0943951023931957
 2.7350336043017025 -2.0943951023931957
 2.7473535754922507 -2.0943951023931957
 2.759673546682799 -2.0943951023931957
 2.771993517873347 -2.0943951023931957
 2.784313489063895 -2.0943951023931957
 2.7966334602544434 -2.0943951023931957
 2.8089534314449915 -2.0943951023931957
 2.8212734026355393 -2.0943951023931957
 2.833593373826088 -2.0943951023931957
 2.845913345016636 -2.0943951023931957
 2.8582333162071842 -2.0943951023931957
 2.8705532873977324 -2.0943951023931957
 2.8828732585882806 -2.0943951023931957
 2.8951932297788288 -2.0943951023931957
 2.907513200969377 -2.0943951023931957
 2.919833172159925 -2.0943951023931957
 2.9321531433504733 -2.0943951023931957
 2.9444731145410215 -2.0943951023931957
 2.9567930857315696 -2.0943951023931957
 2.9691130569221182 -2.0943951023931957
 2.9814330281126664 -2.0943951023931957
 2.9937529993032146 -2.0943951023931957
 3.0060729704937628 -2.0943951023931957
 3.018392941684311 -2.0943951023931957
 3.030712912874859 -2.0943951023931957
 3.0430328840654073 -2.0943951023931957
 3.0553528552559555 -2.0943951023931957
 3.0676728264465036 -2.0943951023931957
 3.079992797637052 -2.0943951023931957
 3.0923127688276004 -2.0943951023931957
 3.1046327400181486 -2.0943951023931957
 3.1169527112086968 -2.0943951023931957
 3.129272682399245 -2.0943951023931957
 3.141592653589793 -2.0943951023931957
 0 -1.570796326794897
 0.012319971190548208 -1.570796326794897
 0.024639942381096416 -1.570796326794897
 0.036959913571644624 -1.570796326794897
 0.04927988476219283 -1.570796326794897
 0.06159985595274104 -1.570796326794897
 0.07391982714328925 -1.570796326794897
 0.08623979833383746 -1.570796326794897
 0.09855976952438567 -1.570796326794897
 0.11087974071493388 -1.570796326794897
 0.12319971190548208 -1.570796326794897
 0.13551968309603027 -1.570796326794897
 0.1478396542865785 -1.570796326794897
 0.16015962547712673 -1.570796326794897
 0.17247959666767493 -1.570796326794897
 0.1847995678582231 -1.570796326794897
 0.19711953904877133 -1.570796326794897
 0.20943951023931956 -1.570796326794897
 0.22175948142986776 -1.570796326794897
 0.23407945262041593 -1.570796326794897
 0.24639942381096416 -1.570796326794897
 0.25871939500151236 -1.570796326794897
 0.27103936619206054 -1.570796326794897
 0.28335933738260877 -1.570796326794897
 0.295679308573157 -1.570796326794897
 0.3079992797637052 -1.570796326794897
 0.32031925095425345 -1.570796326794897
 0.3326392221448016 -1.570796326794897
 0.34495919333534986 -1.570796326794897
 0.35727916452589803 -1.570796326794897
 0.3695991357164462 -1.570796326794897
 0.38191910690699443 -1.570796326794897
 0.39423907809754266 -1.570796326794897
 0.4065590492880909 -1.570796326794897
 0.4188790204786391 -1.570796326794897
 0.4311989916691873 -1.570796326794897
 0.4435189628597355 -1.570796326794897
 0.4558389340502837 -1.570796326794897
 0.46815890524083187 -1.570796326794897
 0.4804788764313801 -1.570796326794897
 0.4927988476219283 -1.570796326794897
 0.5051188188124764 -1.570796326794897
 0.5174387900030247 -1.570796326794897
 0.5297587611935729 -1.570796326794897
 0.5420787323841211 -1.570796326794897
 0.5543987035746694 -1.570796326794897
 0.5667186747652175 -1.570796326794897
 0.5790386459557658 -1.570796326794897
 0.591358617146314 -1.570796326794897
 0.6036785883368622 -1.570796326794897
 0.6159985595274104 -1.570796326794897
 0.6283185307179586 -1.570796326794897
 0.6406385019085069 -1.570796326794897
 0.6529584730990551 -1.570796326794897
 0.6652784442896033 -1.570796326794897
 0.6775984154801515 -1.570796326794897
 0.6899183866706997 -1.570796326794897
 0.7022383578612479 -1.570796326794897
 0.7145583290517961 -1.570796326794897
 0.7268783002423442 -1.570796326794897
 0.7391982714328924 -1.570796326794897
 0.7515182426234407 -1.570796326794897
 0.7638382138139889 -1.570796326794897
 0.7761581850045371 -1.570796326794897
 0.7884781561950853 -1.570796326794897
 0.8007981273856335 -1.570796326794897
 0.8131180985761818 -1.570796326794897
 0.82543806976673 -1.570796326794897
 0.8377580409572782 -1.570796326794897
 0.8500780121478264 -1.570796326794897
 0.8623979833383746 -1.570796326794897
 0.8747179545289229 -1.570796326794897
 0.887037925719471 -1.570796326794897
 0.8993578969100192 -1.570796326794897
 0.9116778681005674 -1.570796326794897
 0.9239978392911156 -1.570796326794897
 0.9363178104816637 -1.570796326794897
 0.948637781672212 -1.570796326794897
 0.9609577528627602 -1.570796326794897
 0.9732777240533085 -1.570796326794897
 0.9855976952438567 -1.570796326794897
 0.9979176664344048 -1.570796326794897
 1.0102376376249529 -1.570796326794897
 1.0225576088155013 -1.570796326794897
 1.0348775800060495 -1.570796326794897
 1.0471975511965976 -1.570796326794897
 1.0595175223871458 -1.570796326794897
 1.071837493577694 -1.570796326794897
 1.0841574647682422 -1.570796326794897
 1.0964774359587905 -1.570796326794897
 1.1087974071493387 -1.570796326794897
 1.121117378339887 -1.570796326794897
 1.133437349530435 -1.570796326794897
 1.1457573207209832 -1.570796326794897
 1.1580772919115316 -1.570796326794897
 1.1703972631020798 -1.570796326794897
 1.182717234292628 -1.570796326794897
 1.1950372054831762 -1.570796326794897
 1.2073571766737243 -1.570796326794897
 1.2196771478642727 -1.570796326794897
 1.231997119054821 -1.570796326794897
 1.244317090245369 -1.570796326794897
 1.2566370614359172 -1.570796326794897
 1.2689570326264654 -1.570796326794897
 1.2812770038170138 -1.570796326794897
 1.293596975007562 -1.570796326794897
 1.3059169461981102 -1.570796326794897
 1.3182369173886583 -1.570796326794897
 1.3305568885792065 -1.570796326794897
 1.3428768597697547 -1.570796326794897
 1.355196830960303 -1.570796326794897
 1.3675168021508513 -1.570796326794897
 1.3798367733413994 -1.570796326794897
 1.3921567445319476 -1.570796326794897
 1.4044767157224958 -1.570796326794897
 1.416796686913044 -1.570796326794897
 1.4291166581035921 -1.570796326794897
 1.4414366292941403 -1.570796326794897
 1.4537566004846885 -1.570796326794897
 1.4660765716752366 -1.570796326794897
 1.4783965428657848 -1.570796326794897
 1.4907165140563332 -1.570796326794897
 1.5030364852468814 -1.570796326794897
 1.5153564564374296 -1.570796326794897
 1.5276764276279777 -1.570796326794897
 1.539996398818526 -1.570796326794897
 1.5523163700090743 -1.570796326794897
 1.5646363411996225 -1.570796326794897
 1.5769563123901706 -1.570796326794897
 1.5892762835807188 -1.570796326794897
 1.601596254771267 -1.570796326794897
 1.6139162259618154 -1.570796326794897
 1.6262361971523636 -1.570796326794897
 1.6385561683429117 -1.570796326794897
 1.65087613953346 -1.570796326794897
 1.663196110724008 -1.570796326794897
 1.6755160819145565 -1.570796326794897
 1.6878360531051047 -1.570796326794897
 1.7001560242956528 -1.570796326794897
 1.712475995486201 -1.570796326794897
 1.7247959666767492 -1.570796326794897
 1.7371159378672973 -1.570796326794897
 1.7494359090578457 -1.570796326794897
 1.761755880248394 -1.570796326794897
 1.774075851438942 -1.570796326794897
 1.7863958226294903 -1.570796326794897
 1.7987157938200384 -1.570796326794897
 1.8110357650105866 -1.570796326794897
 1.8233557362011348 -1.570796326794897
 1.835675707391683 -1.570796326794897
 1.8479956785822311 -1.570796326794897
 1.8603156497727793 -1.570796326794897
 1.8726356209633275 -1.570796326794897
 1.8849555921538759 -1.570796326794897
 1.897275563344424 -1.570796326794897
 1.9095955345349722 -1.570796326794897
 1.9219155057255204 -1.570796326794897
 1.9342354769160686 -1.570796326794897
 1.946555448106617 -1.570796326794897
 1.9588754192971651 -1.570796326794897
 1.9711953904877133 -1.570796326794897
 1.9835153616782615 -1.570796326794897
 1.9958353328688097 -1.570796326794897
 2.008155304059358 -1.570796326794897
 2.0204752752499058 -1.570796326794897
 2.032795246440454 -1.570796326794897
 2.0451152176310026 -1.570796326794897
 2.0574351888215507 -1.570796326794897
 2.069755160012099 -1.570796326794897
 2.082075131202647 -1.570796326794897
 2.0943951023931953 -1.570796326794897
 2.1067150735837434 -1.570796326794897
 2.1190350447742916 -1.570796326794897
 2.13135501596484 -1.570796326794897
 2.143674987155388 -1.570796326794897
 2.155994958345936 -1.570796326794897
 2.1683149295364843 -1.570796326794897
 2.180634900727033 -1.570796326794897
 2.192954871917581 -1.570796326794897
 2.2052748431081293 -1.570796326794897
 2.2175948142986774 -1.570796326794897
 2.2299147854892256 -1.570796326794897
 2.242234756679774 -1.570796326794897
 2.254554727870322 -1.570796326794897
 2.26687469906087 -1.570796326794897
 2.2791946702514183 -1.570796326794897
 2.2915146414419665 -1.570796326794897
 2.303834612632515 -1.570796326794897
 2.3161545838230633 -1.570796326794897
 2.3284745550136114 -1.570796326794897
 2.3407945262041596 -1.570796326794897
 2.353114497394708 -1.570796326794897
 2.365434468585256 -1.570796326794897
 2.377754439775804 -1.570796326794897
 2.3900744109663523 -1.570796326794897
 2.4023943821569005 -1.570796326794897
 2.4147143533474487 -1.570796326794897
 2.427034324537997 -1.570796326794897
 2.4393542957285455 -1.570796326794897
 2.4516742669190936 -1.570796326794897
 2.463994238109642 -1.570796326794897
 2.47631420930019 -1.570796326794897
 2.488634180490738 -1.570796326794897
 2.5009541516812863 -1.570796326794897
 2.5132741228718345 -1.570796326794897
 2.5255940940623827 -1.570796326794897
 2.537914065252931 -1.570796326794897
 2.550234036443479 -1.570796326794897
 2.5625540076340276 -1.570796326794897
 2.574873978824576 -1.570796326794897
 2.587193950015124 -1.570796326794897
 2.599513921205672 -1.570796326794897
 2.6118338923962203 -1.570796326794897
 2.6241538635867685 -1.570796326794897
 2.6364738347773167 -1.570796326794897
 2.648793805967865 -1.570796326794897
 2.661113777158413 -1.570796326794897
 2.673433748348961 -1.570796326794897
 2.6857537195395094 -1.570796326794897
 2.698073690730058 -1.570796326794897
 2.710393661920606 -1.570796326794897
 2.7227136331111543 -1.570796326794897
 2.7350336043017025 -1.570796326794897
 2.7473535754922507 -1.570796326794897
 2.759673546682799 -1.570796326794897
 2.771993517873347 -1.570796326794897
 2.784313489063895 -1.570796326794897
 2.7966334602544434 -1.570796326794897
 2.8089534314449915 -1.570796326794897
 2.8212734026355393 -1.570796326794897
 2.833593373826088 -1.570796326794897
 2.845913345016636 -1.570796326794897
 2.8582333162071842 -1.570796326794897
 2.8705532873977324 -1.570796326794897
 2.8828732585882806 -1.570796326794897
 2.8951932297788288 -1.570796326794897
 2.907513200969377 -1.570796326794897
 2.919833172159925 -1.570796326794897
 2.9321531433504733 -1.570796326794897
 2.9444731145410215 -1.570796326794897
 2.9567930857315696 -1.570796326794897
 2.9691130569221182 -1.570796326794897
 2.9814330281126664 -1.570796326794897
 2.9937529993032146 -1.570796326794897
 3.0060729704937628 -1.570796326794897
 3.018392941684311 -1.570796326794897
 3.030712912874859 -1.570796326794897
 3.0430328840654073 -1.570796326794897
 3.0553528552559555 -1.570796326794897
 3.0676728264465036 -1.570796326794897
 3.079992797637052 -1.570796326794897
 3.0923127688276004 -1.570796326794897
 3.1046327400181486 -1.570796326794897
 3.1169527112086968 -1.570796326794897
 3.129272682399245 -1.570796326794897
 3.141592653589793 -1.570796326794897
 0 -1.0471975511965983
 0.012319971190548208 -1.0471975511965983
 0.024639942381096416 -1.0471975511965983
 0.036959913571644624 -1.0471975511965983
 0.04927988476219283 -1.0471975511965983
 0.06159985595274104 -1.0471975511965983
 0.07391982714328925 -1.0471975511965983
 0.08623979833383746 -1.0471975511965983
 0.09855976952438567 -1.0471975511965983
 0.11087974071493388 -1.0471975511965983
 0.12319971190548208 -1.0471975511965983
 0.13551968309603027 -1.0471975511965983
 0.1478396542865785 -1.0471975511965983
 0.16015962547712673 -1.0471975511965983
 0.17247959666767493 -1.0471975511965983
 0.1847995678582231 -1.0471975511965983
 0.19711953904877133 -1.0471975511965983
 0.20943951023931956 -1.0471975511965983
 0.22175948142986776 -1.0471975511965983
 0.23407945262041593 -1.0471975511965983
 0.24639942381096416 -1.0471975511965983
 0.25871939500151236 -1.0471975511965983
 0.27103936619206054 -1.0471975511965983
 0.28335933738260877 -1.0471975511965983
 0.295679308573157 -1.0471975511965983
 0.3079992797637052 -1.0471975511965983
 0.32031925095425345 -1.0471975511965983
 0.3326392221448016 -1.0471975511965983
 0.34495919333534986 -1.0471975511965983
 0.35727916452589803 -1.0471975511965983
 0.3695991357164462 -1.0471975511965983
 0.38191910690699443 -1.0471975511965983
 0.39423907809754266 -1.0471975511965983
 0.4065590492880909 -1.0471975511965983
 0.4188790204786391 -1.0471975511965983
 0.4311989916691873 -1.0471975511965983
 0.4435189628597355 -1.0471975511965983
 0.4558389340502837 -1.0471975511965983
 0.46815890524083187 -1.0471975511965983
 0.4804788764313801 -1.0471975511965983
 0.4927988476219283 -1.0471975511965983
 0.5051188188124764 -1.0471975511965983
 0.5174387900030247 -1.0471975511965983
 0.5297587611935729 -1.0471975511965983
 0.5420787323841211 -1.0471975511965983
 0.5543987035746694 -1.0471975511965983
 0.5667186747652175 -1.0471975511965983
 0.5790386459557658 -1.0471975511965983
 0.591358617146314 -1.0471975511965983
 0.6036785883368622 -1.0471975511965983
 0.6159985595274104 -1.0471975511965983
 0.6283185307179586 -1.0471975511965983
 0.6406385019085069 -1.0471975511965983
 0.6529584730990551 -1.0471975511965983
 0.6652784442896033 -1.0471975511965983
 0.6775984154801515 -1.0471975511965983
 0.6899183866706997 -1.0471975511965983
 0.7022383578612479 -1.0471975511965983
 0.7145583290517961 -1.0471975511965983
 0.7268783002423442 -1.0471975511965983
 0.7391982714328924 -1.0471975511965983
 0.7515182426234407 -1.0471975511965983
 0.7638382138139889 -1.0471975511965983
 0.7761581850045371 -1.0471975511965983
 0.7884781561950853 -1.0471975511965983
 0.8007981273856335 -1.0471975511965983
 0.8131180985761818 -1.0471975511965983
 0.82543806976673 -1.0471975511965983
 0.8377580409572782 -1.0471975511965983
 0.8500780121478264 -1.0471975511965983
 0.8623979833383746 -1.0471975511965983
 0.8747179545289229 -1.0471975511965983
 0.887037925719471 -1.0471975511965983
 0.8993578969100192 -1.0471975511965983
 0.9116778681005674 -1.0471975511965983
 0.9239978392911156 -1.0471975511965983
 0.9363178104816637 -1.0471975511965983
 0.948637781672212 -1.0471975511965983
 0.9609577528627602 -1.0471975511965983
 0.9732777240533085 -1.0471975511965983
 0.9855976952438567 -1.0471975511965983
 0.9979176664344048 -1.0471975511965983
 1.0102376376249529 -1.0471975511965983
 1.0225576088155013 -1.0471975511965983
 1.0348775800060495 -1.0471975511965983
 1.0471975511965976 -1.0471975511965983
 1.0595175223871458 -1.0471975511965983
 1.071837493577694 -1.0471975511965983
 1.0841574647682422 -1.0471975511965983
 1.0964774359587905 -1.0471975511965983
 1.1087974071493387 -1.0471975511965983
 1.121117378339887 -1.0471975511965983
 1.133437349530435 -1.0471975511965983
 1.1457573207209832 -1.0471975511965983
 1.1580772919115316 -1.0471975511965983
 1.1703972631020798 -1.0471975511965983
 1.182717234292628 -1.0471975511965983
 1.1950372054831762 -1.0471975511965983
 1.2073571766737243 -1.0471975511965983
 1.2196771478642727 -1.0471975511965983
 1.231997119054821 -1.0471975511965983
 1.244317090245369 -1.0471975511965983
 1.2566370614359172 -1.0471975511965983
 1.2689570326264654 -1.0471975511965983
 1.2812770038170138 -1.0471975511965983
 1.293596975007562 -1.0471975511965983
 1.3059169461981102 -1.0471975511965983
 1.3182369173886583 -1.0471975511965983
 1.3305568885792065 -1.0471975511965983
 1.3428768597697547 -1.0471975511965983
 1.355196830960303 -1.0471975511965983
 1.3675168021508513 -1.0471975511965983
 1.3798367733413994 -1.0471975511965983
 1.3921567445319476 -1.0471975511965983
 1.4044767157224958 -1.0471975511965983
 1.416796686913044 -1.0471975511965983
 1.4291166581035921 -1.0471975511965983
 1.4414366292941403 -1.0471975511965983
 1.4537566004846885 -1.0471975511965983
 1.4660765716752366 -1.0471975511965983
 1.4783965428657848 -1.0471975511965983
 1.4907165140563332 -1.0471975511965983
 1.5030364852468814 -1.0471975511965983
 1.5153564564374296 -1.0471975511965983
 1.5276764276279777 -1.0471975511965983
 1.539996398818526 -1.0471975511965983
 1.5523163700090743 -1.0471975511965983
 1.5646363411996225 -1.0471975511965983
 1.5769563123901706 -1.0471975511965983
 1.5892762835807188 -1.0471975511965983
 1.601596254771267 -1.0471975511965983
 1.6139162259618154 -1.0471975511965983
 1.6262361971523636 -1.0471975511965983
 1.6385561683429117 -1.0471975511965983
 1.65087613953346 -1.0471975511965983
 1.663196110724008 -1.0471975511965983
 1.6755160819145565 -1.0471975511965983
 1.6878360531051047 -1.0471975511965983
 1.7001560242956528 -1.0471975511965983
 1.712475995486201 -1.0471975511965983
 1.7247959666767492 -1.0471975511965983
 1.7371159378672973 -1.0471975511965983
 1.7494359090578457 -1.0471975511965983
 1.761755880248394 -1.0471975511965983
 1.774075851438942 -1.0471975511965983
 1.7863958226294903 -1.0471975511965983
 1.7987157938200384 -1.0471975511965983
 1.8110357650105866 -1.0471975511965983
 1.8233557362011348 -1.0471975511965983
 1.835675707391683 -1.0471975511965983
 1.8479956785822311 -1.0471975511965983
 1.8603156497727793 -1.0471975511965983
 1.8726356209633275 -1.0471975511965983
 1.8849555921538759 -1.0471975511965983
 1.897275563344424 -1.0471975511965983
 1.9095955345349722 -1.0471975511965983
 1.9219155057255204 -1.0471975511965983
 1.9342354769160686 -1.0471975511965983
 1.946555448106617 -1.0471975511965983
 1.9588754192971651 -1.0471975511965983
 1.9711953904877133 -1.0471975511965983
 1.9835153616782615 -1.0471975511965983
 1.9958353328688097 -1.0471975511965983
 2.008155304059358 -1.0471975511965983
 2.0204752752499058 -1.0471975511965983
 2.032795246440454 -1.0471975511965983
 2.0451152176310026 -1.0471975511965983
 2.0574351888215507 -1.0471975511965983
 2.069755160012099 -1.0471975511965983
 2.082075131202647 -1.0471975511965983
 2.0943951023931953 -1.0471975511965983
 2.1067150735837434 -1.0471975511965983
 2.1190350447742916 -1.0471975511965983
 2.13135501596484 -1.0471975511965983
 2.143674987155388 -1.0471975511965983
 2.155994958345936 -1.0471975511965983
 2.1683149295364843 -1.0471975511965983
 2.180634900727033 -1.0471975511965983
 2.192954871917581 -1.0471975511965983
 2.2052748431081293 -1.0471975511965983
 2.2175948142986774 -1.0471975511965983
 2.2299147854892256 -1.0471975511965983
 2.242234756679774 -1.0471975511965983
 2.254554727870322 -1.0471975511965983
 2.26687469906087 -1.0471975511965983
 2.2791946702514183 -1.0471975511965983
 2.2915146414419665 -1.0471975511965983
 2.303834612632515 -1.0471975511965983
 2.3161545838230633 -1.0471975511965983
 2.3284745550136114 -1.0471975511965983
 2.3407945262041596 -1.0471975511965983
 2.353114497394708 -1.0471975511965983
 2.365434468585256 -1.0471975511965983
 2.377754439775804 -1.0471975511965983
 2.3900744109663523 -1.0471975511965983
 2.4023943821569005 -1.0471975511965983
 2.4147143533474487 -1.0471975511965983
 2.427034324537997 -1.0471975511965983
 2.4393542957285455 -1.0471975511965983
 2.4516742669190936 -1.0471975511965983
 2.463994238109642 -1.0471975511965983
 2.47631420930019 -1.0471975511965983
 2.488634180490738 -1.0471975511965983
 2.5009541516812863 -1.0471975511965983
 2.5132741228718345 -1.0471975511965983
 2.5255940940623827 -1.0471975511965983
 2.537914065252931 -1.0471975511965983
 2.550234036443479 -1.0471975511965983
 2.5625540076340276 -1.0471975511965983
 2.574873978824576 -1.0471975511965983
 2.587193950015124 -1.0471975511965983
 2.599513921205672 -1.0471975511965983
 2.6118338923962203 -1.0471975511965983
 2.6241538635867685 -1.0471975511965983
 2.6364738347773167 -1.0471975511965983
 2.648793805967865 -1.0471975511965983
 2.661113777158413 -1.0471975511965983
 2.673433748348961 -1.0471975511965983
 2.6857537195395094 -1.0471975511965983
 2.698073690730058 -1.0471975511965983
 2.710393661920606 -1.0471975511965983
 2.7227136331111543 -1.0471975511965983
 2.7350336043017025 -1.0471975511965983
 2.7473535754922507 -1.0471975511965983
 2.759673546682799 -1.0471975511965983
 2.771993517873347 -1.0471975511965983
 2.784313489063895 -1.0471975511965983
 2.7966334602544434 -1.0471975511965983
 2.8089534314449915 -1.0471975511965983
 2.8212734026355393 -1.0471975511965983
 2.833593373826088 -1.0471975511965983
 2.845913345016636 -1.0471975511965983
 2.8582333162071842 -1.0471975511965983
 2.8705532873977324 -1.0471975511965983
 2.8828732585882806 -1.0471975511965983
 2.8951932297788288 -1.0471975511965983
 2.907513200969377 -1.0471975511965983
 2.919833172159925 -1.0471975511965983
 2.9321531433504733 -1.0471975511965983
 2.9444731145410215 -1.0471975511965983
 2.9567930857315696 -1.0471975511965983
 2.9691130569221182 -1.0471975511965983
 2.9814330281126664 -1.0471975511965983
 2.9937529993032146 -1.0471975511965983
 3.0060729704937628 -1.0471975511965983
 3.018392941684311 -1.0471975511965983
 3.030712912874859 -1.0471975511965983
 3.0430328840654073 -1.0471975511965983
 3.0553528552559555 -1.0471975511965983
 3.0676728264465036 -1.0471975511965983
 3.079992797637052 -1.0471975511965983
 3.0923127688276004 -1.0471975511965983
 3.1046327400181486 -1.0471975511965983
 3.1169527112086968 -1.0471975511965983
 3.129272682399245 -1.0471975511965983
 3.141592653589793 -1.0471975511965983
 0 -0.5235987755982995
 0.012319971190548208 -0.5235987755982995
 0.024639942381096416 -0.5235987755982995
 0.036959913571644624 -0.5235987755982995
 0.04927988476219283 -0.5235987755982995
 0.06159985595274104 -0.5235987755982995
 0.07391982714328925 -0.5235987755982995
 0.08623979833383746 -0.5235987755982995
 0.09855976952438567 -0.5235987755982995
 0.11087974071493388 -0.5235987755982995
 0.12319971190548208 -0.5235987755982995
 0.13551968309603027 -0.5235987755982995
 0.1478396542865785 -0.5235987755982995
 0.16015962547712673 -0.5235987755982995
 0.17247959666767493 -0.5235987755982995
 0.1847995678582231 -0.5235987755982995
 0.19711953904877133 -0.5235987755982995
 0.20943951023931956 -0.5235987755982995
 0.22175948142986776 -0.5235987755982995
 0.23407945262041593 -0.5235987755982995
 0.24639942381096416 -0.5235987755982995
 0.25871939500151236 -0.5235987755982995
 0.27103936619206054 -0.5235987755982995
 0.28335933738260877 -0.5235987755982995
 0.295679308573157 -0.5235987755982995
 0.3079992797637052 -0.5235987755982995
 0.32031925095425345 -0.5235987755982995
 0.3326392221448016 -0.5235987755982995
 0.34495919333534986 -0.5235987755982995
 0.35727916452589803 -0.5235987755982995
 0.3695991357164462 -0.5235987755982995
 0.38191910690699443 -0.5235987755982995
 0.39423907809754266 -0.5235987755982995
 0.4065590492880909 -0.5235987755982995
 0.4188790204786391 -0.5235987755982995
 0.4311989916691873 -0.5235987755982995
 0.4435189628597355 -0.5235987755982995
 0.4558389340502837 -0.5235987755982995
 0.46815890524083187 -0.5235987755982995
 0.4804788764313801 -0.5235987755982995
 0.4927988476219283 -0.5235987755982995
 0.5051188188124764 -0.5235987755982995
 0.5174387900030247 -0.5235987755982995
 0.5297587611935729 -0.5235987755982995
 0.5420787323841211 -0.5235987755982995
 0.5543987035746694 -0.5235987755982995
 0.5667186747652175 -0.5235987755982995
 0.5790386459557658 -0.5235987755982995
 0.591358617146314 -0.5235987755982995
 0.6036785883368622 -0.5235987755982995
 0.6159985595274104 -0.5235987755982995
 0.6283185307179586 -0.5235987755982995
 0.6406385019085069 -0.5235987755982995
 0.6529584730990551 -0.5235987755982995
 0.6652784442896033 -0.5235987755982995
 0.6775984154801515 -0.5235987755982995
 0.6899183866706997 -0.5235987755982995
 0.7022383578612479 -0.5235987755982995
 0.7145583290517961 -0.5235987755982995
 0.7268783002423442 -0.5235987755982995
 0.7391982714328924 -0.5235987755982995
 0.7515182426234407 -0.5235987755982995
 0.7638382138139889 -0.5235987755982995
 0.7761581850045371 -0.5235987755982995
 0.7884781561950853 -0.5235987755982995
 0.8007981273856335 -0.5235987755982995
 0.8131180985761818 -0.5235987755982995
 0.82543806976673 -0.5235987755982995
 0.8377580409572782 -0.5235987755982995
 0.8500780121478264 -0.5235987755982995
 0.8623979833383746 -0.5235987755982995
 0.8747179545289229 -0.5235987755982995
 0.887037925719471 -0.5235987755982995
 0.8993578969100192 -0.5235987755982995
 0.9116778681005674 -0.5235987755982995
 0.9239978392911156 -0.5235987755982995
 0.9363178104816637 -0.5235987755982995
 0.948637781672212 -0.5235987755982995
 0.9609577528627602 -0.5235987755982995
 0.9732777240533085 -0.5235987755982995
 0.9855976952438567 -0.5235987755982995
 0.9979176664344048 -0.5235987755982995
 1.0102376376249529 -0.5235987755982995
 1.0225576088155013 -0.5235987755982995
 1.0348775800060495 -0.5235987755982995
 1.0471975511965976 -0.5235987755982995
 1.0595175223871458 -0.5235987755982995
 1.071837493577694 -0.5235987755982995
 1.0841574647682422 -0.5235987755982995
 1.0964774359587905 -0.5235987755982995
 1.1087974071493387 -0.5235987755982995
 1.121117378339887 -0.5235987755982995
 1.133437349530435 -0.5235987755982995
 1.1457573207209832 -0.5235987755982995
 1.1580772919115316 -0.5235987755982995
 1.1703972631020798 -0.5235987755982995
 1.182717234292628 -0.5235987755982995
 1.1950372054831762 -0.5235987755982995
 1.2073571766737243 -0.5235987755982995
 1.2196771478642727 -0.5235987755982995
 1.231997119054821 -0.5235987755982995
 1.244317090245369 -0.5235987755982995
 1.2566370614359172 -0.5235987755982995
 1.2689570326264654 -0.5235987755982995
 1.2812770038170138 -0.5235987755982995
 1.293596975007562 -0.5235987755982995
 1.3059169461981102 -0.5235987755982995
 1.3182369173886583 -0.5235987755982995
 1.3305568885792065 -0.5235987755982995
 1.3428768597697547 -0.5235987755982995
 1.355196830960303 -0.5235987755982995
 1.3675168021508513 -0.5235987755982995
 1.3798367733413994 -0.5235987755982995
 1.3921567445319476 -0.5235987755982995
 1.4044767157224958 -0.5235987755982995
 1.416796686913044 -0.5235987755982995
 1.4291166581035921 -0.5235987755982995
 1.4414366292941403 -0.5235987755982995
 1.4537566004846885 -0.5235987755982995
 1.4660765716752366 -0.5235987755982995
 1.4783965428657848 -0.5235987755982995
 1.4907165140563332 -0.5235987755982995
 1.5030364852468814 -0.5235987755982995
 1.5153564564374296 -0.5235987755982995
 1.5276764276279777 -0.5235987755982995
 1.539996398818526 -0.5235987755982995
 1.5523163700090743 -0.5235987755982995
 1.5646363411996225 -0.5235987755982995
 1.5769563123901706 -0.5235987755982995
 1.5892762835807188 -0.5235987755982995
 1.601596254771267 -0.5235987755982995
 1.6139162259618154 -0.5235987755982995
 1.6262361971523636 -0.5235987755982995
 1.6385561683429117 -0.5235987755982995
 1.65087613953346 -0.5235987755982995
 1.663196110724008 -0.5235987755982995
 1.6755160819145565 -0.5235987755982995
 1.6878360531051047 -0.5235987755982995
 1.7001560242956528 -0.5235987755982995
 1.712475995486201 -0.5235987755982995
 1.7247959666767492 -0.5235987755982995
 1.7371159378672973 -0.5235987755982995
 1.7494359090578457 -0.5235987755982995
 1.761755880248394 -0.5235987755982995
 1.774075851438942 -0.5235987755982995
 1.7863958226294903 -0.5235987755982995
 1.7987157938200384 -0.5235987755982995
 1.8110357650105866 -0.5235987755982995
 1.8233557362011348 -0.5235987755982995
 1.835675707391683 -0.5235987755982995
 1.8479956785822311 -0.5235987755982995
 1.8603156497727793 -0.5235987755982995
 1.8726356209633275 -0.5235987755982995
 1.8849555921538759 -0.5235987755982995
 1.897275563344424 -0.5235987755982995
 1.9095955345349722 -0.5235987755982995
 1.9219155057255204 -0.5235987755982995
 1.9342354769160686 -0.5235987755982995
 1.946555448106617 -0.5235987755982995
 1.9588754192971651 -0.5235987755982995
 1.9711953904877133 -0.5235987755982995
 1.9835153616782615 -0.5235987755982995
 1.9958353328688097 -0.5235987755982995
 2.008155304059358 -0.5235987755982995
 2.0204752752499058 -0.5235987755982995
 2.032795246440454 -0.5235987755982995
 2.0451152176310026 -0.5235987755982995
 2.0574351888215507 -0.5235987755982995
 2.069755160012099 -0.5235987755982995
 2.082075131202647 -0.5235987755982995
 2.0943951023931953 -0.5235987755982995
 2.1067150735837434 -0.5235987755982995
 2.1190350447742916 -0.5235987755982995
 2.13135501596484 -0.5235987755982995
 2.143674987155388 -0.5235987755982995
 2.155994958345936 -0.5235987755982995
 2.1683149295364843 -0.5235987755982995
 2.180634900727033 -0.5235987755982995
 2.192954871917581 -0.5235987755982995
 2.2052748431081293 -0.5235987755982995
 2.2175948142986774 -0.5235987755982995
 2.2299147854892256 -0.5235987755982995
 2.242234756679774 -0.5235987755982995
 2.254554727870322 -0.5235987755982995
 2.26687469906087 -0.5235987755982995
 2.2791946702514183 -0.5235987755982995
 2.2915146414419665 -0.5235987755982995
 2.303834612632515 -0.5235987755982995
 2.3161545838230633 -0.5235987755982995
 2.3284745550136114 -0.5235987755982995
 2.3407945262041596 -0.5235987755982995
 2.353114497394708 -0.5235987755982995
 2.365434468585256 -0.5235987755982995
 2.377754439775804 -0.5235987755982995
 2.3900744109663523 -0.5235987755982995
 2.4023943821569005 -0.5235987755982995
 2.4147143533474487 -0.5235987755982995
 2.427034324537997 -0.5235987755982995
 2.4393542957285455 -0.5235987755982995
 2.4516742669190936 -0.5235987755982995
 2.463994238109642 -0.5235987755982995
 2.47631420930019 -0.5235987755982995
 2.488634180490738 -0.5235987755982995
 2.5009541516812863 -0.5235987755982995
 2.5132741228718345 -0.5235987755982995
 2.5255940940623827 -0.5235987755982995
 2.537914065252931 -0.5235987755982995
 2.550234036443479 -0.5235987755982995
 2.5625540076340276 -0.5235987755982995
 2.574873978824576 -0.5235987755982995
 2.587193950015124 -0.5235987755982995
 2.599513921205672 -0.5235987755982995
 2.6118338923962203 -0.5235987755982995
 2.6241538635867685 -0.5235987755982995
 2.6364738347773167 -0.5235987755982995
 2.648793805967865 -0.5235987755982995
 2.661113777158413 -0.5235987755982995
 2.673433748348961 -0.5235987755982995
 2.6857537195395094 -0.5235987755982995
 2.698073690730058 -0.5235987755982995
 2.710393661920606 -0.5235987755982995
 2.7227136331111543 -0.5235987755982995
 2.7350336043017025 -0.5235987755982995
 2.7473535754922507 -0.5235987755982995
 2.759673546682799 -0.5235987755982995
 2.771993517873347 -0.5235987755982995
 2.784313489063895 -0.5235987755982995
 2.7966334602544434 -0.5235987755982995
 2.8089534314449915 -0.5235987755982995
 2.8212734026355393 -0.5235987755982995
 2.833593373826088 -0.5235987755982995
 2.845913345016636 -0.5235987755982995
 2.8582333162071842 -0.5235987755982995
 2.8705532873977324 -0.5235987755982995
 2.8828732585882806 -0.5235987755982995
 2.8951932297788288 -0.5235987755982995
 2.907513200969377 -0.5235987755982995
 2.919833172159925 -0.5235987755982995
 2.9321531433504733 -0.5235987755982995
 2.9444731145410215 -0.5235987755982995
 2.9567930857315696 -0.5235987755982995
 2.9691130569221182 -0.5235987755982995
 2.9814330281126664 -0.5235987755982995
 2.9937529993032146 -0.5235987755982995
 3.0060729704937628 -0.5235987755982995
 3.018392941684311 -0.5235987755982995
 3.030712912874859 -0.5235987755982995
 3.0430328840654073 -0.5235987755982995
 3.0553528552559555 -0.5235987755982995
 3.0676728264465036 -0.5235987755982995
 3.079992797637052 -0.5235987755982995
 3.0923127688276004 -0.5235987755982995
 3.1046327400181486 -0.5235987755982995
 3.1169527112086968 -0.5235987755982995
 3.129272682399245 -0.5235987755982995
 3.141592653589793 -0.5235987755982995
 0 -0.0000000000000006661338147750939
 0.012319971190548208 -0.0000000000000006661338147750939
 0.024639942381096416 -0.0000000000000006661338147750939
 0.036959913571644624 -0.0000000000000006661338147750939
 0.04927988476219283 -0.0000000000000006661338147750939
 0.06159985595274104 -0.0000000000000006661338147750939
 0.07391982714328925 -0.0000000000000006661338147750939
 0.08623979833383746 -0.0000000000000006661338147750939
 0.09855976952438567 -0.0000000000000006661338147750939
 0.11087974071493388 -0.0000000000000006661338147750939
 0.12319971190548208 -0.0000000000000006661338147750939
 0.13551968309603027 -0.0000000000000006661338147750939
 0.1478396542865785 -0.0000000000000006661338147750939
 0.16015962547712673 -0.0000000000000006661338147750939
 0.17247959666767493 -0.0000000000000006661338147750939
 0.1847995678582231 -0.0000000000000006661338147750939
 0.19711953904877133 -0.0000000000000006661338147750939
 0.20943951023931956 -0.0000000000000006661338147750939
 0.22175948142986776 -0.0000000000000006661338147750939
 0.23407945262041593 -0.0000000000000006661338147750939
 0.24639942381096416 -0.0000000000000006661338147750939
 0.25871939500151236 -0.0000000000000006661338147750939
 0.27103936619206054 -0.0000000000000006661338147750939
 0.28335933738260877 -0.0000000000000006661338147750939
 0.295679308573157 -0.0000000000000006661338147750939
 0.3079992797637052 -0.0000000000000006661338147750939
 0.32031925095425345 -0.0000000000000006661338147750939
 0.3326392221448016 -0.0000000000000006661338147750939
 0.34495919333534986 -0.0000000000000006661338147750939
 0.35727916452589803 -0.0000000000000006661338147750939
 0.3695991357164462 -0.0000000000000006661338147750939
 0.38191910690699443 -0.0000000000000006661338147750939
 0.39423907809754266 -0.0000000000000006661338147750939
 0.4065590492880909 -0.0000000000000006661338147750939
 0.4188790204786391 -0.0000000000000006661338147750939
 0.4311989916691873 -0.0000000000000006661338147750939
 0.4435189628597355 -0.0000000000000006661338147750939
 0.4558389340502837 -0.0000000000000006661338147750939
 0.46815890524083187 -0.0000000000000006661338147750939
 0.4804788764313801 -0.0000000000000006661338147750939
 0.4927988476219283 -0.0000000000000006661338147750939
 0.5051188188124764 -0.0000000000000006661338147750939
 0.5174387900030247 -0.0000000000000006661338147750939
 0.5297587611935729 -0.0000000000000006661338147750939
 0.5420787323841211 -0.0000000000000006661338147750939
 0.5543987035746694 -0.0000000000000006661338147750939
 0.5667186747652175 -0.0000000000000006661338147750939
 0.5790386459557658 -0.0000000000000006661338147750939
 0.591358617146314 -0.0000000000000006661338147750939
 0.6036785883368622 -0.0000000000000006661338147750939
 0.6159985595274104 -0.0000000000000006661338147750939
 0.6283185307179586 -0.0000000000000006661338147750939
 0.6406385019085069 -0.0000000000000006661338147750939
 0.6529584730990551 -0.0000000000000006661338147750939
 0.6652784442896033 -0.0000000000000006661338147750939
 0.6775984154801515 -0.0000000000000006661338147750939
 0.6899183866706997 -0.0000000000000006661338147750939
 0.7022383578612479 -0.0000000000000006661338147750939
 0.7145583290517961 -0.0000000000000006661338147750939
 0.7268783002423442 -0.0000000000000006661338147750939
 0.7391982714328924 -0.0000000000000006661338147750939
 0.7515182426234407 -0.0000000000000006661338147750939
 0.7638382138139889 -0.0000000000000006661338147750939
 0.7761581850045371 -0.0000000000000006661338147750939
 0.7884781561950853 -0.0000000000000006661338147750939
 0.8007981273856335 -0.0000000000000006661338147750939
 0.8131180985761818 -0.0000000000000006661338147750939
 0.82543806976673 -0.0000000000000006661338147750939
 0.8377580409572782 -0.0000000000000006661338147750939
 0.8500780121478264 -0.0000000000000006661338147750939
 0.8623979833383746 -0.0000000000000006661338147750939
 0.8747179545289229 -0.0000000000000006661338147750939
 0.887037925719471 -0.0000000000000006661338147750939
 0.8993578969100192 -0.0000000000000006661338147750939
 0.9116778681005674 -0.0000000000000006661338147750939
 0.9239978392911156 -0.0000000000000006661338147750939
 0.9363178104816637 -0.0000000000000006661338147750939
 0.948637781672212 -0.0000000000000006661338147750939
 0.9609577528627602 -0.0000000000000006661338147750939
 0.9732777240533085 -0.0000000000000006661338147750939
 0.9855976952438567 -0.0000000000000006661338147750939
 0.9979176664344048 -0.0000000000000006661338147750939
 1.0102376376249529 -0.0000000000000006661338147750939
 1.0225576088155013 -0.0000000000000006661338147750939
 1.0348775800060495 -0.0000000000000006661338147750939
 1.0471975511965976 -0.0000000000000006661338147750939
 1.0595175223871458 -0.0000000000000006661338147750939
 1.071837493577694 -0.0000000000000006661338147750939
 1.0841574647682422 -0.0000000000000006661338147750939
 1.0964774359587905 -0.0000000000000006661338147750939
 1.1087974071493387 -0.0000000000000006661338147750939
 1.121117378339887 -0.0000000000000006661338147750939
 1.133437349530435 -0.0000000000000006661338147750939
 1.1457573207209832 -0.0000000000000006661338147750939
 1.1580772919115316 -0.0000000000000006661338147750939
 1.1703972631020798 -0.0000000000000006661338147750939
 1.182717234292628 -0.0000000000000006661338147750939
 1.1950372054831762 -0.0000000000000006661338147750939
 1.2073571766737243 -0.0000000000000006661338147750939
 1.2196771478642727 -0.0000000000000006661338147750939
 1.231997119054821 -0.0000000000000006661338147750939
 1.244317090245369 -0.0000000000000006661338147750939
 1.2566370614359172 -0.0000000000000006661338147750939
 1.2689570326264654 -0.0000000000000006661338147750939
 1.2812770038170138 -0.0000000000000006661338147750939
 1.293596975007562 -0.0000000000000006661338147750939
 1.3059169461981102 -0.0000000000000006661338147750939
 1.3182369173886583 -0.0000000000000006661338147750939
 1.3305568885792065 -0.0000000000000006661338147750939
 1.3428768597697547 -0.0000000000000006661338147750939
 1.355196830960303 -0.0000000000000006661338147750939
 1.3675168021508513 -0.0000000000000006661338147750939
 1.3798367733413994 -0.0000000000000006661338147750939
 1.3921567445319476 -0.0000000000000006661338147750939
 1.4044767157224958 -0.0000000000000006661338147750939
 1.416796686913044 -0.0000000000000006661338147750939
 1.4291166581035921 -0.0000000000000006661338147750939
 1.4414366292941403 -0.0000000000000006661338147750939
 1.4537566004846885 -0.0000000000000006661338147750939
 1.4660765716752366 -0.0000000000000006661338147750939
 1.4783965428657848 -0.0000000000000006661338147750939
 1.4907165140563332 -0.0000000000000006661338147750939
 1.5030364852468814 -0.0000000000000006661338147750939
 1.5153564564374296 -0.0000000000000006661338147750939
 1.5276764276279777 -0.0000000000000006661338147750939
 1.539996398818526 -0.0000000000000006661338147750939
 1.5523163700090743 -0.0000000000000006661338147750939
 1.5646363411996225 -0.0000000000000006661338147750939
 1.5769563123901706 -0.0000000000000006661338147750939
 1.5892762835807188 -0.0000000000000006661338147750939
 1.601596254771267 -0.0000000000000006661338147750939
 1.6139162259618154 -0.0000000000000006661338147750939
 1.6262361971523636 -0.0000000000000006661338147750939
 1.6385561683429117 -0.0000000000000006661338147750939
 1.65087613953346 -0.0000000000000006661338147750939
 1.663196110724008 -0.0000000000000006661338147750939
 1.6755160819145565 -0.0000000000000006661338147750939
 1.6878360531051047 -0.0000000000000006661338147750939
 1.7001560242956528 -0.0000000000000006661338147750939
 1.712475995486201 -0.0000000000000006661338147750939
 1.7247959666767492 -0.0000000000000006661338147750939
 1.7371159378672973 -0.0000000000000006661338147750939
 1.7494359090578457 -0.0000000000000006661338147750939
 1.761755880248394 -0.0000000000000006661338147750939
 1.774075851438942 -0.0000000000000006661338147750939
 1.7863958226294903 -0.0000000000000006661338147750939
 1.7987157938200384 -0.0000000000000006661338147750939
 1.8110357650105866 -0.0000000000000006661338147750939
 1.8233557362011348 -0.0000000000000006661338147750939
 1.835675707391683 -0.0000000000000006661338147750939
 1.8479956785822311 -0.0000000000000006661338147750939
 1.8603156497727793 -0.0000000000000006661338147750939
 1.8726356209633275 -0.0000000000000006661338147750939
 1.8849555921538759 -0.0000000000000006661338147750939
 1.897275563344424 -0.0000000000000006661338147750939
 1.9095955345349722 -0.0000000000000006661338147750939
 1.9219155057255204 -0.0000000000000006661338147750939
 1.9342354769160686 -0.0000000000000006661338147750939
 1.946555448106617 -0.0000000000000006661338147750939
 1.9588754192971651 -0.0000000000000006661338147750939
 1.9711953904877133 -0.0000000000000006661338147750939
 1.9835153616782615 -0.0000000000000006661338147750939
 1.9958353328688097 -0.0000000000000006661338147750939
 2.008155304059358 -0.0000000000000006661338147750939
 2.0204752752499058 -0.0000000000000006661338147750939
 2.032795246440454 -0.0000000000000006661338147750939
 2.0451152176310026 -0.0000000000000006661338147750939
 2.0574351888215507 -0.0000000000000006661338147750939
 2.069755160012099 -0.0000000000000006661338147750939
 2.082075131202647 -0.0000000000000006661338147750939
 2.0943951023931953 -0.0000000000000006661338147750939
 2.1067150735837434 -0.0000000000000006661338147750939
 2.1190350447742916 -0.0000000000000006661338147750939
 2.13135501596484 -0.0000000000000006661338147750939
 2.143674987155388 -0.0000000000000006661338147750939
 2.155994958345936 -0.0000000000000006661338147750939
 2.1683149295364843 -0.0000000000000006661338147750939
 2.180634900727033 -0.0000000000000006661338147750939
 2.192954871917581 -0.0000000000000006661338147750939
 2.2052748431081293 -0.0000000000000006661338147750939
 2.2175948142986774 -0.0000000000000006661338147750939
 2.2299147854892256 -0.0000000000000006661338147750939
 2.242234756679774 -0.0000000000000006661338147750939
 2.254554727870322 -0.0000000000000006661338147750939
 2.26687469906087 -0.0000000000000006661338147750939
 2.2791946702514183 -0.0000000000000006661338147750939
 2.2915146414419665 -0.0000000000000006661338147750939
 2.303834612632515 -0.0000000000000006661338147750939
 2.3161545838230633 -0.0000000000000006661338147750939
 2.3284745550136114 -0.0000000000000006661338147750939
 2.3407945262041596 -0.0000000000000006661338147750939
 2.353114497394708 -0.0000000000000006661338147750939
 2.365434468585256 -0.0000000000000006661338147750939
 2.377754439775804 -0.0000000000000006661338147750939
 2.3900744109663523 -0.0000000000000006661338147750939
 2.4023943821569005 -0.0000000000000006661338147750939
 2.4147143533474487 -0.0000000000000006661338147750939
 2.427034324537997 -0.0000000000000006661338147750939
 2.4393542957285455 -0.0000000000000006661338147750939
 2.4516742669190936 -0.0000000000000006661338147750939
 2.463994238109642 -0.0000000000000006661338147750939
 2.47631420930019 -0.0000000000000006661338147750939
 2.488634180490738 -0.0000000000000006661338147750939
 2.5009541516812863 -0.0000000000000006661338147750939
 2.5132741228718345 -0.0000000000000006661338147750939
 2.5255940940623827 -0.0000000000000006661338147750939
 2.537914065252931 -0.0000000000000006661338147750939
 2.550234036443479 -0.0000000000000006661338147750939
 2.5625540076340276 -0.0000000000000006661338147750939
 2.574873978824576 -0.0000000000000006661338147750939
 2.587193950015124 -0.0000000000000006661338147750939
 2.599513921205672 -0.0000000000000006661338147750939
 2.6118338923962203 -0.0000000000000006661338147750939
 2.6241538635867685 -0.0000000000000006661338147750939
 2.6364738347773167 -0.0000000000000006661338147750939
 2.648793805967865 -0.0000000000000006661338147750939
 2.661113777158413 -0.0000000000000006661338147750939
 2.673433748348961 -0.0000000000000006661338147750939
 2.6857537195395094 -0.0000000000000006661338147750939
 2.698073690730058 -0.0000000000000006661338147750939
 2.710393661920606 -0.0000000000000006661338147750939
 2.7227136331111543 -0.0000000000000006661338147750939
 2.7350336043017025 -0.0000000000000006661338147750939
 2.7473535754922507 -0.0000000000000006661338147750939
 2.759673546682799 -0.0000000000000006661338147750939
 2.771993517873347 -0.0000000000000006661338147750939
 2.784313489063895 -0.0000000000000006661338147750939
 2.7966334602544434 -0.0000000000000006661338147750939
 2.8089534314449915 -0.0000000000000006661338147750939
 2.8212734026355393 -0.0000000000000006661338147750939
 2.833593373826088 -0.0000000000000006661338147750939
 2.845913345016636 -0.0000000000000006661338147750939
 2.8582333162071842 -0.0000000000000006661338147750939
 2.8705532873977324 -0.0000000000000006661338147750939
 2.8828732585882806 -0.0000000000000006661338147750939
 2.8951932297788288 -0.0000000000000006661338147750939
 2.907513200969377 -0.0000000000000006661338147750939
 2.919833172159925 -0.0000000000000006661338147750939
 2.9321531433504733 -0.0000000000000006661338147750939
 2.9444731145410215 -0.0000000000000006661338147750939
 2.9567930857315696 -0.0000000000000006661338147750939
 2.9691130569221182 -0.0000000000000006661338147750939
 2.9814330281126664 -0.0000000000000006661338147750939
 2.9937529993032146 -0.0000000000000006661338147750939
 3.0060729704937628 -0.0000000000000006661338147750939
 3.018392941684311 -0.0000000000000006661338147750939
 3.030712912874859 -0.0000000000000006661338147750939
 3.0430328840654073 -0.0000000000000006661338147750939
 3.0553528552559555 -0.0000000000000006661338147750939
 3.0676728264465036 -0.0000000000000006661338147750939
 3.079992797637052 -0.0000000000000006661338147750939
 3.0923127688276004 -0.0000000000000006661338147750939
 3.1046327400181486 -0.0000000000000006661338147750939
 3.1169527112086968 -0.0000000000000006661338147750939
 3.129272682399245 -0.0000000000000006661338147750939
 3.141592653589793 -0.0000000000000006661338147750939
 0 0.5235987755982981
 0.012319971190548208 0.5235987755982981
 0.024639942381096416 0.5235987755982981
 0.036959913571644624 0.5235987755982981
 0.04927988476219283 0.5235987755982981
 0.06159985595274104 0.5235987755982981
 0.07391982714328925 0.5235987755982981
 0.08623979833383746 0.5235987755982981
 0.09855976952438567 0.5235987755982981
 0.11087974071493388 0.5235987755982981
 0.12319971190548208 0.5235987755982981
 0.13551968309603027 0.5235987755982981
 0.1478396542865785 0.5235987755982981
 0.16015962547712673 0.5235987755982981
 0.17247959666767493 0.5235987755982981
 0.1847995678582231 0.5235987755982981
 0.19711953904877133 0.5235987755982981
 0.20943951023931956 0.5235987755982981
 0.22175948142986776 0.5235987755982981
 0.23407945262041593 0.5235987755982981
 0.24639942381096416 0.5235987755982981
 0.25871939500151236 0.5235987755982981
 0.27103936619206054 0.5235987755982981
 0.28335933738260877 0.5235987755982981
 0.295679308573157 0.5235987755982981
 0.3079992797637052 0.5235987755982981
 0.32031925095425345 0.5235987755982981
 0.3326392221448016 0.5235987755982981
 0.34495919333534986 0.5235987755982981
 0.35727916452589803 0.5235987755982981
 0.3695991357164462 0.5235987755982981
 0.38191910690699443 0.5235987755982981
 0.39423907809754266 0.5235987755982981
 0.4065590492880909 0.5235987755982981
 0.4188790204786391 0.5235987755982981
 0.4311989916691873 0.5235987755982981
 0.4435189628597355 0.5235987755982981
 0.4558389340502837 0.5235987755982981
 0.46815890524083187 0.5235987755982981
 0.4804788764313801 0.5235987755982981
 0.4927988476219283 0.5235987755982981
 0.5051188188124764 0.5235987755982981
 0.5174387900030247 0.5235987755982981
 0.5297587611935729 0.5235987755982981
 0.5420787323841211 0.5235987755982981
 0.5543987035746694 0.5235987755982981
 0.5667186747652175 0.5235987755982981
 0.5790386459557658 0.5235987755982981
 0.591358617146314 0.5235987755982981
 0.6036785883368622 0.5235987755982981
 0.6159985595274104 0.5235987755982981
 0.6283185307179586 0.5235987755982981
 0.6406385019085069 0.5235987755982981
 0.6529584730990551 0.5235987755982981
 0.6652784442896033 0.5235987755982981
 0.6775984154801515 0.5235987755982981
 0.6899183866706997 0.5235987755982981
 0.7022383578612479 0.5235987755982981
 0.7145583290517961 0.5235987755982981
 0.7268783002423442 0.5235987755982981
 0.7391982714328924 0.5235987755982981
 0.7515182426234407 0.5235987755982981
 0.7638382138139889 0.5235987755982981
 0.7761581850045371 0.5235987755982981
 0.7884781561950853 0.5235987755982981
 0.8007981273856335 0.5235987755982981
 0.8131180985761818 0.5235987755982981
 0.82543806976673 0.5235987755982981
 0.8377580409572782 0.5235987755982981
 0.8500780121478264 0.5235987755982981
 0.8623979833383746 0.5235987755982981
 0.8747179545289229 0.5235987755982981
 0.887037925719471 0.5235987755982981
 0.8993578969100192 0.5235987755982981
 0.9116778681005674 0.5235987755982981
 0.9239978392911156 0.5235987755982981
 0.9363178104816637 0.5235987755982981
 0.948637781672212 0.5235987755982981
 0.9609577528627602 0.5235987755982981
 0.9732777240533085 0.5235987755982981
 0.9855976952438567 0.5235987755982981
 0.9979176664344048 0.5235987755982981
 1.0102376376249529 0.5235987755982981
 1.0225576088155013 0.5235987755982981
 1.0348775800060495 0.5235987755982981
 1.0471975511965976 0.5235987755982981
 1.0595175223871458 0.5235987755982981
 1.071837493577694 0.5235987755982981
 1.0841574647682422 0.5235987755982981
 1.0964774359587905 0.5235987755982981
 1.1087974071493387 0.5235987755982981
 1.121117378339887 0.5235987755982981
 1.133437349530435 0.5235987755982981
 1.1457573207209832 0.5235987755982981
 1.1580772919115316 0.5235987755982981
 1.1703972631020798 0.5235987755982981
 1.182717234292628 0.5235987755982981
 1.1950372054831762 0.5235987755982981
 1.2073571766737243 0.5235987755982981
 1.2196771478642727 0.5235987755982981
 1.231997119054821 0.5235987755982981
 1.244317090245369 0.5235987755982981
 1.2566370614359172 0.5235987755982981
 1.2689570326264654 0.5235987755982981
 1.2812770038170138 0.5235987755982981
 1.293596975007562 0.5235987755982981
 1.3059169461981102 0.5235987755982981
 1.3182369173886583 0.5235987755982981
 1.3305568885792065 0.5235987755982981
 1.3428768597697547 0.5235987755982981
 1.355196830960303 0.5235987755982981
 1.3675168021508513 0.5235987755982981
 1.3798367733413994 0.5235987755982981
 1.3921567445319476 0.5235987755982981
 1.4044767157224958 0.5235987755982981
 1.416796686913044 0.5235987755982981
 1.4291166581035921 0.5235987755982981
 1.4414366292941403 0.5235987755982981
 1.4537566004846885 0.5235987755982981
 1.4660765716752366 0.5235987755982981
 1.4783965428657848 0.5235987755982981
 1.4907165140563332 0.5235987755982981
 1.5030364852468814 0.5235987755982981
 1.5153564564374296 0.5235987755982981
 1.5276764276279777 0.5235987755982981
 1.539996398818526 0.5235987755982981
 1.5523163700090743 0.5235987755982981
 1.5646363411996225 0.5235987755982981
 1.5769563123901706 0.5235987755982981
 1.5892762835807188 0.5235987755982981
 1.601596254771267 0.5235987755982981
 1.6139162259618154 0.5235987755982981
 1.6262361971523636 0.5235987755982981
 1.6385561683429117 0.5235987755982981
 1.65087613953346 0.5235987755982981
 1.663196110724008 0.5235987755982981
 1.6755160819145565 0.5235987755982981
 1.6878360531051047 0.5235987755982981
 1.7001560242956528 0.5235987755982981
 1.712475995486201 0.5235987755982981
 1.7247959666767492 0.5235987755982981
 1.7371159378672973 0.5235987755982981
 1.7494359090578457 0.5235987755982981
 1.761755880248394 0.5235987755982981
 1.774075851438942 0.5235987755982981
 1.7863958226294903 0.5235987755982981
 1.7987157938200384 0.5235987755982981
 1.8110357650105866 0.5235987755982981
 1.8233557362011348 0.5235987755982981
 1.835675707391683 0.5235987755982981
 1.8479956785822311 0.5235987755982981
 1.8603156497727793 0.5235987755982981
 1.8726356209633275 0.5235987755982981
 1.8849555921538759 0.5235987755982981
 1.897275563344424 0.5235987755982981
 1.9095955345349722 0.5235987755982981
 1.9219155057255204 0.5235987755982981
 1.9342354769160686 0.5235987755982981
 1.946555448106617 0.5235987755982981
 1.9588754192971651 0.5235987755982981
 1.9711953904877133 0.5235987755982981
 1.9835153616782615 0.5235987755982981
 1.9958353328688097 0.5235987755982981
 2.008155304059358 0.5235987755982981
 2.0204752752499058 0.5235987755982981
 2.032795246440454 0.5235987755982981
 2.0451152176310026 0.5235987755982981
 2.0574351888215507 0.5235987755982981
 2.069755160012099 0.5235987755982981
 2.082075131202647 0.5235987755982981
 2.0943951023931953 0.5235987755982981
 2.1067150735837434 0.5235987755982981
 2.1190350447742916 0.5235987755982981
 2.13135501596484 0.5235987755982981
 2.143674987155388 0.5235987755982981
 2.155994958345936 0.5235987755982981
 2.1683149295364843 0.5235987755982981
 2.180634900727033 0.5235987755982981
 2.192954871917581 0.5235987755982981
 2.2052748431081293 0.5235987755982981
 2.2175948142986774 0.5235987755982981
 2.2299147854892256 0.5235987755982981
 2.242234756679774 0.5235987755982981
 2.254554727870322 0.5235987755982981
 2.26687469906087 0.5235987755982981
 2.2791946702514183 0.5235987755982981
 2.2915146414419665 0.5235987755982981
 2.303834612632515 0.5235987755982981
 2.3161545838230633 0.5235987755982981
 2.3284745550136114 0.5235987755982981
 2.3407945262041596 0.5235987755982981
 2.353114497394708 0.5235987755982981
 2.365434468585256 0.5235987755982981
 2.377754439775804 0.5235987755982981
 2.3900744109663523 0.5235987755982981
 2.4023943821569005 0.5235987755982981
 2.4147143533474487 0.5235987755982981
 2.427034324537997 0.5235987755982981
 2.4393542957285455 0.5235987755982981
 2.4516742669190936 0.5235987755982981
 2.463994238109642 0.5235987755982981
 2.47631420930019 0.5235987755982981
 2.488634180490738 0.5235987755982981
 2.5009541516812863 0.5235987755982981
 2.5132741228718345 0.5235987755982981
 2.5255940940623827 0.5235987755982981
 2.537914065252931 0.5235987755982981
 2.550234036443479 0.5235987755982981
 2.5625540076340276 0.5235987755982981
 2.574873978824576 0.5235987755982981
 2.587193950015124 0.5235987755982981
 2.599513921205672 0.5235987755982981
 2.6118338923962203 0.5235987755982981
 2.6241538635867685 0.5235987755982981
 2.6364738347773167 0.5235987755982981
 2.648793805967865 0.5235987755982981
 2.661113777158413 0.5235987755982981
 2.673433748348961 0.5235987755982981
 2.6857537195395094 0.5235987755982981
 2.698073690730058 0.5235987755982981
 2.710393661920606 0.5235987755982981
 2.7227136331111543 0.5235987755982981
 2.7350336043017025 0.5235987755982981
 2.7473535754922507 0.5235987755982981
 2.759673546682799 0.5235987755982981
 2.771993517873347 0.5235987755982981
 2.784313489063895 0.5235987755982981
 2.7966334602544434 0.5235987755982981
 2.8089534314449915 0.5235987755982981
 2.8212734026355393 0.5235987755982981
 2.833593373826088 0.5235987755982981
 2.845913345016636 0.5235987755982981
 2.8582333162071842 0.5235987755982981
 2.8705532873977324 0.5235987755982981
 2.8828732585882806 0.5235987755982981
 2.8951932297788288 0.5235987755982981
 2.907513200969377 0.5235987755982981
 2.919833172159925 0.5235987755982981
 2.9321531433504733 0.5235987755982981
 2.9444731145410215 0.5235987755982981
 2.9567930857315696 0.5235987755982981
 2.9691130569221182 0.5235987755982981
 2.9814330281126664 0.5235987755982981
 2.9937529993032146 0.5235987755982981
 3.0060729704937628 0.5235987755982981
 3.018392941684311 0.5235987755982981
 3.030712912874859 0.5235987755982981
 3.0430328840654073 0.5235987755982981
 3.0553528552559555 0.5235987755982981
 3.0676728264465036 0.5235987755982981
 3.079992797637052 0.5235987755982981
 3.0923127688276004 0.5235987755982981
 3.1046327400181486 0.5235987755982981
 3.1169527112086968 0.5235987755982981
 3.129272682399245 0.5235987755982981
 3.141592653589793 0.5235987755982981
 0 1.047197551196597
 0.012319971190548208 1.047197551196597
 0.024639942381096416 1.047197551196597
 0.036959913571644624 1.047197551196597
 0.04927988476219283 1.047197551196597
 0.06159985595274104 1.047197551196597
 0.07391982714328925 1.047197551196597
 0.08623979833383746 1.047197551196597
 0.09855976952438567 1.047197551196597
 0.11087974071493388 1.047197551196597
 0.12319971190548208 1.047197551196597
 0.13551968309603027 1.047197551196597
 0.1478396542865785 1.047197551196597
 0.16015962547712673 1.047197551196597
 0.17247959666767493 1.047197551196597
 0.1847995678582231 1.047197551196597
 0.19711953904877133 1.047197551196597
 0.20943951023931956 1.047197551196597
 0.22175948142986776 1.047197551196597
 0.23407945262041593 1.047197551196597
 0.24639942381096416 1.047197551196597
 0.25871939500151236 1.047197551196597
 0.27103936619206054 1.047197551196597
 0.28335933738260877 1.047197551196597
 0.295679308573157 1.047197551196597
 0.3079992797637052 1.047197551196597
 0.32031925095425345 1.047197551196597
 0.3326392221448016 1.047197551196597
 0.34495919333534986 1.047197551196597
 0.35727916452589803 1.047197551196597
 0.3695991357164462 1.047197551196597
 0.38191910690699443 1.047197551196597
 0.39423907809754266 1.047197551196597
 0.4065590492880909 1.047197551196597
 0.4188790204786391 1.047197551196597
 0.4311989916691873 1.047197551196597
 0.4435189628597355 1.047197551196597
 0.4558389340502837 1.047197551196597
 0.46815890524083187 1.047197551196597
 0.4804788764313801 1.047197551196597
 0.4927988476219283 1.047197551196597
 0.5051188188124764 1.047197551196597
 0.5174387900030247 1.047197551196597
 0.5297587611935729 1.047197551196597
 0.5420787323841211 1.047197551196597
 0.5543987035746694 1.047197551196597
 0.5667186747652175 1.047197551196597
 0.5790386459557658 1.047197551196597
 0.591358617146314 1.047197551196597
 0.6036785883368622 1.047197551196597
 0.6159985595274104 1.047197551196597
 0.6283185307179586 1.047197551196597
 0.6406385019085069 1.047197551196597
 0.6529584730990551 1.047197551196597
 0.6652784442896033 1.047197551196597
 0.6775984154801515 1.047197551196597
 0.6899183866706997 1.047197551196597
 0.7022383578612479 1.047197551196597
 0.7145583290517961 1.047197551196597
 0.7268783002423442 1.047197551196597
 0.7391982714328924 1.047197551196597
 0.7515182426234407 1.047197551196597
 0.7638382138139889 1.047197551196597
 0.7761581850045371 1.047197551196597
 0.7884781561950853 1.047197551196597
 0.8007981273856335 1.047197551196597
 0.8131180985761818 1.047197551196597
 0.82543806976673 1.047197551196597
 0.8377580409572782 1.047197551196597
 0.8500780121478264 1.047197551196597
 0.8623979833383746 1.047197551196597
 0.8747179545289229 1.047197551196597
 0.887037925719471 1.047197551196597
 0.8993578969100192 1.047197551196597
 0.9116778681005674 1.047197551196597
 0.9239978392911156 1.047197551196597
 0.9363178104816637 1.047197551196597
 0.948637781672212 1.047197551196597
 0.9609577528627602 1.047197551196597
 0.9732777240533085 1.047197551196597
 0.9855976952438567 1.047197551196597
 0.9979176664344048 1.047197551196597
 1.0102376376249529 1.047197551196597
 1.0225576088155013 1.047197551196597
 1.0348775800060495 1.047197551196597
 1.0471975511965976 1.047197551196597
 1.0595175223871458 1.047197551196597
 1.071837493577694 1.047197551196597
 1.0841574647682422 1.047197551196597
 1.0964774359587905 1.047197551196597
 1.1087974071493387 1.047197551196597
 1.121117378339887 1.047197551196597
 1.133437349530435 1.047197551196597
 1.1457573207209832 1.047197551196597
 1.1580772919115316 1.047197551196597
 1.1703972631020798 1.047197551196597
 1.182717234292628 1.047197551196597
 1.1950372054831762 1.047197551196597
 1.2073571766737243 1.047197551196597
 1.2196771478642727 1.047197551196597
 1.231997119054821 1.047197551196597
 1.244317090245369 1.047197551196597
 1.2566370614359172 1.047197551196597
 1.2689570326264654 1.047197551196597
 1.2812770038170138 1.047197551196597
 1.293596975007562 1.047197551196597
 1.3059169461981102 1.047197551196597
 1.3182369173886583 1.047197551196597
 1.3305568885792065 1.047197551196597
 1.3428768597697547 1.047197551196597
 1.355196830960303 1.047197551196597
 1.3675168021508513 1.047197551196597
 1.3798367733413994 1.047197551196597
 1.3921567445319476 1.047197551196597
 1.4044767157224958 1.047197551196597
 1.416796686913044 1.047197551196597
 1.4291166581035921 1.047197551196597
 1.4414366292941403 1.047197551196597
 1.4537566004846885 1.047197551196597
 1.4660765716752366 1.047197551196597
 1.4783965428657848 1.047197551196597
 1.4907165140563332 1.047197551196597
 1.5030364852468814 1.047197551196597
 1.5153564564374296 1.047197551196597
 1.5276764276279777 1.047197551196597
 1.539996398818526 1.047197551196597
 1.5523163700090743 1.047197551196597
 1.5646363411996225 1.047197551196597
 1.5769563123901706 1.047197551196597
 1.5892762835807188 1.047197551196597
 1.601596254771267 1.047197551196597
 1.6139162259618154 1.047197551196597
 1.6262361971523636 1.047197551196597
 1.6385561683429117 1.047197551196597
 1.65087613953346 1.047197551196597
 1.663196110724008 1.047197551196597
 1.6755160819145565 1.047197551196597
 1.6878360531051047 1.047197551196597
 1.7001560242956528 1.047197551196597
 1.712475995486201 1.047197551196597
 1.7247959666767492 1.047197551196597
 1.7371159378672973 1.047197551196597
 1.7494359090578457 1.047197551196597
 1.761755880248394 1.047197551196597
 1.774075851438942 1.047197551196597
 1.7863958226294903 1.047197551196597
 1.7987157938200384 1.047197551196597
 1.8110357650105866 1.047197551196597
 1.8233557362011348 1.047197551196597
 1.835675707391683 1.047197551196597
 1.8479956785822311 1.047197551196597
 1.8603156497727793 1.047197551196597
 1.8726356209633275 1.047197551196597
 1.8849555921538759 1.047197551196597
 1.897275563344424 1.047197551196597
 1.9095955345349722 1.047197551196597
 1.9219155057255204 1.047197551196597
 1.9342354769160686 1.047197551196597
 1.946555448106617 1.047197551196597
 1.9588754192971651 1.047197551196597
 1.9711953904877133 1.047197551196597
 1.9835153616782615 1.047197551196597
 1.9958353328688097 1.047197551196597
 2.008155304059358 1.047197551196597
 2.0204752752499058 1.047197551196597
 2.032795246440454 1.047197551196597
 2.0451152176310026 1.047197551196597
 2.0574351888215507 1.047197551196597
 2.069755160012099 1.047197551196597
 2.082075131202647 1.047197551196597
 2.0943951023931953 1.047197551196597
 2.1067150735837434 1.047197551196597
 2.1190350447742916 1.047197551196597
 2.13135501596484 1.047197551196597
 2.143674987155388 1.047197551196597
 2.155994958345936 1.047197551196597
 2.1683149295364843 1.047197551196597
 2.180634900727033 1.047197551196597
 2.192954871917581 1.047197551196597
 2.2052748431081293 1.047197551196597
 2.2175948142986774 1.047197551196597
 2.2299147854892256 1.047197551196597
 2.242234756679774 1.047197551196597
 2.254554727870322 1.047197551196597
 2.26687469906087 1.047197551196597
 2.2791946702514183 1.047197551196597
 2.2915146414419665 1.047197551196597
 2.303834612632515 1.047197551196597
 2.3161545838230633 1.047197551196597
 2.3284745550136114 1.047197551196597
 2.3407945262041596 1.047197551196597
 2.353114497394708 1.047197551196597
 2.365434468585256 1.047197551196597
 2.377754439775804 1.047197551196597
 2.3900744109663523 1.047197551196597
 2.4023943821569005 1.047197551196597
 2.4147143533474487 1.047197551196597
 2.427034324537997 1.047197551196597
 2.4393542957285455 1.047197551196597
 2.4516742669190936 1.047197551196597
 2.463994238109642 1.047197551196597
 2.47631420930019 1.047197551196597
 2.488634180490738 1.047197551196597
 2.5009541516812863 1.047197551196597
 2.5132741228718345 1.047197551196597
 2.5255940940623827 1.047197551196597
 2.537914065252931 1.047197551196597
 2.550234036443479 1.047197551196597
 2.5625540076340276 1.047197551196597
 2.574873978824576 1.047197551196597
 2.587193950015124 1.047197551196597
 2.599513921205672 1.047197551196597
 2.6118338923962203 1.047197551196597
 2.6241538635867685 1.047197551196597
 2.6364738347773167 1.047197551196597
 2.648793805967865 1.047197551196597
 2.661113777158413 1.047197551196597
 2.673433748348961 1.047197551196597
 2.6857537195395094 1.047197551196597
 2.698073690730058 1.047197551196597
 2.710393661920606 1.047197551196597
 2.7227136331111543 1.047197551196597
 2.7350336043017025 1.047197551196597
 2.7473535754922507 1.047197551196597
 2.759673546682799 1.047197551196597
 2.771993517873347 1.047197551196597
 2.784313489063895 1.047197551196597
 2.7966334602544434 1.047197551196597
 2.8089534314449915 1.047197551196597
 2.8212734026355393 1.047197551196597
 2.833593373826088 1.047197551196597
 2.845913345016636 1.047197551196597
 2.8582333162071842 1.047197551196597
 2.8705532873977324 1.047197551196597
 2.8828732585882806 1.047197551196597
 2.8951932297788288 1.047197551196597
 2.907513200969377 1.047197551196597
 2.919833172159925 1.047197551196597
 2.9321531433504733 1.047197551196597
 2.9444731145410215 1.047197551196597
 2.9567930857315696 1.047197551196597
 2.9691130569221182 1.047197551196597
 2.9814330281126664 1.047197551196597
 2.9937529993032146 1.047197551196597
 3.0060729704937628 1.047197551196597
 3.018392941684311 1.047197551196597
 3.030712912874859 1.047197551196597
 3.0430328840654073 1.047197551196597
 3.0553528552559555 1.047197551196597
 3.0676728264465036 1.047197551196597
 3.079992797637052 1.047197551196597
 3.0923127688276004 1.047197551196597
 3.1046327400181486 1.047197551196597
 3.1169527112086968 1.047197551196597
 3.129272682399245 1.047197551196597
 3.141592653589793 1.047197551196597
 0 1.5707963267948957
 0.012319971190548208 1.5707963267948957
 0.024639942381096416 1.5707963267948957
 0.036959913571644624 1.5707963267948957
 0.04927988476219283 1.5707963267948957
 0.06159985595274104 1.5707963267948957
 0.07391982714328925 1.5707963267948957
 0.08623979833383746 1.5707963267948957
 0.09855976952438567 1.5707963267948957
 0.11087974071493388 1.5707963267948957
 0.12319971190548208 1.5707963267948957
 0.13551968309603027 1.5707963267948957
 0.1478396542865785 1.5707963267948957
 0.16015962547712673 1.5707963267948957
 0.17247959666767493 1.5707963267948957
 0.1847995678582231 1.5707963267948957
 0.19711953904877133 1.5707963267948957
 0.20943951023931956 1.5707963267948957
 0.22175948142986776 1.5707963267948957
 0.23407945262041593 1.5707963267948957
 0.24639942381096416 1.5707963267948957
 0.25871939500151236 1.5707963267948957
 0.27103936619206054 1.5707963267948957
 0.28335933738260877 1.5707963267948957
 0.295679308573157 1.5707963267948957
 0.3079992797637052 1.5707963267948957
 0.32031925095425345 1.5707963267948957
 0.3326392221448016 1.5707963267948957
 0.34495919333534986 1.5707963267948957
 0.35727916452589803 1.5707963267948957
 0.3695991357164462 1.5707963267948957
 0.38191910690699443 1.5707963267948957
 0.39423907809754266 1.5707963267948957
 0.4065590492880909 1.5707963267948957
 0.4188790204786391 1.5707963267948957
 0.4311989916691873 1.5707963267948957
 0.4435189628597355 1.5707963267948957
 0.4558389340502837 1.5707963267948957
 0.46815890524083187 1.5707963267948957
 0.4804788764313801 1.5707963267948957
 0.4927988476219283 1.5707963267948957
 0.5051188188124764 1.5707963267948957
 0.5174387900030247 1.5707963267948957
 0.5297587611935729 1.5707963267948957
 0.5420787323841211 1.5707963267948957
 0.5543987035746694 1.5707963267948957
 0.5667186747652175 1.5707963267948957
 0.5790386459557658 1.5707963267948957
 0.591358617146314 1.5707963267948957
 0.6036785883368622 1.5707963267948957
 0.6159985595274104 1.5707963267948957
 0.6283185307179586 1.5707963267948957
 0.6406385019085069 1.5707963267948957
 0.6529584730990551 1.5707963267948957
 0.6652784442896033 1.5707963267948957
 0.6775984154801515 1.5707963267948957
 0.6899183866706997 1.5707963267948957
 0.7022383578612479 1.5707963267948957
 0.7145583290517961 1.5707963267948957
 0.7268783002423442 1.5707963267948957
 0.7391982714328924 1.5707963267948957
 0.7515182426234407 1.5707963267948957
 0.7638382138139889 1.5707963267948957
 0.7761581850045371 1.5707963267948957
 0.7884781561950853 1.5707963267948957
 0.8007981273856335 1.5707963267948957
 0.8131180985761818 1.5707963267948957
 0.82543806976673 1.5707963267948957
 0.8377580409572782 1.5707963267948957
 0.8500780121478264 1.5707963267948957
 0.8623979833383746 1.5707963267948957
 0.8747179545289229 1.5707963267948957
 0.887037925719471 1.5707963267948957
 0.8993578969100192 1.5707963267948957
 0.9116778681005674 1.5707963267948957
 0.9239978392911156 1.5707963267948957
 0.9363178104816637 1.5707963267948957
 0.948637781672212 1.5707963267948957
 0.9609577528627602 1.5707963267948957
 0.9732777240533085 1.5707963267948957
 0.9855976952438567 1.5707963267948957
 0.9979176664344048 1.5707963267948957
 1.0102376376249529 1.5707963267948957
 1.0225576088155013 1.5707963267948957
 1.0348775800060495 1.5707963267948957
 1.0471975511965976 1.5707963267948957
 1.0595175223871458 1.5707963267948957
 1.071837493577694 1.5707963267948957
 1.0841574647682422 1.5707963267948957
 1.0964774359587905 1.5707963267948957
 1.1087974071493387 1.5707963267948957
 1.121117378339887 1.5707963267948957
 1.133437349530435 1.5707963267948957
 1.1457573207209832 1.5707963267948957
 1.1580772919115316 1.5707963267948957
 1.1703972631020798 1.5707963267948957
 1.182717234292628 1.5707963267948957
 1.1950372054831762 1.5707963267948957
 1.2073571766737243 1.5707963267948957
 1.2196771478642727 1.5707963267948957
 1.231997119054821 1.5707963267948957
 1.244317090245369 1.5707963267948957
 1.2566370614359172 1.5707963267948957
 1.2689570326264654 1.5707963267948957
 1.2812770038170138 1.5707963267948957
 1.293596975007562 1.5707963267948957
 1.3059169461981102 1.5707963267948957
 1.3182369173886583 1.5707963267948957
 1.3305568885792065 1.5707963267948957
 1.3428768597697547 1.5707963267948957
 1.355196830960303 1.5707963267948957
 1.3675168021508513 1.5707963267948957
 1.3798367733413994 1.5707963267948957
 1.3921567445319476 1.5707963267948957
 1.4044767157224958 1.5707963267948957
 1.416796686913044 1.5707963267948957
 1.4291166581035921 1.5707963267948957
 1.4414366292941403 1.5707963267948957
 1.4537566004846885 1.5707963267948957
 1.4660765716752366 1.5707963267948957
 1.4783965428657848 1.5707963267948957
 1.4907165140563332 1.5707963267948957
 1.5030364852468814 1.5707963267948957
 1.5153564564374296 1.5707963267948957
 1.5276764276279777 1.5707963267948957
 1.539996398818526 1.5707963267948957
 1.5523163700090743 1.5707963267948957
 1.5646363411996225 1.5707963267948957
 1.5769563123901706 1.5707963267948957
 1.5892762835807188 1.5707963267948957
 1.601596254771267 1.5707963267948957
 1.6139162259618154 1.5707963267948957
 1.6262361971523636 1.5707963267948957
 1.6385561683429117 1.5707963267948957
 1.65087613953346 1.5707963267948957
 1.663196110724008 1.5707963267948957
 1.6755160819145565 1.5707963267948957
 1.6878360531051047 1.5707963267948957
 1.7001560242956528 1.5707963267948957
 1.712475995486201 1.5707963267948957
 1.7247959666767492 1.5707963267948957
 1.7371159378672973 1.5707963267948957
 1.7494359090578457 1.5707963267948957
 1.761755880248394 1.5707963267948957
 1.774075851438942 1.5707963267948957
 1.7863958226294903 1.5707963267948957
 1.7987157938200384 1.5707963267948957
 1.8110357650105866 1.5707963267948957
 1.8233557362011348 1.5707963267948957
 1.835675707391683 1.5707963267948957
 1.8479956785822311 1.5707963267948957
 1.8603156497727793 1.5707963267948957
 1.8726356209633275 1.5707963267948957
 1.8849555921538759 1.5707963267948957
 1.897275563344424 1.5707963267948957
 1.9095955345349722 1.5707963267948957
 1.9219155057255204 1.5707963267948957
 1.9342354769160686 1.5707963267948957
 1.946555448106617 1.5707963267948957
 1.9588754192971651 1.5707963267948957
 1.9711953904877133 1.5707963267948957
 1.9835153616782615 1.5707963267948957
 1.9958353328688097 1.5707963267948957
 2.008155304059358 1.5707963267948957
 2.0204752752499058 1.5707963267948957
 2.032795246440454 1.5707963267948957
 2.0451152176310026 1.5707963267948957
 2.0574351888215507 1.5707963267948957
 2.069755160012099 1.5707963267948957
 2.082075131202647 1.5707963267948957
 2.0943951023931953 1.5707963267948957
 2.1067150735837434 1.5707963267948957
 2.1190350447742916 1.5707963267948957
 2.13135501596484 1.5707963267948957
 2.143674987155388 1.5707963267948957
 2.155994958345936 1.5707963267948957
 2.1683149295364843 1.5707963267948957
 2.180634900727033 1.5707963267948957
 2.192954871917581 1.5707963267948957
 2.2052748431081293 1.5707963267948957
 2.2175948142986774 1.5707963267948957
 2.2299147854892256 1.5707963267948957
 2.242234756679774 1.5707963267948957
 2.254554727870322 1.5707963267948957
 2.26687469906087 1.5707963267948957
 2.2791946702514183 1.5707963267948957
 2.2915146414419665 1.5707963267948957
 2.303834612632515 1.5707963267948957
 2.3161545838230633 1.5707963267948957
 2.3284745550136114 1.5707963267948957
 2.3407945262041596 1.5707963267948957
 2.353114497394708 1.5707963267948957
 2.365434468585256 1.5707963267948957
 2.377754439775804 1.5707963267948957
 2.3900744109663523 1.5707963267948957
 2.4023943821569005 1.5707963267948957
 2.4147143533474487 1.5707963267948957
 2.427034324537997 1.5707963267948957
 2.4393542957285455 1.5707963267948957
 2.4516742669190936 1.5707963267948957
 2.463994238109642 1.5707963267948957
 2.47631420930019 1.5707963267948957
 2.488634180490738 1.5707963267948957
 2.5009541516812863 1.5707963267948957
 2.5132741228718345 1.5707963267948957
 2.5255940940623827 1.5707963267948957
 2.537914065252931 1.5707963267948957
 2.550234036443479 1.5707963267948957
 2.5625540076340276 1.5707963267948957
 2.574873978824576 1.5707963267948957
 2.587193950015124 1.5707963267948957
 2.599513921205672 1.5707963267948957
 2.6118338923962203 1.5707963267948957
 2.6241538635867685 1.5707963267948957
 2.6364738347773167 1.5707963267948957
 2.648793805967865 1.5707963267948957
 2.661113777158413 1.5707963267948957
 2.673433748348961 1.5707963267948957
 2.6857537195395094 1.5707963267948957
 2.698073690730058 1.5707963267948957
 2.710393661920606 1.5707963267948957
 2.7227136331111543 1.5707963267948957
 2.7350336043017025 1.5707963267948957
 2.7473535754922507 1.5707963267948957
 2.759673546682799 1.5707963267948957
 2.771993517873347 1.5707963267948957
 2.784313489063895 1.5707963267948957
 2.7966334602544434 1.5707963267948957
 2.8089534314449915 1.5707963267948957
 2.8212734026355393 1.5707963267948957
 2.833593373826088 1.5707963267948957
 2.845913345016636 1.5707963267948957
 2.8582333162071842 1.5707963267948957
 2.8705532873977324 1.5707963267948957
 2.8828732585882806 1.5707963267948957
 2.8951932297788288 1.5707963267948957
 2.907513200969377 1.5707963267948957
 2.919833172159925 1.5707963267948957
 2.9321531433504733 1.5707963267948957
 2.9444731145410215 1.5707963267948957
 2.9567930857315696 1.5707963267948957
 2.9691130569221182 1.5707963267948957
 2.9814330281126664 1.5707963267948957
 2.9937529993032146 1.5707963267948957
 3.0060729704937628 1.5707963267948957
 3.018392941684311 1.5707963267948957
 3.030712912874859 1.5707963267948957
 3.0430328840654073 1.5707963267948957
 3.0553528552559555 1.5707963267948957
 3.0676728264465036 1.5707963267948957
 3.079992797637052 1.5707963267948957
 3.0923127688276004 1.5707963267948957
 3.1046327400181486 1.5707963267948957
 3.1169527112086968 1.5707963267948957
 3.129272682399245 1.5707963267948957
 3.141592653589793 1.5707963267948957
 0 2.0943951023931944
 0.012319971190548208 2.0943951023931944
 0.024639942381096416 2.0943951023931944
 0.036959913571644624 2.0943951023931944
 0.04927988476219283 2.0943951023931944
 0.06159985595274104 2.0943951023931944
 0.07391982714328925 2.0943951023931944
 0.08623979833383746 2.0943951023931944
 0.09855976952438567 2.0943951023931944
 0.11087974071493388 2.0943951023931944
 0.12319971190548208 2.0943951023931944
 0.13551968309603027 2.0943951023931944
 0.1478396542865785 2.0943951023931944
 0.16015962547712673 2.0943951023931944
 0.17247959666767493 2.0943951023931944
 0.1847995678582231 2.0943951023931944
 0.19711953904877133 2.0943951023931944
 0.20943951023931956 2.0943951023931944
 0.22175948142986776 2.0943951023931944
 0.23407945262041593 2.0943951023931944
 0.24639942381096416 2.0943951023931944
 0.25871939500151236 2.0943951023931944
 0.27103936619206054 2.0943951023931944
 0.28335933738260877 2.0943951023931944
 0.295679308573157 2.0943951023931944
 0.3079992797637052 2.0943951023931944
 0.32031925095425345 2.0943951023931944
 0.3326392221448016 2.0943951023931944
 0.34495919333534986 2.0943951023931944
 0.35727916452589803 2.0943951023931944
 0.3695991357164462 2.0943951023931944
 0.38191910690699443 2.0943951023931944
 0.39423907809754266 2.0943951023931944
 0.4065590492880909 2.0943951023931944
 0.4188790204786391 2.0943951023931944
 0.4311989916691873 2.0943951023931944
 0.4435189628597355 2.0943951023931944
 0.4558389340502837 2.0943951023931944
 0.46815890524083187 2.0943951023931944
 0.4804788764313801 2.0943951023931944
 0.4927988476219283 2.0943951023931944
 0.5051188188124764 2.0943951023931944
 0.5174387900030247 2.0943951023931944
 0.5297587611935729 2.0943951023931944
 0.5420787323841211 2.0943951023931944
 0.5543987035746694 2.0943951023931944
 0.5667186747652175 2.0943951023931944
 0.5790386459557658 2.0943951023931944
 0.591358617146314 2.0943951023931944
 0.6036785883368622 2.0943951023931944
 0.6159985595274104 2.0943951023931944
 0.6283185307179586 2.0943951023931944
 0.6406385019085069 2.0943951023931944
 0.6529584730990551 2.0943951023931944
 0.6652784442896033 2.0943951023931944
 0.6775984154801515 2.0943951023931944
 0.6899183866706997 2.0943951023931944
 0.7022383578612479 2.0943951023931944
 0.7145583290517961 2.0943951023931944
 0.7268783002423442 2.0943951023931944
 0.7391982714328924 2.0943951023931944
 0.7515182426234407 2.0943951023931944
 0.7638382138139889 2.0943951023931944
 0.7761581850045371 2.0943951023931944
 0.7884781561950853 2.0943951023931944
 0.8007981273856335 2.0943951023931944
 0.8131180985761818 2.0943951023931944
 0.82543806976673 2.0943951023931944
 0.8377580409572782 2.0943951023931944
 0.8500780121478264 2.0943951023931944
 0.8623979833383746 2.0943951023931944
 0.8747179545289229 2.0943951023931944
 0.887037925719471 2.0943951023931944
 0.8993578969100192 2.0943951023931944
 0.9116778681005674 2.0943951023931944
 0.9239978392911156 2.0943951023931944
 0.9363178104816637 2.0943951023931944
 0.948637781672212 2.0943951023931944
 0.9609577528627602 2.0943951023931944
 0.9732777240533085 2.0943951023931944
 0.9855976952438567 2.0943951023931944
 0.9979176664344048 2.0943951023931944
 1.0102376376249529 2.0943951023931944
 1.0225576088155013 2.0943951023931944
 1.0348775800060495 2.0943951023931944
 1.0471975511965976 2.0943951023931944
 1.0595175223871458 2.0943951023931944
 1.071837493577694 2.0943951023931944
 1.0841574647682422 2.0943951023931944
 1.0964774359587905 2.0943951023931944
 1.1087974071493387 2.0943951023931944
 1.121117378339887 2.0943951023931944
 1.133437349530435 2.0943951023931944
 1.1457573207209832 2.0943951023931944
 1.1580772919115316 2.0943951023931944
 1.1703972631020798 2.0943951023931944
 1.182717234292628 2.0943951023931944
 1.1950372054831762 2.0943951023931944
 1.2073571766737243 2.0943951023931944
 1.2196771478642727 2.0943951023931944
 1.231997119054821 2.0943951023931944
 1.244317090245369 2.0943951023931944
 1.2566370614359172 2.0943951023931944
 1.2689570326264654 2.0943951023931944
 1.2812770038170138 2.0943951023931944
 1.293596975007562 2.0943951023931944
 1.3059169461981102 2.0943951023931944
 1.3182369173886583 2.0943951023931944
 1.3305568885792065 2.0943951023931944
 1.3428768597697547 2.0943951023931944
 1.355196830960303 2.0943951023931944
 1.3675168021508513 2.0943951023931944
 1.3798367733413994 2.0943951023931944
 1.3921567445319476 2.0943951023931944
 1.4044767157224958 2.0943951023931944
 1.416796686913044 2.0943951023931944
 1.4291166581035921 2.0943951023931944
 1.4414366292941403 2.0943951023931944
 1.4537566004846885 2.0943951023931944
 1.4660765716752366 2.0943951023931944
 1.4783965428657848 2.0943951023931944
 1.4907165140563332 2.0943951023931944
 1.5030364852468814 2.0943951023931944
 1.5153564564374296 2.0943951023931944
 1.5276764276279777 2.0943951023931944
 1.539996398818526 2.0943951023931944
 1.5523163700090743 2.0943951023931944
 1.5646363411996225 2.0943951023931944
 1.5769563123901706 2.0943951023931944
 1.5892762835807188 2.0943951023931944
 1.601596254771267 2.0943951023931944
 1.6139162259618154 2.0943951023931944
 1.6262361971523636 2.0943951023931944
 1.6385561683429117 2.0943951023931944
 1.65087613953346 2.0943951023931944
 1.663196110724008 2.0943951023931944
 1.6755160819145565 2.0943951023931944
 1.6878360531051047 2.0943951023931944
 1.7001560242956528 2.0943951023931944
 1.712475995486201 2.0943951023931944
 1.7247959666767492 2.0943951023931944
 1.7371159378672973 2.0943951023931944
 1.7494359090578457 2.0943951023931944
 1.761755880248394 2.0943951023931944
 1.774075851438942 2.0943951023931944
 1.7863958226294903 2.0943951023931944
 1.7987157938200384 2.0943951023931944
 1.8110357650105866 2.0943951023931944
 1.8233557362011348 2.0943951023931944
 1.835675707391683 2.0943951023931944
 1.8479956785822311 2.0943951023931944
 1.8603156497727793 2.0943951023931944
 1.8726356209633275 2.0943951023931944
 1.8849555921538759 2.0943951023931944
 1.897275563344424 2.0943951023931944
 1.9095955345349722 2.0943951023931944
 1.9219155057255204 2.0943951023931944
 1.9342354769160686 2.0943951023931944
 1.946555448106617 2.0943951023931944
 1.9588754192971651 2.0943951023931944
 1.9711953904877133 2.0943951023931944
 1.9835153616782615 2.0943951023931944
 1.9958353328688097 2.0943951023931944
 2.008155304059358 2.0943951023931944
 2.0204752752499058 2.0943951023931944
 2.032795246440454 2.0943951023931944
 2.0451152176310026 2.0943951023931944
 2.0574351888215507 2.0943951023931944
 2.069755160012099 2.0943951023931944
 2.082075131202647 2.0943951023931944
 2.0943951023931953 2.0943951023931944
 2.1067150735837434 2.0943951023931944
 2.1190350447742916 2.0943951023931944
 2.13135501596484 2.0943951023931944
 2.143674987155388 2.0943951023931944
 2.155994958345936 2.0943951023931944
 2.1683149295364843 2.0943951023931944
 2.180634900727033 2.0943951023931944
 2.192954871917581 2.0943951023931944
 2.2052748431081293 2.0943951023931944
 2.2175948142986774 2.0943951023931944
 2.2299147854892256 2.0943951023931944
 2.242234756679774 2.0943951023931944
 2.254554727870322 2.0943951023931944
 2.26687469906087 2.0943951023931944
 2.2791946702514183 2.0943951023931944
 2.2915146414419665 2.0943951023931944
 2.303834612632515 2.0943951023931944
 2.3161545838230633 2.0943951023931944
 2.3284745550136114 2.0943951023931944
 2.3407945262041596 2.0943951023931944
 2.353114497394708 2.0943951023931944
 2.365434468585256 2.0943951023931944
 2.377754439775804 2.0943951023931944
 2.3900744109663523 2.0943951023931944
 2.4023943821569005 2.0943951023931944
 2.4147143533474487 2.0943951023931944
 2.427034324537997 2.0943951023931944
 2.4393542957285455 2.0943951023931944
 2.4516742669190936 2.0943951023931944
 2.463994238109642 2.0943951023931944
 2.47631420930019 2.0943951023931944
 2.488634180490738 2.0943951023931944
 2.5009541516812863 2.0943951023931944
 2.5132741228718345 2.0943951023931944
 2.5255940940623827 2.0943951023931944
 2.537914065252931 2.0943951023931944
 2.550234036443479 2.0943951023931944
 2.5625540076340276 2.0943951023931944
 2.574873978824576 2.0943951023931944
 2.587193950015124 2.0943951023931944
 2.599513921205672 2.0943951023931944
 2.6118338923962203 2.0943951023931944
 2.6241538635867685 2.0943951023931944
 2.6364738347773167 2.0943951023931944
 2.648793805967865 2.0943951023931944
 2.661113777158413 2.0943951023931944
 2.673433748348961 2.0943951023931944
 2.6857537195395094 2.0943951023931944
 2.698073690730058 2.0943951023931944
 2.710393661920606 2.0943951023931944
 2.7227136331111543 2.0943951023931944
 2.7350336043017025 2.0943951023931944
 2.7473535754922507 2.0943951023931944
 2.759673546682799 2.0943951023931944
 2.771993517873347 2.0943951023931944
 2.784313489063895 2.0943951023931944
 2.7966334602544434 2.0943951023931944
 2.8089534314449915 2.0943951023931944
 2.8212734026355393 2.0943951023931944
 2.833593373826088 2.0943951023931944
 2.845913345016636 2.0943951023931944
 2.8582333162071842 2.0943951023931944
 2.8705532873977324 2.0943951023931944
 2.8828732585882806 2.0943951023931944
 2.8951932297788288 2.0943951023931944
 2.907513200969377 2.0943951023931944
 2.919833172159925 2.0943951023931944
 2.9321531433504733 2.0943951023931944
 2.9444731145410215 2.0943951023931944
 2.9567930857315696 2.0943951023931944
 2.9691130569221182 2.0943951023931944
 2.9814330281126664 2.0943951023931944
 2.9937529993032146 2.0943951023931944
 3.0060729704937628 2.0943951023931944
 3.018392941684311 2.0943951023931944
 3.030712912874859 2.0943951023931944
 3.0430328840654073 2.0943951023931944
 3.0553528552559555 2.0943951023931944
 3.0676728264465036 2.0943951023931944
 3.079992797637052 2.0943951023931944
 3.0923127688276004 2.0943951023931944
 3.1046327400181486 2.0943951023931944
 3.1169527112086968 2.0943951023931944
 3.129272682399245 2.0943951023931944
 3.141592653589793 2.0943951023931944
 0 2.617993877991493
 0.012319971190548208 2.617993877991493
 0.024639942381096416 2.617993877991493
 0.036959913571644624 2.617993877991493
 0.04927988476219283 2.617993877991493
 0.06159985595274104 2.617993877991493
 0.07391982714328925 2.617993877991493
 0.08623979833383746 2.617993877991493
 0.09855976952438567 2.617993877991493
 0.11087974071493388 2.617993877991493
 0.12319971190548208 2.617993877991493
 0.13551968309603027 2.617993877991493
 0.1478396542865785 2.617993877991493
 0.16015962547712673 2.617993877991493
 0.17247959666767493 2.617993877991493
 0.1847995678582231 2.617993877991493
 0.19711953904877133 2.617993877991493
 0.20943951023931956 2.617993877991493
 0.22175948142986776 2.617993877991493
 0.23407945262041593 2.617993877991493
 0.24639942381096416 2.617993877991493
 0.25871939500151236 2.617993877991493
 0.27103936619206054 2.617993877991493
 0.28335933738260877 2.617993877991493
 0.295679308573157 2.617993877991493
 0.3079992797637052 2.617993877991493
 0.32031925095425345 2.617993877991493
 0.3326392221448016 2.617993877991493
 0.34495919333534986 2.617993877991493
 0.35727916452589803 2.617993877991493
 0.3695991357164462 2.617993877991493
 0.38191910690699443 2.617993877991493
 0.39423907809754266 2.617993877991493
 0.4065590492880909 2.617993877991493
 0.4188790204786391 2.617993877991493
 0.4311989916691873 2.617993877991493
 0.4435189628597355 2.617993877991493
 0.4558389340502837 2.617993877991493
 0.46815890524083187 2.617993877991493
 0.4804788764313801 2.617993877991493
 0.4927988476219283 2.617993877991493
 0.5051188188124764 2.617993877991493
 0.5174387900030247 2.617993877991493
 0.5297587611935729 2.617993877991493
 0.5420787323841211 2.617993877991493
 0.5543987035746694 2.617993877991493
 0.5667186747652175 2.617993877991493
 0.5790386459557658 2.617993877991493
 0.591358617146314 2.617993877991493
 0.6036785883368622 2.617993877991493
 0.6159985595274104 2.617993877991493
 0.6283185307179586 2.617993877991493
 0.6406385019085069 2.617993877991493
 0.6529584730990551 2.617993877991493
 0.6652784442896033 2.617993877991493
 0.6775984154801515 2.617993877991493
 0.6899183866706997 2.617993877991493
 0.7022383578612479 2.617993877991493
 0.7145583290517961 2.617993877991493
 0.7268783002423442 2.617993877991493
 0.7391982714328924 2.617993877991493
 0.7515182426234407 2.617993877991493
 0.7638382138139889 2.617993877991493
 0.7761581850045371 2.617993877991493
 0.7884781561950853 2.617993877991493
 0.8007981273856335 2.617993877991493
 0.8131180985761818 2.617993877991493
 0.82543806976673 2.617993877991493
 0.8377580409572782 2.617993877991493
 0.8500780121478264 2.617993877991493
 0.8623979833383746 2.617993877991493
 0.8747179545289229 2.617993877991493
 0.887037925719471 2.617993877991493
 0.8993578969100192 2.617993877991493
 0.9116778681005674 2.617993877991493
 0.9239978392911156 2.617993877991493
 0.9363178104816637 2.617993877991493
 0.948637781672212 2.617993877991493
 0.9609577528627602 2.617993877991493
 0.9732777240533085 2.617993877991493
 0.9855976952438567 2.617993877991493
 0.9979176664344048 2.617993877991493
 1.0102376376249529 2.617993877991493
 1.0225576088155013 2.617993877991493
 1.0348775800060495 2.617993877991493
 1.0471975511965976 2.617993877991493
 1.0595175223871458 2.617993877991493
 1.071837493577694 2.617993877991493
 1.0841574647682422 2.617993877991493
 1.0964774359587905 2.617993877991493
 1.1087974071493387 2.617993877991493
 1.121117378339887 2.617993877991493
 1.133437349530435 2.617993877991493
 1.1457573207209832 2.617993877991493
 1.1580772919115316 2.617993877991493
 1.1703972631020798 2.617993877991493
 1.182717234292628 2.617993877991493
 1.1950372054831762 2.617993877991493
 1.2073571766737243 2.617993877991493
 1.2196771478642727 2.617993877991493
 1.231997119054821 2.617993877991493
 1.244317090245369 2.617993877991493
 1.2566370614359172 2.617993877991493
 1.2689570326264654 2.617993877991493
 1.2812770038170138 2.617993877991493
 1.293596975007562 2.617993877991493
 1.3059169461981102 2.617993877991493
 1.3182369173886583 2.617993877991493
 1.3305568885792065 2.617993877991493
 1.3428768597697547 2.617993877991493
 1.355196830960303 2.617993877991493
 1.3675168021508513 2.617993877991493
 1.3798367733413994 2.617993877991493
 1.3921567445319476 2.617993877991493
 1.4044767157224958 2.617993877991493
 1.416796686913044 2.617993877991493
 1.4291166581035921 2.617993877991493
 1.4414366292941403 2.617993877991493
 1.4537566004846885 2.617993877991493
 1.4660765716752366 2.617993877991493
 1.4783965428657848 2.617993877991493
 1.4907165140563332 2.617993877991493
 1.5030364852468814 2.617993877991493
 1.5153564564374296 2.617993877991493
 1.5276764276279777 2.617993877991493
 1.539996398818526 2.617993877991493
 1.5523163700090743 2.617993877991493
 1.5646363411996225 2.617993877991493
 1.5769563123901706 2.617993877991493
 1.5892762835807188 2.617993877991493
 1.601596254771267 2.617993877991493
 1.6139162259618154 2.617993877991493
 1.6262361971523636 2.617993877991493
 1.6385561683429117 2.617993877991493
 1.65087613953346 2.617993877991493
 1.663196110724008 2.617993877991493
 1.6755160819145565 2.617993877991493
 1.6878360531051047 2.617993877991493
 1.7001560242956528 2.617993877991493
 1.712475995486201 2.617993877991493
 1.7247959666767492 2.617993877991493
 1.7371159378672973 2.617993877991493
 1.7494359090578457 2.617993877991493
 1.761755880248394 2.617993877991493
 1.774075851438942 2.617993877991493
 1.7863958226294903 2.617993877991493
 1.7987157938200384 2.617993877991493
 1.8110357650105866 2.617993877991493
 1.8233557362011348 2.617993877991493
 1.835675707391683 2.617993877991493
 1.8479956785822311 2.617993877991493
 1.8603156497727793 2.617993877991493
 1.8726356209633275 2.617993877991493
 1.8849555921538759 2.617993877991493
 1.897275563344424 2.617993877991493
 1.9095955345349722 2.617993877991493
 1.9219155057255204 2.617993877991493
 1.9342354769160686 2.617993877991493
 1.946555448106617 2.617993877991493
 1.9588754192971651 2.617993877991493
 1.9711953904877133 2.617993877991493
 1.9835153616782615 2.617993877991493
 1.9958353328688097 2.617993877991493
 2.008155304059358 2.617993877991493
 2.0204752752499058 2.617993877991493
 2.032795246440454 2.617993877991493
 2.0451152176310026 2.617993877991493
 2.0574351888215507 2.617993877991493
 2.069755160012099 2.617993877991493
 2.082075131202647 2.617993877991493
 2.0943951023931953 2.617993877991493
 2.1067150735837434 2.617993877991493
 2.1190350447742916 2.617993877991493
 2.13135501596484 2.617993877991493
 2.143674987155388 2.617993877991493
 2.155994958345936 2.617993877991493
 2.1683149295364843 2.617993877991493
 2.180634900727033 2.617993877991493
 2.192954871917581 2.617993877991493
 2.2052748431081293 2.617993877991493
 2.2175948142986774 2.617993877991493
 2.2299147854892256 2.617993877991493
 2.242234756679774 2.617993877991493
 2.254554727870322 2.617993877991493
 2.26687469906087 2.617993877991493
 2.2791946702514183 2.617993877991493
 2.2915146414419665 2.617993877991493
 2.303834612632515 2.617993877991493
 2.3161545838230633 2.617993877991493
 2.3284745550136114 2.617993877991493
 2.3407945262041596 2.617993877991493
 2.353114497394708 2.617993877991493
 2.365434468585256 2.617993877991493
 2.377754439775804 2.617993877991493
 2.3900744109663523 2.617993877991493
 2.4023943821569005 2.617993877991493
 2.4147143533474487 2.617993877991493
 2.427034324537997 2.617993877991493
 2.4393542957285455 2.617993877991493
 2.4516742669190936 2.617993877991493
 2.463994238109642 2.617993877991493
 2.47631420930019 2.617993877991493
 2.488634180490738 2.617993877991493
 2.5009541516812863 2.617993877991493
 2.5132741228718345 2.617993877991493
 2.5255940940623827 2.617993877991493
 2.537914065252931 2.617993877991493
 2.550234036443479 2.617993877991493
 2.5625540076340276 2.617993877991493
 2.574873978824576 2.617993877991493
 2.587193950015124 2.617993877991493
 2.599513921205672 2.617993877991493
 2.6118338923962203 2.617993877991493
 2.6241538635867685 2.617993877991493
 2.6364738347773167 2.617993877991493
 2.648793805967865 2.617993877991493
 2.661113777158413 2.617993877991493
 2.673433748348961 2.617993877991493
 2.6857537195395094 2.617993877991493
 2.698073690730058 2.617993877991493
 2.710393661920606 2.617993877991493
 2.7227136331111543 2.617993877991493
 2.7350336043017025 2.617993877991493
 2.7473535754922507 2.617993877991493
 2.759673546682799 2.617993877991493
 2.771993517873347 2.617993877991493
 2.784313489063895 2.617993877991493
 2.7966334602544434 2.617993877991493
 2.8089534314449915 2.617993877991493
 2.8212734026355393 2.617993877991493
 2.833593373826088 2.617993877991493
 2.845913345016636 2.617993877991493
 2.8582333162071842 2.617993877991493
 2.8705532873977324 2.617993877991493
 2.8828732585882806 2.617993877991493
 2.8951932297788288 2.617993877991493
 2.907513200969377 2.617993877991493
 2.919833172159925 2.617993877991493
 2.9321531433504733 2.617993877991493
 2.9444731145410215 2.617993877991493
 2.9567930857315696 2.617993877991493
 2.9691130569221182 2.617993877991493
 2.9814330281126664 2.617993877991493
 2.9937529993032146 2.617993877991493
 3.0060729704937628 2.617993877991493
 3.018392941684311 2.617993877991493
 3.030712912874859 2.617993877991493
 3.0430328840654073 2.617993877991493
 3.0553528552559555 2.617993877991493
 3.0676728264465036 2.617993877991493
 3.079992797637052 2.617993877991493
 3.0923127688276004 2.617993877991493
 3.1046327400181486 2.617993877991493
 3.1169527112086968 2.617993877991493
 3.129272682399245 2.617993877991493
 3.141592653589793 2.617993877991493
 0 3.141592653589792
 0.012319971190548208 3.141592653589792
 0.024639942381096416 3.141592653589792
 0.036959913571644624 3.141592653589792
 0.04927988476219283 3.141592653589792
 0.06159985595274104 3.141592653589792
 0.07391982714328925 3.141592653589792
 0.08623979833383746 3.141592653589792
 0.09855976952438567 3.141592653589792
 0.11087974071493388 3.141592653589792
 0.12319971190548208 3.141592653589792
 0.13551968309603027 3.141592653589792
 0.1478396542865785 3.141592653589792
 0.16015962547712673 3.141592653589792
 0.17247959666767493 3.141592653589792
 0.1847995678582231 3.141592653589792
 0.19711953904877133 3.141592653589792
 0.20943951023931956 3.141592653589792
 0.22175948142986776 3.141592653589792
 0.23407945262041593 3.141592653589792
 0.24639942381096416 3.141592653589792
 0.25871939500151236 3.141592653589792
 0.27103936619206054 3.141592653589792
 0.28335933738260877 3.141592653589792
 0.295679308573157 3.141592653589792
 0.3079992797637052 3.141592653589792
 0.32031925095425345 3.141592653589792
 0.3326392221448016 3.141592653589792
 0.34495919333534986 3.141592653589792
 0.35727916452589803 3.141592653589792
 0.3695991357164462 3.141592653589792
 0.38191910690699443 3.141592653589792
 0.39423907809754266 3.141592653589792
 0.4065590492880909 3.141592653589792
 0.4188790204786391 3.141592653589792
 0.4311989916691873 3.141592653589792
 0.4435189628597355 3.141592653589792
 0.4558389340502837 3.141592653589792
 0.46815890524083187 3.141592653589792
 0.4804788764313801 3.141592653589792
 0.4927988476219283 3.141592653589792
 0.5051188188124764 3.141592653589792
 0.5174387900030247 3.141592653589792
 0.5297587611935729 3.141592653589792
 0.5420787323841211 3.141592653589792
 0.5543987035746694 3.141592653589792
 0.5667186747652175 3.141592653589792
 0.5790386459557658 3.141592653589792
 0.591358617146314 3.141592653589792
 0.6036785883368622 3.141592653589792
 0.6159985595274104 3.141592653589792
 0.6283185307179586 3.141592653589792
 0.6406385019085069 3.141592653589792
 0.6529584730990551 3.141592653589792
 0.6652784442896033 3.141592653589792
 0.6775984154801515 3.141592653589792
 0.6899183866706997 3.141592653589792
 0.7022383578612479 3.141592653589792
 0.7145583290517961 3.141592653589792
 0.7268783002423442 3.141592653589792
 0.7391982714328924 3.141592653589792
 0.7515182426234407 3.141592653589792
 0.7638382138139889 3.141592653589792
 0.7761581850045371 3.141592653589792
 0.7884781561950853 3.141592653589792
 0.8007981273856335 3.141592653589792
 0.8131180985761818 3.141592653589792
 0.82543806976673 3.141592653589792
 0.8377580409572782 3.141592653589792
 0.8500780121478264 3.141592653589792
 0.8623979833383746 3.141592653589792
 0.8747179545289229 3.141592653589792
 0.887037925719471 3.141592653589792
 0.8993578969100192 3.141592653589792
 0.9116778681005674 3.141592653589792
 0.9239978392911156 3.141592653589792
 0.9363178104816637 3.141592653589792
 0.948637781672212 3.141592653589792
 0.9609577528627602 3.141592653589792
 0.9732777240533085 3.141592653589792
 0.9855976952438567 3.141592653589792
 0.9979176664344048 3.141592653589792
 1.0102376376249529 3.141592653589792
 1.0225576088155013 3.141592653589792
 1.0348775800060495 3.141592653589792
 1.0471975511965976 3.141592653589792
 1.0595175223871458 3.141592653589792
 1.071837493577694 3.141592653589792
 1.0841574647682422 3.141592653589792
 1.0964774359587905 3.141592653589792
 1.1087974071493387 3.141592653589792
 1.121117378339887 3.141592653589792
 1.133437349530435 3.141592653589792
 1.1457573207209832 3.141592653589792
 1.1580772919115316 3.141592653589792
 1.1703972631020798 3.141592653589792
 1.182717234292628 3.141592653589792
 1.1950372054831762 3.141592653589792
 1.2073571766737243 3.141592653589792
 1.2196771478642727 3.141592653589792
 1.231997119054821 3.141592653589792
 1.244317090245369 3.141592653589792
 1.2566370614359172 3.141592653589792
 1.2689570326264654 3.141592653589792
 1.2812770038170138 3.141592653589792
 1.293596975007562 3.141592653589792
 1.3059169461981102 3.141592653589792
 1.3182369173886583 3.141592653589792
 1.3305568885792065 3.141592653589792
 1.3428768597697547 3.141592653589792
 1.355196830960303 3.141592653589792
 1.3675168021508513 3.141592653589792
 1.3798367733413994 3.141592653589792
 1.3921567445319476 3.141592653589792
 1.4044767157224958 3.141592653589792
 1.416796686913044 3.141592653589792
 1.4291166581035921 3.141592653589792
 1.4414366292941403 3.141592653589792
 1.4537566004846885 3.141592653589792
 1.4660765716752366 3.141592653589792
 1.4783965428657848 3.141592653589792
 1.4907165140563332 3.141592653589792
 1.5030364852468814 3.141592653589792
 1.5153564564374296 3.141592653589792
 1.5276764276279777 3.141592653589792
 1.539996398818526 3.141592653589792
 1.5523163700090743 3.141592653589792
 1.5646363411996225 3.141592653589792
 1.5769563123901706 3.141592653589792
 1.5892762835807188 3.141592653589792
 1.601596254771267 3.141592653589792
 1.6139162259618154 3.141592653589792
 1.6262361971523636 3.141592653589792
 1.6385561683429117 3.141592653589792
 1.65087613953346 3.141592653589792
 1.663196110724008 3.141592653589792
 1.6755160819145565 3.141592653589792
 1.6878360531051047 3.141592653589792
 1.7001560242956528 3.141592653589792
 1.712475995486201 3.141592653589792
 1.7247959666767492 3.141592653589792
 1.7371159378672973 3.141592653589792
 1.7494359090578457 3.141592653589792
 1.761755880248394 3.141592653589792
 1.774075851438942 3.141592653589792
 1.7863958226294903 3.141592653589792
 1.7987157938200384 3.141592653589792
 1.8110357650105866 3.141592653589792
 1.8233557362011348 3.141592653589792
 1.835675707391683 3.141592653589792
 1.8479956785822311 3.141592653589792
 1.8603156497727793 3.141592653589792
 1.8726356209633275 3.141592653589792
 1.8849555921538759 3.141592653589792
 1.897275563344424 3.141592653589792
 1.9095955345349722 3.141592653589792
 1.9219155057255204 3.141592653589792
 1.9342354769160686 3.141592653589792
 1.946555448106617 3.141592653589792
 1.9588754192971651 3.141592653589792
 1.9711953904877133 3.141592653589792
 1.9835153616782615 3.141592653589792
 1.9958353328688097 3.141592653589792
 2.008155304059358 3.141592653589792
 2.0204752752499058 3.141592653589792
 2.032795246440454 3.141592653589792
 2.0451152176310026 3.141592653589792
 2.0574351888215507 3.141592653589792
 2.069755160012099 3.141592653589792
 2.082075131202647 3.141592653589792
 2.0943951023931953 3.141592653589792
 2.1067150735837434 3.141592653589792
 2.1190350447742916 3.141592653589792
 2.13135501596484 3.141592653589792
 2.143674987155388 3.141592653589792
 2.155994958345936 3.141592653589792
 2.1683149295364843 3.141592653589792
 2.180634900727033 3.141592653589792
 2.192954871917581 3.141592653589792
 2.2052748431081293 3.141592653589792
 2.2175948142986774 3.141592653589792
 2.2299147854892256 3.141592653589792
 2.242234756679774 3.141592653589792
 2.254554727870322 3.141592653589792
 2.26687469906087 3.141592653589792
 2.2791946702514183 3.141592653589792
 2.2915146414419665 3.141592653589792
 2.303834612632515 3.141592653589792
 2.3161545838230633 3.141592653589792
 2.3284745550136114 3.141592653589792
 2.3407945262041596 3.141592653589792
 2.353114497394708 3.141592653589792
 2.365434468585256 3.141592653589792
 2.377754439775804 3.141592653589792
 2.3900744109663523 3.141592653589792
 2.4023943821569005 3.141592653589792
 2.4147143533474487 3.141592653589792
 2.427034324537997 3.141592653589792
 2.4393542957285455 3.141592653589792
 2.4516742669190936 3.141592653589792
 2.463994238109642 3.141592653589792
 2.47631420930019 3.141592653589792
 2.488634180490738 3.141592653589792
 2.5009541516812863 3.141592653589792
 2.5132741228718345 3.141592653589792
 2.5255940940623827 3.141592653589792
 2.537914065252931 3.141592653589792
 2.550234036443479 3.141592653589792
 2.5625540076340276 3.141592653589792
 2.574873978824576 3.141592653589792
 2.587193950015124 3.141592653589792
 2.599513921205672 3.141592653589792
 2.6118338923962203 3.141592653589792
 2.6241538635867685 3.141592653589792
 2.6364738347773167 3.141592653589792
 2.648793805967865 3.141592653589792
 2.661113777158413 3.141592653589792
 2.673433748348961 3.141592653589792
 2.6857537195395094 3.141592653589792
 2.698073690730058 3.141592653589792
 2.710393661920606 3.141592653589792
 2.7227136331111543 3.141592653589792
 2.7350336043017025 3.141592653589792
 2.7473535754922507 3.141592653589792
 2.759673546682799 3.141592653589792
 2.771993517873347 3.141592653589792
 2.784313489063895 3.141592653589792
 2.7966334602544434 3.141592653589792
 2.8089534314449915 3.141592653589792
 2.8212734026355393 3.141592653589792
 2.833593373826088 3.141592653589792
 2.845913345016636 3.141592653589792
 2.8582333162071842 3.141592653589792
 2.8705532873977324 3.141592653589792
 2.8828732585882806 3.141592653589792
 2.8951932297788288 3.141592653589792
 2.907513200969377 3.141592653589792
 2.919833172159925 3.141592653589792
 2.9321531433504733 3.141592653589792
 2.9444731145410215 3.141592653589792
 2.9567930857315696 3.141592653589792
 2.9691130569221182 3.141592653589792
 2.9814330281126664 3.141592653589792
 2.9937529993032146 3.141592653589792
 3.0060729704937628 3.141592653589792
 3.018392941684311 3.141592653589792
 3.030712912874859 3.141592653589792
 3.0430328840654073 3.141592653589792
 3.0553528552559555 3.141592653589792
 3.0676728264465036 3.141592653589792
 3.079992797637052 3.141592653589792
 3.0923127688276004 3.141592653589792
 3.1046327400181486 3.141592653589792
 3.1169527112086968 3.141592653589792
 3.129272682399245 3.141592653589792
 3.141592653589793 3.141592653589792
