0.0 0.0 1.0
-0.012319659535238442 -1.5087231616414928e-18 0.9999241101148306
-0.02463744919538197 -3.017217329628006e-18 0.9996964519778716
-0.03695149938914489 -4.525253545061167e-18 0.9993170601430229
-0.04925994109281685 -6.032602918550533e-18 0.99878599219429
-0.061560906133942835 -7.539036664954376e-18 0.9981033287370441
-0.07385252747487396 -9.044326138104635e-18 0.997269173385788
-0.086132939496146 -1.0548242865510785e-17 0.9962836527484294
-0.0984002782796427 -1.2050558583037327e-17 0.9951469164070644
-0.11065268189150085 -1.355104526954968e-17 0.9938591368952737
-0.12288829066471411 -1.504947518152317e-17 0.9924205096719357
-0.13510524748139294 -1.6545620887609887e-17 0.9908312530915603
-0.1473016980546375 -1.8039255303158172e-17 0.989091608371146
-0.15947579120998082 -1.953015172467946e-17 0.987201839553569
-0.17162567916635962 -2.101808386425729e-17 0.9851622334675065
-0.1837495178165703 -2.250282588389324e-17 0.9829730996839018
-0.19584546700716696 -2.398415242978456e-17 0.9806347704689777
-0.20791169081775934 -2.5461838666528314e-17 0.9781476007338057
-0.21994635783966862 -2.6935660311246853e-17 0.9755119679804366
-0.23194764145389812 -2.840539366762943e-17 0.9727282722446048
-0.24391372010837714 -2.987081565988475e-17 0.9697969360350095
-0.2558427775944356 -3.133170386659937e-17 0.9667184042691874
-0.26773300332246786 -3.2787836554496797e-17 0.9634931442059831
-0.2795825925967438 -3.4238992712092076e-17 0.9601216453746282
-0.2913897468893246 -3.568495208323688e-17 0.9566044195004408
-0.30315267411304353 -3.712549520054994e-17 0.9529420004271566
-0.3148695888935079 -3.856040341872775e-17 0.9491349440359013
-0.3265387128400833 -3.998945894773047e-17 0.9451838281608196
-0.3381582748158171 -4.1412444885838146e-17 0.9410892525013715
-0.34972651120626114 -4.282914525257187e-17 0.9368518385313106
-0.36124166618715287 -4.423934502147534e-17 0.9324722294043558
-0.37270199199091397 -4.564283015275153e-17 0.9279510898565747
-0.38410574917192586 -4.7039387625749514e-17 0.9232891061054893
-0.3954512068705425 -4.8428805471296774e-17 0.918486985745923
-0.4067366430758002 -4.981087280387182e-17 0.9135454576426009
-0.4179603448867834 -5.1185379853612314e-17 0.9084652718195237
-0.429120608772609 -5.255211799815392e-17 0.9032471993461288
-0.4402157408309873 -5.391087979429494e-17 0.8978920322202582
-0.4512440570453228 -5.526145900948202e-17 0.8924005832479478
-0.46220388354031317 -5.660365065311205e-17 0.8867736859200619
-0.47309355683601007 -5.793725100764561e-17 0.8810121942857845
-0.4839114241003015 -5.926205765952716e-17 0.8751169828229928
-0.4946558433997788 -6.057786952990735e-17 0.8690889463055284
-0.505325183948948 -6.188448690516266e-17 0.8629289996673897
-0.515917826357751 -6.318171146720797e-17 0.8566380778638628
-0.5264321628773557 -6.446934632359718e-17 0.8502171357296142
-0.53686659764418 -6.57471960374075e-17 0.8436671478337664
-0.5472195469221112 -6.701506665690283e-17 0.8369891083319778
-0.5574894393428855 -6.827276574497172e-17 0.8301840308155507
-0.5676747161445901 -6.952010240833546e-17 0.8232529481575873
-0.5777738314082511 -7.075688732652172e-17 0.8161969123562217
-0.5877852522924731 -7.198293278059966e-17 0.8090169943749475
-0.5977074592660937 -7.319805268167186e-17 0.8017142839800666
-0.6075389463388169 -7.440206259911877e-17 0.7942898895752861
-0.6172782212897929 -7.559477978859165e-17 0.7867449380334832
-0.6269238058941065 -7.677602321974941e-17 0.7790805745256704
-0.6364742361471414 -7.794561360373533e-17 0.7712979623471806
-0.6459280624867874 -7.910337342038957e-17 0.763398282741103
-0.6552838500134536 -8.024912694519302e-17 0.7553827347189938
-0.664540178707858 -8.138270027593883e-17 0.747252534878891
-0.6736956436465571 -8.25039213591272e-17 0.7390089172206592
-0.6827488552151855 -8.361262001607966e-17 0.7306531329586932
-0.6916984393193699 -8.470862796876861e-17 0.7221864503320093
-0.700543037593291 -8.579177886535876e-17 0.7136101544117524
-0.7092813076058534 -8.686190830545576e-17 0.7049255469061472
-0.7179119230644418 -8.791885386505897e-17 0.6961339459629267
-0.7264335740162241 -8.896245512121407e-17 0.6872366859692627
-0.7348449670469757 -8.99925536763621e-17 0.678235117349234
-0.7431448254773942 -9.100899318238092e-17 0.6691306063588582
-0.7513318895568732 -9.201161936431575e-17 0.6599245348787226
-0.7594049166547071 -9.300028004379496e-17 0.6506183002042422
-0.7673626814486969 -9.397482516212767e-17 0.6412133148335784
-0.7752039761111298 -9.493510680307964e-17 0.6317110062532509
-0.7829276104921028 -9.588097921532394e-17 0.6221128167214739
-0.7905324123001632 -9.681229883456306e-17 0.61242020304925
-0.7980172272802395 -9.772892430531911e-17 0.6026346363792565
-0.8053809193888326 -9.863071650238863e-17 0.592757601962555
-0.8126223709664456 -9.951753855195907e-17 0.582790598933161
-0.819740482907221 -1.0038925585238338e-16 0.5727351400805053
-0.8267341748257635 -1.0124573609460995e-16 0.5625927516198231
-0.8336023852211194 -1.0208684928226427e-16 0.5523649729605059
-0.8403440716378927 -1.0291246775137994e-16 0.5420533564724495
-0.846958210824467 -1.0372246618977526e-16 0.5316594672504363
-0.8534437988883159 -1.0451672165607336e-16 0.5211848828765852
-0.8597998514483723 -1.052951135983619e-16 0.510631193180907
-0.8660254037844386 -1.0605752387249068e-16 0.5000000000000001
-0.8721195109836107 -1.0680383676000339e-16 0.48929291693392374
-0.8780812480836978 -1.0753393898570135e-16 0.4785115691012867
-0.8839097102136119 -1.0824771973483644e-16 0.467657592892587
-0.8896040127307095 -1.0894507066993047e-16 0.45673263572184064
-0.8951632913550623 -1.0962588594721866e-16 0.4457383557765383
-0.9005867023006374 -1.1029006223271459e-16 0.43467642176596505
-0.9058734224033671 -1.1093749871789418e-16 0.4235485126679244
-0.9110226492460882 -1.1156809713499638e-16 0.41235631747390367
-0.9160336012803335 -1.1218176177193831e-16 0.4011015349327188
-0.9209055179449536 -1.1277839948684228e-16 0.3897858732926794
-0.9256376597815562 -1.1335791972217296e-16 0.37841105004231035
-0.9302293085467402 -1.139202345184821e-16 0.3669787916496722
-0.9346797673211106 -1.144652585277591e-16 0.35549083330031817
-0.9389883606150565 -1.1499290902638495e-16 0.34394891863392807
-0.9431544344712774 -1.155031059276882e-16 0.3323547994796596
-0.9471773565640402 -1.159957717941003e-16 0.3207102355902552
-0.9510565162951535 -1.1647083184890923e-16 0.30901699437494745
-0.9547913248866443 -1.1692821398760896e-16 0.29727685063120274
-0.9583812154701223 -1.1736784878884353e-16 0.28549158627534194
-0.961825643172819 -1.1778966952494372e-16 0.2736629900720828
-0.965124085200289 -1.1819361217205513e-16 0.26179285736304025
-0.9682760409157589 -1.1857961541985558e-16 0.24988298979423082
-0.9712810319161138 -1.189476206808607e-16 0.2379351950426188
-0.9741386021045101 -1.1929757209931655e-16 0.22595128654174773
-0.9768483177596007 -1.1962941655967715e-16 0.21393308320649734
-0.9794097676013659 -1.1994310369466658e-16 0.2018824091570102
-0.9818225628535369 -1.2023858589292348e-16 0.18980109344182572
-0.9840863373026044 -1.205158183062277e-16 0.1776909697602686
-0.9862007473534026 -1.207747588563072e-16 0.16555387618413
-0.9881654720812594 -1.2101536824122476e-16 0.15339165487868545
-0.989980213280707 -1.2123760994134317e-16 0.14120615182309149
-0.9916446955107427 -1.2144145022486827e-16 0.1289992165302034
-0.9931586661366362 -1.2162685815296863e-16 0.11677270176585648
-0.9945218953682733 -1.217938055844715e-16 0.10452846326765368
-0.9957341762950345 -1.2194226718013404e-16 0.09226835946330224
-0.9967953249171991 -1.2207222040648937e-16 0.07999425118854168
-0.9977051801738729 -1.2218364553926668e-16 0.06770800140470754
-0.9984636039674339 -1.2227652566638485e-16 0.05541147491597008
-0.9990704811844932 -1.2235084669051955e-16 0.043106538086295734
-0.9995257197133659 -1.224065973312428e-16 0.030795058556170547
-0.9998292504580527 -1.2244376912673515e-16 0.018478904959129915
-0.9999810273487268 -1.2246235643507001e-16 0.006159946638138691
-0.9999810273487268 -1.2246235643507001e-16 -0.006159946638138568
-0.9998292504580527 -1.2244376912673515e-16 -0.01847890495912979
-0.9995257197133659 -1.224065973312428e-16 -0.030795058556170204
-0.9990704811844932 -1.2235084669051955e-16 -0.04310653808629561
-0.9984636039674339 -1.2227652566638485e-16 -0.055411474915969955
-0.9977051801738729 -1.2218364553926668e-16 -0.06770800140470741
-0.9967953249171991 -1.2207222040648937e-16 -0.07999425118854157
-0.9957341762950346 -1.2194226718013404e-16 -0.09226835946330189
-0.9945218953682733 -1.217938055844715e-16 -0.10452846326765355
-0.9931586661366362 -1.2162685815296863e-16 -0.11677270176585636
-0.9916446955107427 -1.2144145022486827e-16 -0.1289992165302033
-0.989980213280707 -1.2123760994134317e-16 -0.14120615182309137
-0.9881654720812594 -1.2101536824122476e-16 -0.1533916548786853
-0.9862007473534026 -1.207747588563072e-16 -0.16555387618412987
-0.9840863373026044 -1.205158183062277e-16 -0.1776909697602687
-0.9818225628535369 -1.2023858589292348e-16 -0.18980109344182583
-0.9794097676013659 -1.1994310369466658e-16 -0.20188240915701028
-0.9768483177596007 -1.1962941655967715e-16 -0.21393308320649743
-0.9741386021045101 -1.1929757209931655e-16 -0.2259512865417476
-0.9712810319161138 -1.189476206808607e-16 -0.2379351950426187
-0.9682760409157589 -1.1857961541985558e-16 -0.2498829897942307
-0.9651240852002891 -1.1819361217205516e-16 -0.26179285736304014
-0.9618256431728192 -1.1778966952494372e-16 -0.27366299007208267
-0.9583812154701223 -1.1736784878884353e-16 -0.2854915862753418
-0.9547913248866444 -1.1692821398760896e-16 -0.2972768506312024
-0.9510565162951536 -1.1647083184890926e-16 -0.30901699437494734
-0.9471773565640402 -1.159957717941003e-16 -0.320710235590255
-0.9431544344712776 -1.155031059276882e-16 -0.3323547994796595
-0.9389883606150566 -1.1499290902638498e-16 -0.34394891863392796
-0.9346797673211107 -1.144652585277591e-16 -0.35549083330031783
-0.9302293085467404 -1.1392023451848213e-16 -0.36697879164967206
-0.9256376597815563 -1.1335791972217296e-16 -0.37841105004231024
-0.9209055179449537 -1.127783994868423e-16 -0.3897858732926793
-0.9160336012803335 -1.1218176177193831e-16 -0.40110153493271866
-0.9110226492460884 -1.115680971349964e-16 -0.41235631747390333
-0.9058734224033671 -1.1093749871789418e-16 -0.4235485126679243
-0.9005867023006376 -1.1029006223271461e-16 -0.43467642176596455
-0.8951632913550626 -1.0962588594721869e-16 -0.4457383557765378
-0.8896040127307095 -1.0894507066993047e-16 -0.45673263572184053
-0.8839097102136121 -1.0824771973483646e-16 -0.4676575928925867
-0.878081248083698 -1.0753393898570137e-16 -0.4785115691012864
-0.872119510983611 -1.0680383676000341e-16 -0.48929291693392346
-0.8660254037844387 -1.0605752387249069e-16 -0.4999999999999998
-0.8597998514483726 -1.0529511359836192e-16 -0.5106311931809068
-0.8534437988883161 -1.0451672165607338e-16 -0.5211848828765848
-0.8469582108244673 -1.037224661897753e-16 -0.5316594672504358
-0.8403440716378929 -1.0291246775137996e-16 -0.542053356472449
-0.8336023852211197 -1.0208684928226432e-16 -0.5523649729605055
-0.8267341748257637 -1.0124573609460999e-16 -0.5625927516198227
-0.8197404829072211 -1.003892558523834e-16 -0.5727351400805052
-0.8126223709664456 -9.951753855195907e-17 -0.5827905989331609
-0.8053809193888327 -9.863071650238865e-17 -0.5927576019625548
-0.7980172272802396 -9.772892430531914e-17 -0.6026346363792563
-0.7905324123001635 -9.681229883456309e-17 -0.6124202030492498
-0.7829276104921029 -9.588097921532395e-17 -0.6221128167214738
-0.77520397611113 -9.493510680307966e-17 -0.6317110062532507
-0.7673626814486971 -9.39748251621277e-17 -0.6412133148335781
-0.7594049166547073 -9.300028004379499e-17 -0.6506183002042418
-0.7513318895568735 -9.201161936431577e-17 -0.6599245348787224
-0.7431448254773942 -9.100899318238092e-17 -0.6691306063588582
-0.7348449670469757 -8.99925536763621e-17 -0.678235117349234
-0.7264335740162241 -8.896245512121407e-17 -0.6872366859692627
-0.717911923064442 -8.791885386505898e-17 -0.6961339459629265
-0.7092813076058535 -8.686190830545577e-17 -0.7049255469061471
-0.7005430375932911 -8.579177886535879e-17 -0.7136101544117522
-0.6916984393193701 -8.470862796876864e-17 -0.7221864503320092
-0.6827488552151856 -8.361262001607967e-17 -0.730653132958693
-0.6736956436465574 -8.250392135912725e-17 -0.739008917220659
-0.6645401787078582 -8.138270027593886e-17 -0.7472525348788908
-0.6552838500134538 -8.024912694519305e-17 -0.7553827347189935
-0.6459280624867872 -7.910337342038956e-17 -0.763398282741103
-0.6364742361471414 -7.794561360373533e-17 -0.7712979623471807
-0.6269238058941065 -7.677602321974941e-17 -0.7790805745256705
-0.6172782212897929 -7.559477978859165e-17 -0.7867449380334832
-0.6075389463388169 -7.440206259911877e-17 -0.794289889575286
-0.5977074592660937 -7.319805268167186e-17 -0.8017142839800666
-0.5877852522924732 -7.198293278059968e-17 -0.8090169943749473
-0.5777738314082512 -7.075688732652173e-17 -0.8161969123562216
-0.5676747161445903 -6.952010240833548e-17 -0.8232529481575871
-0.5574894393428858 -6.827276574497176e-17 -0.8301840308155505
-0.5472195469221109 -6.70150666569028e-17 -0.8369891083319779
-0.5368665976441799 -6.574719603740748e-17 -0.8436671478337664
-0.5264321628773557 -6.446934632359718e-17 -0.8502171357296142
-0.515917826357751 -6.318171146720797e-17 -0.8566380778638628
-0.505325183948948 -6.188448690516266e-17 -0.8629289996673897
-0.4946558433997788 -6.057786952990735e-17 -0.8690889463055284
-0.4839114241003016 -5.926205765952717e-17 -0.8751169828229927
-0.4730935568360101 -5.793725100764562e-17 -0.8810121942857845
-0.4622038835403133 -5.660365065311206e-17 -0.8867736859200619
-0.4512440570453229 -5.526145900948203e-17 -0.8924005832479478
-0.44021574083098747 -5.391087979429496e-17 -0.897892032220258
-0.4291206087726087 -5.255211799815389e-17 -0.903247199346129
-0.41796034488678324 -5.118537985361229e-17 -0.9084652718195237
-0.40673664307580004 -4.9810872803871796e-17 -0.913545457642601
-0.3954512068705424 -4.8428805471296756e-17 -0.918486985745923
-0.38410574917192575 -4.7039387625749496e-17 -0.9232891061054894
-0.3727019919909139 -4.564283015275152e-17 -0.9279510898565747
-0.3612416661871529 -4.4239345021475345e-17 -0.9324722294043558
-0.34972651120626114 -4.282914525257187e-17 -0.9368518385313106
-0.3381582748158171 -4.1412444885838146e-17 -0.9410892525013715
-0.32653871284008334 -3.998945894773048e-17 -0.9451838281608195
-0.31486958889350836 -3.8560403418727803e-17 -0.949134944035901
-0.30315267411304364 -3.712549520054996e-17 -0.9529420004271565
-0.2913897468893248 -3.5684952083236904e-17 -0.9566044195004407
-0.279582592596744 -3.42389927120921e-17 -0.9601216453746281
-0.26773300332246813 -3.278783655449683e-17 -0.9634931442059831
-0.25584277759443586 -3.13317038665994e-17 -0.9667184042691874
-0.24391372010837745 -2.9870815659884785e-17 -0.9697969360350094
-0.23194764145389848 -2.8405393667629473e-17 -0.9727282722446047
-0.21994635783966898 -2.6935660311246896e-17 -0.9755119679804366
-0.20791169081775973 -2.546183866652836e-17 -0.9781476007338056
-0.1958454670071674 -2.3984152429784614e-17 -0.9806347704689776
-0.1837495178165708 -2.25028258838933e-17 -0.9829730996839017
-0.1716256791663597 -2.10180838642573e-17 -0.9851622334675065
-0.1594757912099809 -1.953015172467947e-17 -0.987201839553569
-0.14730169805463766 -1.8039255303158193e-17 -0.989091608371146
-0.13510524748139313 -1.654562088760991e-17 -0.9908312530915603
-0.12288829066471434 -1.5049475181523197e-17 -0.9924205096719357
-0.1106526818915011 -1.3551045269549711e-17 -0.9938591368952736
-0.098400278279643 -1.2050558583037362e-17 -0.9951469164070644
-0.08613293949614632 -1.0548242865510823e-17 -0.9962836527484294
-0.07385252747487431 -9.044326138104679e-18 -0.997269173385788
-0.06156090613394323 -7.539036664954423e-18 -0.9981033287370441
-0.04925994109281683 -6.0326029185505305e-18 -0.99878599219429
-0.03695149938914491 -4.525253545061169e-18 -0.9993170601430229
-0.024637449195382025 -3.017217329628013e-18 -0.9996964519778716
-0.012319659535238529 -1.5087231616415034e-18 -0.9999241101148306
-1.2246467991473532e-16 -1.4997597826618576e-32 -1.0
0.0 0.0 1.0
-0.010669138123491682 -0.00615982976761922 0.9999241101148306
-0.021336656887649266 -0.012318724597690983 0.9996964519778716
-0.03200093717892464 -0.01847574969457244 0.9993170601430229
-0.04266036037530438 -0.024629970546408423 0.99878599219429
-0.05331330859198377 -0.030780453066971414 0.9981033287370441
-0.06395816492692907 -0.03692626373743697 0.997269173385788
-0.07459331370629048 -0.043066469748072995 0.9962836527484294
-0.0852171407296287 -0.049200139139821346 0.9951469164070644
-0.09582803351491807 -0.05532634094575042 0.9938591368952737
-0.10642438154328851 -0.06144414533235705 0.9924205096719357
-0.11700457650346983 -0.06755262374069645 0.9908312530915603
-0.12756701253590091 -0.07365084902731873 0.989091608371146
-0.13811008647646647 -0.0797378956049904 0.987201839553569
-0.1486321980998251 -0.0858128395831798 0.9851622334675065
-0.1591317503622912 -0.09187475890828514 0.9829730996839018
-0.16960714964423373 -0.09792273350358346 0.9806347704689777
-0.18005680599195542 -0.10395584540887966 0.9781476007338057
-0.19047913335901567 -0.1099731789198343 0.9755119679804366
-0.20087254984696035 -0.11597382072694905 0.9727282722446048
-0.21123547794542188 -0.12195686005418856 0.9697969360350095
-0.22156634477155343 -0.12792138879721776 0.9667184042691874
-0.2318635823087607 -0.1338665016612339 0.9634931442059831
-0.24212562764469525 -0.13979129629837186 0.9601216453746282
-0.25235092320847274 -0.14569487344466228 0.9566044195004408
-0.2625379170070809 -0.15157633705652174 0.9529420004271566
-0.2726850628609404 -0.15743479444675393 0.9491349440359013
-0.282790820638584 -0.16326935642004162 0.9451838281608196
-0.2928536564904172 -0.16907913740790853 0.9410892525013715
-0.3028720430815253 -0.17486325560313054 0.9368518385313106
-0.31284445982349246 -0.1806208330935764 0.9324722294043558
-0.3227693931051959 -0.18635099599545696 0.9279510898565747
-0.3326453365225414 -0.1920528745859629 0.9232891061054893
-0.3424707911071052 -0.19772560343527124 0.918486985745923
-0.352244265553647 -0.20336832153790008 0.9135454576426009
-0.36196427644645984 -0.20898017244339168 0.9084652718195237
-0.37162934848452284 -0.21456030438630447 0.9032471993461288
-0.3812380147054216 -0.22010787041549362 0.8978920322202582
-0.39078881670800397 -0.22562202852266136 0.8924005832479478
-0.4002803048737354 -0.23110194177015655 0.8867736859200619
-0.4097110385867219 -0.236546778418005 0.8810121942857845
-0.41907958645236637 -0.24195571205015073 0.8751169828229928
-0.4283845265146255 -0.24732792169988937 0.8690889463055284
-0.43762444647183346 -0.25266259197447394 0.8629289996673897
-0.4467979438910612 -0.2579589131788754 0.8566380778638628
-0.45590362642097737 -0.2632160814386778 0.8502171357296142
-0.46494011200317875 -0.26843329882208994 0.8436671478337664
-0.47390602908195895 -0.2736097734610555 0.8369891083319778
-0.4828000168124828 -0.2787447196714427 0.8301840308155507
-0.49162072526733525 -0.283837358072295 0.8232529481575873
-0.5003668156414128 -0.2888869157041255 0.8161969123562217
-0.5090369604551273 -0.2938926261462365 0.8090169943749475
-0.5176298437558897 -0.2988537296330468 0.8017142839800666
-0.5261441613178464 -0.3037694731694084 0.7942898895752861
-0.534578620839833 -0.3086391106448964 0.7867449380334832
-0.5429319421415206 -0.3134619029470532 0.7790805745256704
-0.5512028573577203 -0.31823711807357064 0.7712979623471806
-0.5593901111308202 -0.3229640312433936 0.763398282741103
-0.5674924608013227 -0.32764192500672673 0.7553827347189938
-0.5755086765964558 -0.33227008935392893 0.747252534878891
-0.5834375418168269 -0.3368478218232785 0.7390089172206592
-0.5912778530210943 -0.3413744276075927 0.7306531329586932
-0.5990284202086235 -0.3458492196596849 0.7221864503320093
-0.606688067000107 -0.3502715187966454 0.7136101544117524
-0.6142556308161139 -0.35464065380292664 0.7049255469061472
-0.6217299630535461 -0.35895596153222087 0.6961339459629267
-0.6291099292599734 -0.363216787008112 0.6872366859692627
-0.6363944093058197 -0.3674224835234878 0.678235117349234
-0.6435822975543766 -0.37157241273869707 0.6691306063588582
-0.6506725030296164 -0.37566594477843657 0.6599245348787226
-0.6576639495817808 -0.3797024583273535 0.6506183002042422
-0.6645555760507174 -0.3836813407243484 0.6412133148335784
-0.6713463364269435 -0.38760198805556484 0.6317110062532509
-0.6780352000104091 -0.39146380524605134 0.6221128167214739
-0.6846211515669353 -0.39526620615008157 0.61242020304925
-0.6911031914823076 -0.3990086136401197 0.6026346363792565
-0.6974803359139963 -0.40269045969441625 0.592757601962555
-0.703751616940484 -0.40631118548322276 0.582790598933161
-0.7099160827081769 -0.40987024145361045 0.5727351400805053
-0.7159727975758766 -0.4133670874128817 0.5625927516198231
-0.7219208422567912 -0.41680119261055965 0.5523649729605059
-0.7277593139580654 -0.4201720358189463 0.5420533564724495
-0.7334873265178048 -0.42347910541223344 0.5316594672504363
-0.7391040105395791 -0.4267218994441579 0.5211848828765852
-0.7446085135243771 -0.4298999257241861 0.510631193180907
-0.75 -0.43301270189221924 0.5000000000000001
-0.7552776516478688 -0.4360597554918053 0.48929291693392374
-0.7604406674272283 -0.43904062404184885 0.4785115691012867
-0.7654882636967294 -0.4419548551068059 0.467657592892587
-0.7704196743333697 -0.4448020063653547 0.45673263572184064
-0.775234150848775 -0.4475816456775311 0.4457383557765383
-0.7799309625028056 -0.45029335115031865 0.43467642176596505
-0.7845093964144674 -0.4529367112016835 0.4235485126679244
-0.7889687576701127 -0.45551132462304406 0.41235631747390367
-0.7933083694289144 -0.4580168006401667 0.4011015349327188
-0.7975275730255961 -0.46045275897247673 0.3897858732926794
-0.8016257280704051 -0.46281882989077805 0.37841105004231035
-0.8056022125463099 -0.46511465427337007 0.3669787916496722
-0.80945642290341 -0.46733988366055523 0.35549083330031817
-0.8131877741505424 -0.4694941803075282 0.34394891863392807
-0.816795699944072 -0.47157721723563867 0.3323547994796596
-0.8202796526738502 -0.47358867828202006 0.3207102355902552
-0.823639103546332 -0.4755282581475767 0.30901699437494745
-0.8268735426648354 -0.4773956624433221 0.29727685063120274
-0.8299824791069339 -0.4791906077350611 0.28549158627534194
-0.8329654409989681 -0.48091282158640947 0.2736629900720828
-0.8358219755876674 -0.48256204260014446 0.26179285736304025
-0.8385516493088678 -0.4841380204578794 0.24988298979423082
-0.8411540478533187 -0.48564051595805685 0.2379351950426188
-0.843628776229567 -0.487069301052255 0.22595128654174773
-0.8459754588239079 -0.4884241588798003 0.21393308320649734
-0.8481937394573962 -0.4897048838006829 0.2018824091570102
-0.8502832814399067 -0.4909112814267684 0.18980109344182572
-0.8522437676212373 -0.49204316865130215 0.1776909697602686
-0.8540749004392457 -0.49310037367670123 0.16555387618413
-0.8557764019650131 -0.49408273604062963 0.15339165487868545
-0.857348013945029 -0.4949901066403534 0.14120615182309149
-0.8587894978403877 -0.4958223477553713 0.1289992165302034
-0.8601006348629949 -0.49657933306831803 0.11677270176585648
-0.8612812260087742 -0.4972609476841366 0.10452846326765368
-0.8623310920878727 -0.4978670881475172 0.09226835946330224
-0.8632500737518581 -0.4983976624585995 0.07999425118854168
-0.8640380315179045 -0.4988525900869364 0.06770800140470754
-0.8646948457899629 -0.4992318019837169 0.05541147491597008
-0.8652204168769142 -0.4995352405922465 0.043106538086295734
-0.8656146650076995 -0.4997628598566829 0.030795058556170547
-0.8658775303434278 -0.4999146252290263 0.018478904959129915
-0.8660089729864591 -0.49999051367436337 0.006159946638138691
-0.8660089729864591 -0.49999051367436337 -0.006159946638138568
-0.8658775303434278 -0.4999146252290263 -0.01847890495912979
-0.8656146650076995 -0.4997628598566829 -0.030795058556170204
-0.8652204168769142 -0.4995352405922465 -0.04310653808629561
-0.8646948457899629 -0.4992318019837169 -0.055411474915969955
-0.8640380315179045 -0.4988525900869364 -0.06770800140470741
-0.8632500737518581 -0.4983976624585995 -0.07999425118854157
-0.8623310920878728 -0.49786708814751723 -0.09226835946330189
-0.8612812260087742 -0.4972609476841366 -0.10452846326765355
-0.8601006348629949 -0.49657933306831803 -0.11677270176585636
-0.8587894978403877 -0.4958223477553713 -0.1289992165302033
-0.857348013945029 -0.4949901066403534 -0.14120615182309137
-0.8557764019650131 -0.49408273604062963 -0.1533916548786853
-0.8540749004392457 -0.49310037367670123 -0.16555387618412987
-0.8522437676212373 -0.49204316865130215 -0.1776909697602687
-0.8502832814399067 -0.4909112814267684 -0.18980109344182583
-0.8481937394573962 -0.4897048838006829 -0.20188240915701028
-0.8459754588239079 -0.4884241588798003 -0.21393308320649743
-0.843628776229567 -0.487069301052255 -0.2259512865417476
-0.8411540478533187 -0.48564051595805685 -0.2379351950426187
-0.8385516493088678 -0.4841380204578794 -0.2498829897942307
-0.8358219755876675 -0.4825620426001445 -0.26179285736304014
-0.8329654409989682 -0.4809128215864095 -0.27366299007208267
-0.8299824791069339 -0.4791906077350611 -0.2854915862753418
-0.8268735426648355 -0.47739566244332216 -0.2972768506312024
-0.8236391035463321 -0.47552825814757677 -0.30901699437494734
-0.8202796526738502 -0.47358867828202006 -0.320710235590255
-0.8167956999440721 -0.4715772172356387 -0.3323547994796595
-0.8131877741505426 -0.46949418030752826 -0.34394891863392796
-0.8094564229034101 -0.4673398836605553 -0.35549083330031783
-0.80560221254631 -0.4651146542733701 -0.36697879164967206
-0.8016257280704052 -0.4628188298907781 -0.37841105004231024
-0.7975275730255962 -0.4604527589724768 -0.3897858732926793
-0.7933083694289144 -0.4580168006401667 -0.40110153493271866
-0.7889687576701129 -0.45551132462304417 -0.41235631747390333
-0.7845093964144674 -0.4529367112016835 -0.4235485126679243
-0.7799309625028058 -0.45029335115031877 -0.43467642176596455
-0.7752341508487752 -0.4475816456775312 -0.4457383557765378
-0.7704196743333697 -0.4448020063653547 -0.45673263572184053
-0.7654882636967296 -0.441954855106806 -0.4676575928925867
-0.7604406674272285 -0.43904062404184896 -0.4785115691012864
-0.7552776516478689 -0.4360597554918054 -0.48929291693392346
-0.7500000000000001 -0.4330127018922193 -0.4999999999999998
-0.7446085135243773 -0.4298999257241862 -0.5106311931809068
-0.7391040105395793 -0.426721899444158 -0.5211848828765848
-0.7334873265178051 -0.4234791054122336 -0.5316594672504358
-0.7277593139580655 -0.4201720358189464 -0.542053356472449
-0.7219208422567914 -0.4168011926105598 -0.5523649729605055
-0.7159727975758767 -0.4133670874128818 -0.5625927516198227
-0.709916082708177 -0.4098702414536105 -0.5727351400805052
-0.703751616940484 -0.40631118548322276 -0.5827905989331609
-0.6974803359139964 -0.4026904596944163 -0.5927576019625548
-0.6911031914823077 -0.39900861364011975 -0.6026346363792563
-0.6846211515669355 -0.3952662061500817 -0.6124202030492498
-0.6780352000104092 -0.3914638052460514 -0.6221128167214738
-0.6713463364269437 -0.38760198805556495 -0.6317110062532507
-0.6645555760507176 -0.3836813407243485 -0.6412133148335781
-0.657663949581781 -0.3797024583273536 -0.6506183002042418
-0.6506725030296167 -0.3756659447784367 -0.6599245348787224
-0.6435822975543766 -0.37157241273869707 -0.6691306063588582
-0.6363944093058197 -0.3674224835234878 -0.678235117349234
-0.6291099292599734 -0.363216787008112 -0.6872366859692627
-0.6217299630535462 -0.3589559615322209 -0.6961339459629265
-0.614255630816114 -0.3546406538029267 -0.7049255469061471
-0.6066880670001071 -0.3502715187966455 -0.7136101544117522
-0.5990284202086236 -0.345849219659685 -0.7221864503320092
-0.5912778530210944 -0.34137442760759273 -0.730653132958693
-0.5834375418168273 -0.33684782182327866 -0.739008917220659
-0.575508676596456 -0.33227008935392904 -0.7472525348788908
-0.5674924608013229 -0.32764192500672684 -0.7553827347189935
-0.55939011113082 -0.32296403124339357 -0.763398282741103
-0.5512028573577203 -0.31823711807357064 -0.7712979623471807
-0.5429319421415206 -0.3134619029470532 -0.7790805745256705
-0.534578620839833 -0.3086391106448964 -0.7867449380334832
-0.5261441613178464 -0.3037694731694084 -0.794289889575286
-0.5176298437558897 -0.2988537296330468 -0.8017142839800666
-0.5090369604551274 -0.29389262614623657 -0.8090169943749473
-0.5003668156414129 -0.28888691570412556 -0.8161969123562216
-0.49162072526733547 -0.2838373580722951 -0.8232529481575871
-0.48280001681248297 -0.2787447196714428 -0.8301840308155505
-0.4739060290819587 -0.2736097734610554 -0.8369891083319779
-0.4649401120031787 -0.2684332988220899 -0.8436671478337664
-0.45590362642097737 -0.2632160814386778 -0.8502171357296142
-0.4467979438910612 -0.2579589131788754 -0.8566380778638628
-0.43762444647183346 -0.25266259197447394 -0.8629289996673897
-0.4283845265146255 -0.24732792169988937 -0.8690889463055284
-0.4190795864523664 -0.24195571205015076 -0.8751169828229927
-0.409711038586722 -0.23654677841800503 -0.8810121942857845
-0.4002803048737355 -0.2311019417701566 -0.8867736859200619
-0.390788816708004 -0.22562202852266142 -0.8924005832479478
-0.38123801470542173 -0.2201078704154937 -0.897892032220258
-0.3716293484845226 -0.21456030438630433 -0.903247199346129
-0.36196427644645973 -0.2089801724433916 -0.9084652718195237
-0.35224426555364685 -0.2033683215379 -0.913545457642601
-0.3424707911071051 -0.19772560343527118 -0.918486985745923
-0.3326453365225413 -0.19205287458596285 -0.9232891061054894
-0.32276939310519587 -0.18635099599545693 -0.9279510898565747
-0.3128444598234925 -0.18062083309357643 -0.9324722294043558
-0.3028720430815253 -0.17486325560313054 -0.9368518385313106
-0.2928536564904172 -0.16907913740790853 -0.9410892525013715
-0.2827908206385841 -0.16326935642004164 -0.9451838281608195
-0.2726850628609408 -0.15743479444675415 -0.949134944035901
-0.26253791700708096 -0.1515763370565218 -0.9529420004271565
-0.2523509232084729 -0.14569487344466237 -0.9566044195004407
-0.24212562764469545 -0.13979129629837198 -0.9601216453746281
-0.23186358230876095 -0.13386650166123404 -0.9634931442059831
-0.22156634477155365 -0.1279213887972179 -0.9667184042691874
-0.21123547794542213 -0.12195686005418871 -0.9697969360350094
-0.20087254984696065 -0.11597382072694923 -0.9727282722446047
-0.19047913335901598 -0.10997317891983448 -0.9755119679804366
-0.18005680599195575 -0.10395584540887985 -0.9781476007338056
-0.16960714964423412 -0.09792273350358369 -0.9806347704689776
-0.15913175036229166 -0.09187475890828539 -0.9829730996839017
-0.1486321980998252 -0.08581283958317984 -0.9851622334675065
-0.13811008647646655 -0.07973789560499044 -0.987201839553569
-0.12756701253590105 -0.07365084902731882 -0.989091608371146
-0.11700457650347 -0.06755262374069655 -0.9908312530915603
-0.1064243815432887 -0.06144414533235716 -0.9924205096719357
-0.09582803351491828 -0.05532634094575054 -0.9938591368952736
-0.08521714072962897 -0.04920013913982149 -0.9951469164070644
-0.07459331370629074 -0.043066469748073155 -0.9962836527484294
-0.06395816492692938 -0.03692626373743715 -0.997269173385788
-0.05331330859198412 -0.03078045306697161 -0.9981033287370441
-0.042660360375304365 -0.024629970546408413 -0.99878599219429
-0.03200093717892466 -0.01847574969457245 -0.9993170601430229
-0.021336656887649314 -0.012318724597691011 -0.9996964519778716
-0.010669138123491758 -0.006159829767619264 -0.9999241101148306
-1.0605752387249069e-16 -6.123233995736765e-17 -1.0
0.0 0.0 1.0
-0.006159829767619224 -0.01066913812349168 0.9999241101148306
-0.01231872459769099 -0.02133665688764926 0.9996964519778716
-0.01847574969457245 -0.03200093717892463 0.9993170601430229
-0.024629970546408437 -0.04266036037530437 0.99878599219429
-0.03078045306697143 -0.05331330859198376 0.9981033287370441
-0.036926263737436994 -0.06395816492692906 0.997269173385788
-0.04306646974807302 -0.07459331370629045 0.9962836527484294
-0.049200139139821374 -0.08521714072962869 0.9951469164070644
-0.05532634094575045 -0.09582803351491805 0.9938591368952737
-0.061444145332357085 -0.10642438154328848 0.9924205096719357
-0.0675526237406965 -0.1170045765034698 0.9908312530915603
-0.07365084902731878 -0.1275670125359009 0.989091608371146
-0.07973789560499045 -0.13811008647646644 0.987201839553569
-0.08581283958317985 -0.14863219809982509 0.9851622334675065
-0.0918747589082852 -0.15913175036229119 0.9829730996839018
-0.09792273350358352 -0.16960714964423368 0.9806347704689777
-0.10395584540887971 -0.18005680599195537 0.9781476007338057
-0.10997317891983437 -0.19047913335901562 0.9755119679804366
-0.11597382072694912 -0.2008725498469603 0.9727282722446048
-0.12195686005418863 -0.21123547794542183 0.9697969360350095
-0.12792138879721784 -0.22156634477155338 0.9667184042691874
-0.13386650166123398 -0.23186358230876064 0.9634931442059831
-0.13979129629837195 -0.2421256276446952 0.9601216453746282
-0.14569487344466237 -0.2523509232084727 0.9566044195004408
-0.15157633705652182 -0.2625379170070808 0.9529420004271566
-0.15743479444675404 -0.27268506286094035 0.9491349440359013
-0.16326935642004173 -0.28279082063858396 0.9451838281608196
-0.16907913740790864 -0.2928536564904171 0.9410892525013715
-0.17486325560313065 -0.30287204308152527 0.9368518385313106
-0.18062083309357652 -0.3128444598234924 0.9324722294043558
-0.18635099599545707 -0.3227693931051958 0.9279510898565747
-0.192052874585963 -0.33264533652254136 0.9232891061054893
-0.19772560343527135 -0.3424707911071051 0.918486985745923
-0.2033683215379002 -0.3522442655536469 0.9135454576426009
-0.2089801724433918 -0.3619642764464598 0.9084652718195237
-0.21456030438630458 -0.3716293484845228 0.9032471993461288
-0.22010787041549376 -0.3812380147054215 0.8978920322202582
-0.2256220285226615 -0.39078881670800386 0.8924005832479478
-0.2311019417701567 -0.4002803048737353 0.8867736859200619
-0.23654677841800514 -0.4097110385867218 0.8810121942857845
-0.24195571205015087 -0.41907958645236626 0.8751169828229928
-0.2473279216998895 -0.4283845265146254 0.8690889463055284
-0.2526625919744741 -0.43762444647183335 0.8629289996673897
-0.2579589131788756 -0.4467979438910611 0.8566380778638628
-0.263216081438678 -0.45590362642097726 0.8502171357296142
-0.2684332988220901 -0.46494011200317864 0.8436671478337664
-0.2736097734610557 -0.4739060290819588 0.8369891083319778
-0.2787447196714429 -0.4828000168124827 0.8301840308155507
-0.28383735807229515 -0.49162072526733513 0.8232529481575873
-0.28888691570412567 -0.5003668156414127 0.8161969123562217
-0.2938926261462367 -0.5090369604551271 0.8090169943749475
-0.29885372963304696 -0.5176298437558896 0.8017142839800666
-0.30376947316940855 -0.5261441613178462 0.7942898895752861
-0.3086391106448966 -0.5345786208398329 0.7867449380334832
-0.3134619029470534 -0.5429319421415205 0.7790805745256704
-0.31823711807357086 -0.5512028573577201 0.7712979623471806
-0.32296403124339385 -0.55939011113082 0.763398282741103
-0.32764192500672695 -0.5674924608013225 0.7553827347189938
-0.33227008935392915 -0.5755086765964557 0.747252534878891
-0.3368478218232787 -0.5834375418168268 0.7390089172206592
-0.3413744276075929 -0.5912778530210941 0.7306531329586932
-0.3458492196596851 -0.5990284202086232 0.7221864503320093
-0.35027151879664564 -0.6066880670001069 0.7136101544117524
-0.35464065380292686 -0.6142556308161137 0.7049255469061472
-0.3589559615322211 -0.621729963053546 0.6961339459629267
-0.3632167870081122 -0.6291099292599732 0.6872366859692627
-0.367422483523488 -0.6363944093058195 0.678235117349234
-0.3715724127386973 -0.6435822975543765 0.6691306063588582
-0.3756659447784368 -0.6506725030296163 0.6599245348787226
-0.3797024583273537 -0.6576639495817805 0.6506183002042422
-0.3836813407243486 -0.6645555760507171 0.6412133148335784
-0.38760198805556506 -0.6713463364269434 0.6317110062532509
-0.39146380524605157 -0.678035200010409 0.6221128167214739
-0.3952662061500818 -0.684621151566935 0.61242020304925
-0.3990086136401199 -0.6911031914823075 0.6026346363792565
-0.40269045969441647 -0.697480335913996 0.592757601962555
-0.406311185483223 -0.7037516169404838 0.582790598933161
-0.4098702414536107 -0.7099160827081766 0.5727351400805053
-0.4133670874128819 -0.7159727975758764 0.5625927516198231
-0.41680119261055987 -0.721920842256791 0.5523649729605059
-0.4201720358189465 -0.7277593139580651 0.5420533564724495
-0.42347910541223366 -0.7334873265178046 0.5316594672504363
-0.4267218994441581 -0.7391040105395789 0.5211848828765852
-0.42989992572418634 -0.7446085135243768 0.510631193180907
-0.43301270189221946 -0.7499999999999998 0.5000000000000001
-0.43605975549180553 -0.7552776516478685 0.48929291693392374
-0.4390406240418491 -0.760440667427228 0.4785115691012867
-0.44195485510680615 -0.7654882636967292 0.467657592892587
-0.444802006365355 -0.7704196743333694 0.45673263572184064
-0.4475816456775314 -0.7752341508487748 0.4457383557765383
-0.45029335115031893 -0.7799309625028055 0.43467642176596505
-0.4529367112016838 -0.7845093964144672 0.4235485126679244
-0.45551132462304433 -0.7889687576701124 0.41235631747390367
-0.458016800640167 -0.7933083694289141 0.4011015349327188
-0.460452758972477 -0.7975275730255958 0.3897858732926794
-0.4628188298907783 -0.8016257280704049 0.37841105004231035
-0.46511465427337034 -0.8056022125463097 0.3669787916496722
-0.4673398836605555 -0.8094564229034098 0.35549083330031817
-0.4694941803075285 -0.8131877741505422 0.34394891863392807
-0.47157721723563895 -0.8167956999440718 0.3323547994796596
-0.47358867828202034 -0.8202796526738501 0.3207102355902552
-0.475528258147577 -0.8236391035463317 0.30901699437494745
-0.4773956624433224 -0.8268735426648351 0.29727685063120274
-0.4791906077350614 -0.8299824791069337 0.28549158627534194
-0.48091282158640974 -0.8329654409989679 0.2736629900720828
-0.48256204260014474 -0.8358219755876671 0.26179285736304025
-0.4841380204578797 -0.8385516493088676 0.24988298979423082
-0.48564051595805713 -0.8411540478533186 0.2379351950426188
-0.48706930105225527 -0.8436287762295668 0.22595128654174773
-0.48842415887980056 -0.8459754588239077 0.21393308320649734
-0.48970488380068317 -0.848193739457396 0.2018824091570102
-0.49091128142676865 -0.8502832814399065 0.18980109344182572
-0.49204316865130243 -0.8522437676212371 0.1776909697602686
-0.4931003736767015 -0.8540749004392455 0.16555387618413
-0.4940827360406299 -0.8557764019650129 0.15339165487868545
-0.4949901066403537 -0.8573480139450288 0.14120615182309149
-0.4958223477553716 -0.8587894978403875 0.1289992165302034
-0.4965793330683183 -0.8601006348629947 0.11677270176585648
-0.49726094768413687 -0.861281226008774 0.10452846326765368
-0.49786708814751746 -0.8623310920878725 0.09226835946330224
-0.4983976624585998 -0.8632500737518579 0.07999425118854168
-0.49885259008693666 -0.8640380315179043 0.06770800140470754
-0.4992318019837172 -0.8646948457899627 0.05541147491597008
-0.4995352405922468 -0.865220416876914 0.043106538086295734
-0.4997628598566832 -0.8656146650076992 0.030795058556170547
-0.4999146252290266 -0.8658775303434276 0.018478904959129915
-0.49999051367436365 -0.8660089729864588 0.006159946638138691
-0.49999051367436365 -0.8660089729864588 -0.006159946638138568
-0.4999146252290266 -0.8658775303434276 -0.01847890495912979
-0.4997628598566832 -0.8656146650076992 -0.030795058556170204
-0.4995352405922468 -0.865220416876914 -0.04310653808629561
-0.4992318019837172 -0.8646948457899627 -0.055411474915969955
-0.49885259008693666 -0.8640380315179043 -0.06770800140470741
-0.4983976624585998 -0.8632500737518579 -0.07999425118854157
-0.4978670881475175 -0.8623310920878726 -0.09226835946330189
-0.49726094768413687 -0.861281226008774 -0.10452846326765355
-0.4965793330683183 -0.8601006348629947 -0.11677270176585636
-0.4958223477553716 -0.8587894978403875 -0.1289992165302033
-0.4949901066403537 -0.8573480139450288 -0.14120615182309137
-0.4940827360406299 -0.8557764019650129 -0.1533916548786853
-0.4931003736767015 -0.8540749004392455 -0.16555387618412987
-0.49204316865130243 -0.8522437676212371 -0.1776909697602687
-0.49091128142676865 -0.8502832814399065 -0.18980109344182583
-0.48970488380068317 -0.848193739457396 -0.20188240915701028
-0.48842415887980056 -0.8459754588239077 -0.21393308320649743
-0.48706930105225527 -0.8436287762295668 -0.2259512865417476
-0.48564051595805713 -0.8411540478533186 -0.2379351950426187
-0.4841380204578797 -0.8385516493088676 -0.2498829897942307
-0.4825620426001448 -0.8358219755876672 -0.26179285736304014
-0.4809128215864098 -0.832965440998968 -0.27366299007208267
-0.4791906077350614 -0.8299824791069337 -0.2854915862753418
-0.47739566244332243 -0.8268735426648353 -0.2972768506312024
-0.47552825814757704 -0.8236391035463319 -0.30901699437494734
-0.47358867828202034 -0.8202796526738501 -0.320710235590255
-0.471577217235639 -0.8167956999440719 -0.3323547994796595
-0.46949418030752854 -0.8131877741505423 -0.34394891863392796
-0.46733988366055557 -0.8094564229034099 -0.35549083330031783
-0.4651146542733704 -0.8056022125463098 -0.36697879164967206
-0.4628188298907784 -0.801625728070405 -0.37841105004231024
-0.46045275897247706 -0.797527573025596 -0.3897858732926793
-0.458016800640167 -0.7933083694289141 -0.40110153493271866
-0.45551132462304444 -0.7889687576701127 -0.41235631747390333
-0.4529367112016838 -0.7845093964144672 -0.4235485126679243
-0.45029335115031904 -0.7799309625028056 -0.43467642176596455
-0.4475816456775315 -0.775234150848775 -0.4457383557765378
-0.444802006365355 -0.7704196743333694 -0.45673263572184053
-0.44195485510680627 -0.7654882636967294 -0.4676575928925867
-0.43904062404184924 -0.7604406674272283 -0.4785115691012864
-0.43605975549180565 -0.7552776516478688 -0.48929291693392346
-0.4330127018922195 -0.7499999999999999 -0.4999999999999998
-0.42989992572418645 -0.7446085135243771 -0.5106311931809068
-0.4267218994441582 -0.7391040105395791 -0.5211848828765848
-0.4234791054122338 -0.7334873265178049 -0.5316594672504358
-0.42017203581894663 -0.7277593139580654 -0.542053356472449
-0.41680119261056003 -0.7219208422567912 -0.5523649729605055
-0.41336708741288203 -0.7159727975758766 -0.5625927516198227
-0.40987024145361073 -0.7099160827081767 -0.5727351400805052
-0.406311185483223 -0.7037516169404838 -0.5827905989331609
-0.4026904596944165 -0.6974803359139962 -0.5927576019625548
-0.39900861364011997 -0.6911031914823075 -0.6026346363792563
-0.3952662061500819 -0.6846211515669353 -0.6124202030492498
-0.3914638052460516 -0.678035200010409 -0.6221128167214738
-0.38760198805556517 -0.6713463364269435 -0.6317110062532507
-0.38368134072434873 -0.6645555760507174 -0.6412133148335781
-0.37970245832735383 -0.6576639495817808 -0.6506183002042418
-0.3756659447784369 -0.6506725030296164 -0.6599245348787224
-0.3715724127386973 -0.6435822975543765 -0.6691306063588582
-0.367422483523488 -0.6363944093058195 -0.678235117349234
-0.3632167870081122 -0.6291099292599732 -0.6872366859692627
-0.35895596153222115 -0.6217299630535461 -0.6961339459629265
-0.3546406538029269 -0.6142556308161138 -0.7049255469061471
-0.3502715187966457 -0.6066880670001069 -0.7136101544117522
-0.34584921965968524 -0.5990284202086235 -0.7221864503320092
-0.34137442760759296 -0.5912778530210943 -0.730653132958693
-0.3368478218232789 -0.583437541816827 -0.739008917220659
-0.33227008935392927 -0.5755086765964558 -0.7472525348788908
-0.32764192500672706 -0.5674924608013228 -0.7553827347189935
-0.3229640312433938 -0.5593901111308199 -0.763398282741103
-0.31823711807357086 -0.5512028573577201 -0.7712979623471807
-0.3134619029470534 -0.5429319421415205 -0.7790805745256705
-0.3086391106448966 -0.5345786208398329 -0.7867449380334832
-0.30376947316940855 -0.5261441613178462 -0.794289889575286
-0.29885372963304696 -0.5176298437558896 -0.8017142839800666
-0.29389262614623674 -0.5090369604551271 -0.8090169943749473
-0.2888869157041257 -0.5003668156414128 -0.8161969123562216
-0.28383735807229526 -0.4916207252673353 -0.8232529481575871
-0.278744719671443 -0.48280001681248286 -0.8301840308155505
-0.2736097734610556 -0.4739060290819586 -0.8369891083319779
-0.26843329882209005 -0.46494011200317853 -0.8436671478337664
-0.263216081438678 -0.45590362642097726 -0.8502171357296142
-0.2579589131788756 -0.4467979438910611 -0.8566380778638628
-0.2526625919744741 -0.43762444647183335 -0.8629289996673897
-0.2473279216998895 -0.4283845265146254 -0.8690889463055284
-0.2419557120501509 -0.4190795864523663 -0.8751169828229927
-0.23654677841800517 -0.40971103858672187 -0.8810121942857845
-0.23110194177015675 -0.4002803048737354 -0.8867736859200619
-0.22562202852266156 -0.39078881670800397 -0.8924005832479478
-0.22010787041549384 -0.3812380147054216 -0.897892032220258
-0.21456030438630444 -0.3716293484845225 -0.903247199346129
-0.2089801724433917 -0.3619642764464596 -0.9084652718195237
-0.2033683215379001 -0.35224426555364674 -0.913545457642601
-0.1977256034352713 -0.342470791107105 -0.918486985745923
-0.19205287458596296 -0.33264533652254125 -0.9232891061054894
-0.18635099599545704 -0.32276939310519576 -0.9279510898565747
-0.18062083309357654 -0.31284445982349246 -0.9324722294043558
-0.17486325560313065 -0.30287204308152527 -0.9368518385313106
-0.16907913740790864 -0.2928536564904171 -0.9410892525013715
-0.16326935642004176 -0.28279082063858396 -0.9451838281608195
-0.15743479444675426 -0.27268506286094074 -0.949134944035901
-0.15157633705652188 -0.2625379170070809 -0.9529420004271565
-0.14569487344466245 -0.2523509232084728 -0.9566044195004407
-0.13979129629837206 -0.2421256276446954 -0.9601216453746281
-0.13386650166123412 -0.23186358230876086 -0.9634931442059831
-0.12792138879721798 -0.2215663447715536 -0.9667184042691874
-0.12195686005418878 -0.21123547794542208 -0.9697969360350094
-0.1159738207269493 -0.2008725498469606 -0.9727282722446047
-0.10997317891983455 -0.19047913335901592 -0.9755119679804366
-0.10395584540887991 -0.1800568059919557 -0.9781476007338056
-0.09792273350358374 -0.16960714964423407 -0.9806347704689776
-0.09187475890828545 -0.1591317503622916 -0.9829730996839017
-0.0858128395831799 -0.14863219809982517 -0.9851622334675065
-0.07973789560499049 -0.13811008647646653 -0.987201839553569
-0.07365084902731886 -0.12756701253590103 -0.989091608371146
-0.0675526237406966 -0.11700457650346997 -0.9908312530915603
-0.061444145332357196 -0.10642438154328868 -0.9924205096719357
-0.05532634094575058 -0.09582803351491827 -0.9938591368952736
-0.04920013913982152 -0.08521714072962894 -0.9951469164070644
-0.04306646974807318 -0.07459331370629073 -0.9962836527484294
-0.03692626373743717 -0.06395816492692936 -0.997269173385788
-0.03078045306697163 -0.053313308591984104 -0.9981033287370441
-0.024629970546408426 -0.04266036037530435 -0.99878599219429
-0.01847574969457246 -0.03200093717892465 -0.9993170601430229
-0.012318724597691018 -0.021336656887649307 -0.9996964519778716
-0.006159829767619267 -0.010669138123491755 -0.9999241101148306
-6.123233995736769e-17 -1.0605752387249067e-16 -1.0
0.0 0.0 1.0
-4.716666287805083e-18 -0.012319659535238442 0.9999241101148306
-9.432616681084237e-18 -0.02463744919538197 0.9996964519778716
-1.4147135393969842e-17 -0.03695149938914489 0.9993170601430229
-1.8859506857894398e-17 -0.04925994109281685 0.99878599219429
-2.3569015830199357e-17 -0.061560906133942835 0.9981033287370441
-2.82749475026945e-17 -0.07385252747487396 0.997269173385788
-3.2976587610151335e-17 -0.086132939496146 0.9962836527484294
-3.767322253871414e-17 -0.0984002782796427 0.9951469164070644
-4.23641394342121e-17 -0.11065268189150085 0.9938591368952737
-4.704862631035613e-17 -0.12288829066471411 0.9924205096719357
-5.172597215680401e-17 -0.13510524748139294 0.9908312530915603
-5.639546704707739e-17 -0.1473016980546375 0.989091608371146
-6.105640224631421e-17 -0.15947579120998082 0.987201839553569
-6.570807031884035e-17 -0.17162567916635962 0.9851622334675065
-7.03497652355441e-17 -0.1837495178165703 0.9829730996839018
-7.4980782481037e-17 -0.19584546700716696 0.9806347704689777
-7.96004191605851e-17 -0.20791169081775934 0.9781476007338057
-8.420797410679413e-17 -0.21994635783966862 0.9755119679804366
-8.880274798603253e-17 -0.23194764145389812 0.9727282722446048
-9.338404340457616e-17 -0.24391372010837714 0.9697969360350095
-9.795116501445851e-17 -0.2558427775944356 0.9667184042691874
-1.0250341961901054e-16 -0.26773300332246786 0.9634931442059831
-1.0704011627807387e-16 -0.2795825925967438 0.9601216453746282
-1.1156056641287146e-16 -0.2913897468893246 0.9566044195004408
-1.1606408391052007e-16 -0.30315267411304353 0.9529420004271566
-1.2054998522816812e-16 -0.3148695888935079 0.9491349440359013
-1.2501758949674384e-16 -0.3265387128400833 0.9451838281608196
-1.2946621862429748e-16 -0.3381582748158171 0.9410892525013715
-1.3389519739892164e-16 -0.34972651120626114 0.9368518385313106
-1.3830385359123513e-16 -0.36124166618715287 0.9324722294043558
-1.4269151805641358e-16 -0.37270199199091397 0.9279510898565747
-1.4705752483575213e-16 -0.38410574917192586 0.9232891061054893
-1.514012112577445e-16 -0.3954512068705425 0.918486985745923
-1.5572191803866314e-16 -0.4067366430758002 0.9135454576426009
-1.6001898938262515e-16 -0.4179603448867834 0.9084652718195237
-1.642917730811288e-16 -0.429120608772609 0.9032471993461288
-1.6853962061204561e-16 -0.4402157408309873 0.8978920322202582
-1.7276188723805297e-16 -0.4512440570453228 0.8924005832479478
-1.76957932104492e-16 -0.46220388354031317 0.8867736859200619
-1.811271183366366e-16 -0.47309355683601007 0.8810121942857845
-1.8526881313635786e-16 -0.4839114241003015 0.8751169828229928
-1.893823878781704e-16 -0.4946558433997788 0.8690889463055284
-1.9346721820464453e-16 -0.505325183948948 0.8629289996673897
-1.9752268412117144e-16 -0.515917826357751 0.8566380778638628
-2.0154817009006578e-16 -0.5264321628773557 0.8502171357296142
-2.0554306512399163e-16 -0.53686659764418 0.8436671478337664
-2.095067628786982e-16 -0.5472195469221112 0.8369891083319778
-2.1343866174505057e-16 -0.5574894393428855 0.8301840308155507
-2.1733816494034186e-16 -0.5676747161445901 0.8232529481575873
-2.2120468059887265e-16 -0.5777738314082511 0.8161969123562217
-2.2503762186178425e-16 -0.5877852522924731 0.8090169943749475
-2.288364069661321e-16 -0.5977074592660937 0.8017142839800666
-2.326004593331854e-16 -0.6075389463388169 0.7942898895752861
-2.3632920765594043e-16 -0.6172782212897929 0.7867449380334832
-2.4002208598583304e-16 -0.6269238058941065 0.7790805745256704
-2.436785338186385e-16 -0.6364742361471414 0.7712979623471806
-2.472979961795445e-16 -0.6459280624867874 0.763398282741103
-2.50879923707385e-16 -0.6552838500134536 0.7553827347189938
-2.544237727380226e-16 -0.664540178707858 0.747252534878891
-2.579290053868653e-16 -0.6736956436465571 0.7390089172206592
-2.613950896305067e-16 -0.6827488552151855 0.7306531329586932
-2.6482149938747614e-16 -0.6916984393193699 0.7221864503320093
-2.682077145980879e-16 -0.700543037593291 0.7136101544117524
-2.7155322130337473e-16 -0.7092813076058534 0.7049255469061472
-2.7485751172309743e-16 -0.7179119230644418 0.6961339459629267
-2.781200843328149e-16 -0.7264335740162241 0.6872366859692627
-2.8134044394000565e-16 -0.7348449670469757 0.678235117349234
-2.8451810175922824e-16 -0.7431448254773942 0.6691306063588582
-2.8765257548630847e-16 -0.7513318895568732 0.6599245348787226
-2.9074338937154405e-16 -0.7594049166547071 0.6506183002042422
-2.9379007429191325e-16 -0.7673626814486969 0.6412133148335784
-2.967921678222786e-16 -0.7752039761111298 0.6317110062532509
-2.9974921430557357e-16 -0.7829276104921028 0.6221128167214739
-3.0266076492196187e-16 -0.7905324123001632 0.61242020304925
-3.055263777569598e-16 -0.7980172272802395 0.6026346363792565
-3.0834561786850934e-16 -0.8053809193888326 0.592757601962555
-3.1111805735299377e-16 -0.8126223709664456 0.582790598933161
-3.1384327541018483e-16 -0.819740482907221 0.5727351400805053
-3.1652085840711185e-16 -0.8267341748257635 0.5625927516198231
-3.191503999408423e-16 -0.8336023852211194 0.5523649729605059
-3.217315009001662e-16 -0.8403440716378927 0.5420533564724495
-3.2426376952617265e-16 -0.846958210824467 0.5316594672504363
-3.2674682147171125e-16 -0.8534437988883159 0.5211848828765852
-3.291802798597279e-16 -0.8597998514483723 0.510631193180907
-3.315637753404674e-16 -0.8660254037844386 0.5000000000000001
-3.33896946147533e-16 -0.8721195109836107 0.48929291693392374
-3.361794381527955e-16 -0.8780812480836978 0.4785115691012867
-3.3841090492014247e-16 -0.8839097102136119 0.467657592892587
-3.405910077580606e-16 -0.8896040127307095 0.45673263572184064
-3.427194157710417e-16 -0.8951632913550623 0.4457383557765383
-3.447958059098063e-16 -0.9005867023006374 0.43467642176596505
-3.468198630203362e-16 -0.9058734224033671 0.4235485126679244
-3.4879127989170785e-16 -0.9110226492460882 0.41235631747390367
-3.5070975730272145e-16 -0.9160336012803335 0.4011015349327188
-3.5257500406731596e-16 -0.9209055179449536 0.3897858732926794
-3.543867370787659e-16 -0.9256376597815562 0.37841105004231035
-3.561446813526509e-16 -0.9302293085467402 0.3669787916496722
-3.5784857006859283e-16 -0.9346797673211106 0.35549083330031817
-3.594981446107536e-16 -0.9389883606150565 0.34394891863392807
-3.6109315460708814e-16 -0.9431544344712774 0.3323547994796596
-3.626333579673455e-16 -0.9471773565640402 0.3207102355902552
-3.641185209198133e-16 -0.9510565162951535 0.30901699437494745
-3.655484180467998e-16 -0.9547913248866443 0.29727685063120274
-3.6692283231884745e-16 -0.9583812154701223 0.28549158627534194
-3.682415551276736e-16 -0.961825643172819 0.2736629900720828
-3.695043863178333e-16 -0.965124085200289 0.26179285736304025
-3.707111342170985e-16 -0.9682760409157589 0.24988298979423082
-3.7186161566555006e-16 -0.9712810319161138 0.2379351950426188
-3.7295565604337814e-16 -0.9741386021045101 0.22595128654174773
-3.739930892973854e-16 -0.9768483177596007 0.21393308320649734
-3.7497375796619073e-16 -0.9794097676013659 0.2018824091570102
-3.7589751320412887e-16 -0.9818225628535369 0.18980109344182572
-3.767642148038419e-16 -0.9840863373026044 0.1776909697602686
-3.7757373121756017e-16 -0.9862007473534026 0.16555387618413
-3.783259395770682e-16 -0.9881654720812594 0.15339165487868545
-3.7902072571235403e-16 -0.989980213280707 0.14120615182309149
-3.796579841689375e-16 -0.9916446955107427 0.1289992165302034
-3.802376182238766e-16 -0.9931586661366362 0.11677270176585648
-3.8075953990044736e-16 -0.9945218953682733 0.10452846326765368
-3.812236699814978e-16 -0.9957341762950345 0.09226835946330224
-3.816299380214707e-16 -0.9967953249171991 0.07999425118854168
-3.8197828235709623e-16 -0.9977051801738729 0.06770800140470754
-3.8226865011675116e-16 -0.9984636039674339 0.05541147491597008
-3.825009972284836e-16 -0.9990704811844932 0.043106538086295734
-3.826752884267024e-16 -0.9995257197133659 0.030795058556170547
-3.827914972575294e-16 -0.9998292504580527 0.018478904959129915
-3.8284960608281495e-16 -0.9999810273487268 0.006159946638138691
-3.8284960608281495e-16 -0.9999810273487268 -0.006159946638138568
-3.827914972575294e-16 -0.9998292504580527 -0.01847890495912979
-3.826752884267024e-16 -0.9995257197133659 -0.030795058556170204
-3.825009972284836e-16 -0.9990704811844932 -0.04310653808629561
-3.8226865011675116e-16 -0.9984636039674339 -0.055411474915969955
-3.8197828235709623e-16 -0.9977051801738729 -0.06770800140470741
-3.816299380214707e-16 -0.9967953249171991 -0.07999425118854157
-3.812236699814978e-16 -0.9957341762950346 -0.09226835946330189
-3.8075953990044736e-16 -0.9945218953682733 -0.10452846326765355
-3.802376182238766e-16 -0.9931586661366362 -0.11677270176585636
-3.796579841689375e-16 -0.9916446955107427 -0.1289992165302033
-3.7902072571235403e-16 -0.989980213280707 -0.14120615182309137
-3.783259395770682e-16 -0.9881654720812594 -0.1533916548786853
-3.7757373121756017e-16 -0.9862007473534026 -0.16555387618412987
-3.767642148038419e-16 -0.9840863373026044 -0.1776909697602687
-3.7589751320412887e-16 -0.9818225628535369 -0.18980109344182583
-3.7497375796619073e-16 -0.9794097676013659 -0.20188240915701028
-3.739930892973854e-16 -0.9768483177596007 -0.21393308320649743
-3.7295565604337814e-16 -0.9741386021045101 -0.2259512865417476
-3.7186161566555006e-16 -0.9712810319161138 -0.2379351950426187
-3.707111342170985e-16 -0.9682760409157589 -0.2498829897942307
-3.6950438631783335e-16 -0.9651240852002891 -0.26179285736304014
-3.6824155512767365e-16 -0.9618256431728192 -0.27366299007208267
-3.6692283231884745e-16 -0.9583812154701223 -0.2854915862753418
-3.6554841804679986e-16 -0.9547913248866444 -0.2972768506312024
-3.6411852091981335e-16 -0.9510565162951536 -0.30901699437494734
-3.626333579673455e-16 -0.9471773565640402 -0.320710235590255
-3.610931546070882e-16 -0.9431544344712776 -0.3323547994796595
-3.5949814461075366e-16 -0.9389883606150566 -0.34394891863392796
-3.5784857006859283e-16 -0.9346797673211107 -0.35549083330031783
-3.5614468135265097e-16 -0.9302293085467404 -0.36697879164967206
-3.5438673707876595e-16 -0.9256376597815563 -0.37841105004231024
-3.5257500406731596e-16 -0.9209055179449537 -0.3897858732926793
-3.5070975730272145e-16 -0.9160336012803335 -0.40110153493271866
-3.4879127989170795e-16 -0.9110226492460884 -0.41235631747390333
-3.468198630203362e-16 -0.9058734224033671 -0.4235485126679243
-3.447958059098064e-16 -0.9005867023006376 -0.43467642176596455
-3.4271941577104175e-16 -0.8951632913550626 -0.4457383557765378
-3.405910077580606e-16 -0.8896040127307095 -0.45673263572184053
-3.3841090492014257e-16 -0.8839097102136121 -0.4676575928925867
-3.361794381527956e-16 -0.878081248083698 -0.4785115691012864
-3.338969461475331e-16 -0.872119510983611 -0.48929291693392346
-3.3156377534046745e-16 -0.8660254037844387 -0.4999999999999998
-3.29180279859728e-16 -0.8597998514483726 -0.5106311931809068
-3.2674682147171134e-16 -0.8534437988883161 -0.5211848828765848
-3.242637695261728e-16 -0.8469582108244673 -0.5316594672504358
-3.217315009001663e-16 -0.8403440716378929 -0.542053356472449
-3.1915039994084243e-16 -0.8336023852211197 -0.5523649729605055
-3.1652085840711195e-16 -0.8267341748257637 -0.5625927516198227
-3.138432754101849e-16 -0.8197404829072211 -0.5727351400805052
-3.1111805735299377e-16 -0.8126223709664456 -0.5827905989331609
-3.0834561786850934e-16 -0.8053809193888327 -0.5927576019625548
-3.0552637775695987e-16 -0.7980172272802396 -0.6026346363792563
-3.0266076492196197e-16 -0.7905324123001635 -0.6124202030492498
-2.9974921430557357e-16 -0.7829276104921029 -0.6221128167214738
-2.967921678222787e-16 -0.77520397611113 -0.6317110062532507
-2.9379007429191335e-16 -0.7673626814486971 -0.6412133148335781
-2.9074338937154415e-16 -0.7594049166547073 -0.6506183002042418
-2.8765257548630857e-16 -0.7513318895568735 -0.6599245348787224
-2.8451810175922824e-16 -0.7431448254773942 -0.6691306063588582
-2.8134044394000565e-16 -0.7348449670469757 -0.678235117349234
-2.781200843328149e-16 -0.7264335740162241 -0.6872366859692627
-2.748575117230975e-16 -0.717911923064442 -0.6961339459629265
-2.715532213033748e-16 -0.7092813076058535 -0.7049255469061471
-2.6820771459808793e-16 -0.7005430375932911 -0.7136101544117522
-2.6482149938747624e-16 -0.6916984393193701 -0.7221864503320092
-2.6139508963050674e-16 -0.6827488552151856 -0.730653132958693
-2.5792900538686544e-16 -0.6736956436465574 -0.739008917220659
-2.544237727380227e-16 -0.6645401787078582 -0.7472525348788908
-2.508799237073851e-16 -0.6552838500134538 -0.7553827347189935
-2.4729799617954443e-16 -0.6459280624867872 -0.763398282741103
-2.436785338186385e-16 -0.6364742361471414 -0.7712979623471807
-2.4002208598583304e-16 -0.6269238058941065 -0.7790805745256705
-2.3632920765594043e-16 -0.6172782212897929 -0.7867449380334832
-2.326004593331854e-16 -0.6075389463388169 -0.794289889575286
-2.288364069661321e-16 -0.5977074592660937 -0.8017142839800666
-2.250376218617843e-16 -0.5877852522924732 -0.8090169943749473
-2.212046805988727e-16 -0.5777738314082512 -0.8161969123562216
-2.1733816494034193e-16 -0.5676747161445903 -0.8232529481575871
-2.1343866174505066e-16 -0.5574894393428858 -0.8301840308155505
-2.095067628786981e-16 -0.5472195469221109 -0.8369891083319779
-2.0554306512399158e-16 -0.5368665976441799 -0.8436671478337664
-2.0154817009006578e-16 -0.5264321628773557 -0.8502171357296142
-1.9752268412117144e-16 -0.515917826357751 -0.8566380778638628
-1.9346721820464453e-16 -0.505325183948948 -0.8629289996673897
-1.893823878781704e-16 -0.4946558433997788 -0.8690889463055284
-1.852688131363579e-16 -0.4839114241003016 -0.8751169828229927
-1.8112711833663661e-16 -0.4730935568360101 -0.8810121942857845
-1.7695793210449203e-16 -0.4622038835403133 -0.8867736859200619
-1.72761887238053e-16 -0.4512440570453229 -0.8924005832479478
-1.685396206120457e-16 -0.44021574083098747 -0.897892032220258
-1.6429177308112871e-16 -0.4291206087726087 -0.903247199346129
-1.6001898938262507e-16 -0.41796034488678324 -0.9084652718195237
-1.5572191803866309e-16 -0.40673664307580004 -0.913545457642601
-1.5140121125774445e-16 -0.3954512068705424 -0.918486985745923
-1.470575248357521e-16 -0.38410574917192575 -0.9232891061054894
-1.4269151805641355e-16 -0.3727019919909139 -0.9279510898565747
-1.3830385359123516e-16 -0.3612416661871529 -0.9324722294043558
-1.3389519739892164e-16 -0.34972651120626114 -0.9368518385313106
-1.2946621862429748e-16 -0.3381582748158171 -0.9410892525013715
-1.2501758949674387e-16 -0.32653871284008334 -0.9451838281608195
-1.2054998522816826e-16 -0.31486958889350836 -0.949134944035901
-1.160640839105201e-16 -0.30315267411304364 -0.9529420004271565
-1.1156056641287153e-16 -0.2913897468893248 -0.9566044195004407
-1.0704011627807396e-16 -0.279582592596744 -0.9601216453746281
-1.0250341961901064e-16 -0.26773300332246813 -0.9634931442059831
-9.795116501445862e-17 -0.25584277759443586 -0.9667184042691874
-9.338404340457627e-17 -0.24391372010837745 -0.9697969360350094
-8.880274798603267e-17 -0.23194764145389848 -0.9727282722446047
-8.420797410679427e-17 -0.21994635783966898 -0.9755119679804366
-7.960041916058525e-17 -0.20791169081775973 -0.9781476007338056
-7.498078248103717e-17 -0.1958454670071674 -0.9806347704689776
-7.034976523554428e-17 -0.1837495178165708 -0.9829730996839017
-6.570807031884038e-17 -0.1716256791663597 -0.9851622334675065
-6.105640224631425e-17 -0.1594757912099809 -0.987201839553569
-5.639546704707745e-17 -0.14730169805463766 -0.989091608371146
-5.172597215680408e-17 -0.13510524748139313 -0.9908312530915603
-4.704862631035621e-17 -0.12288829066471434 -0.9924205096719357
-4.2364139434212195e-17 -0.1106526818915011 -0.9938591368952736
-3.767322253871426e-17 -0.098400278279643 -0.9951469164070644
-3.297658761015146e-17 -0.08613293949614632 -0.9962836527484294
-2.827494750269463e-17 -0.07385252747487431 -0.997269173385788
-2.3569015830199508e-17 -0.06156090613394323 -0.9981033287370441
-1.8859506857894392e-17 -0.04925994109281683 -0.99878599219429
-1.4147135393969848e-17 -0.03695149938914491 -0.9993170601430229
-9.432616681084257e-18 -0.024637449195382025 -0.9996964519778716
-4.716666287805116e-18 -0.012319659535238529 -0.9999241101148306
-4.6886444024566354e-32 -1.2246467991473532e-16 -1.0
0.0 0.0 1.0
0.006159829767619215 -0.010669138123491686 0.9999241101148306
0.012318724597690973 -0.02133665688764927 0.9996964519778716
0.018475749694572427 -0.03200093717892465 0.9993170601430229
0.024629970546408402 -0.04266036037530439 0.99878599219429
0.030780453066971386 -0.053313308591983785 0.9981033287370441
0.036926263737436946 -0.06395816492692909 0.997269173385788
0.04306646974807296 -0.07459331370629049 0.9962836527484294
0.049200139139821304 -0.08521714072962873 0.9951469164070644
0.05532634094575037 -0.0958280335149181 0.9938591368952737
0.061444145332356995 -0.10642438154328854 0.9924205096719357
0.0675526237406964 -0.11700457650346988 0.9908312530915603
0.07365084902731868 -0.12756701253590094 0.989091608371146
0.07973789560499032 -0.13811008647646653 0.987201839553569
0.08581283958317973 -0.14863219809982517 0.9851622334675065
0.09187475890828506 -0.15913175036229127 0.9829730996839018
0.09792273350358338 -0.16960714964423376 0.9806347704689777
0.10395584540887957 -0.18005680599195545 0.9781476007338057
0.1099731789198342 -0.1904791333590157 0.9755119679804366
0.11597382072694895 -0.20087254984696037 0.9727282722446048
0.12195686005418845 -0.21123547794542194 0.9697969360350095
0.12792138879721765 -0.2215663447715535 0.9667184042691874
0.1338665016612338 -0.23186358230876075 0.9634931442059831
0.13979129629837175 -0.24212562764469533 0.9601216453746282
0.14569487344466217 -0.2523509232084728 0.9566044195004408
0.15157633705652163 -0.26253791700708096 0.9529420004271566
0.1574347944467538 -0.27268506286094046 0.9491349440359013
0.16326935642004148 -0.2827908206385841 0.9451838281608196
0.1690791374079084 -0.2928536564904173 0.9410892525013715
0.1748632556031304 -0.30287204308152543 0.9368518385313106
0.18062083309357624 -0.31284445982349257 0.9324722294043558
0.1863509959954568 -0.322769393105196 0.9279510898565747
0.19205287458596274 -0.3326453365225415 0.9232891061054893
0.19772560343527107 -0.34247079110710527 0.918486985745923
0.2033683215378999 -0.3522442655536471 0.9135454576426009
0.20898017244339148 -0.36196427644645995 0.9084652718195237
0.21456030438630427 -0.37162934848452295 0.9032471993461288
0.22010787041549343 -0.3812380147054217 0.8978920322202582
0.22562202852266117 -0.390788816708004 0.8924005832479478
0.23110194177015636 -0.4002803048737355 0.8867736859200619
0.23654677841800478 -0.40971103858672203 0.8810121942857845
0.2419557120501505 -0.4190795864523665 0.8751169828229928
0.24732792169988915 -0.4283845265146256 0.8690889463055284
0.2526625919744737 -0.4376244464718336 0.8629289996673897
0.2579589131788752 -0.4467979438910613 0.8566380778638628
0.2632160814386776 -0.45590362642097754 0.8502171357296142
0.2684332988220897 -0.46494011200317886 0.8436671478337664
0.2736097734610553 -0.47390602908195906 0.8369891083319778
0.2787447196714425 -0.4828000168124829 0.8301840308155507
0.28383735807229477 -0.49162072526733536 0.8232529481575873
0.2888869157041253 -0.500366815641413 0.8161969123562217
0.2938926261462363 -0.5090369604551274 0.8090169943749475
0.29885372963304657 -0.5176298437558898 0.8017142839800666
0.30376947316940817 -0.5261441613178465 0.7942898895752861
0.30863911064489613 -0.5345786208398332 0.7867449380334832
0.3134619029470529 -0.5429319421415207 0.7790805745256704
0.31823711807357036 -0.5512028573577205 0.7712979623471806
0.32296403124339335 -0.5593901111308203 0.763398282741103
0.32764192500672645 -0.5674924608013229 0.7553827347189938
0.33227008935392865 -0.5755086765964559 0.747252534878891
0.3368478218232782 -0.583437541816827 0.7390089172206592
0.3413744276075924 -0.5912778530210945 0.7306531329586932
0.3458492196596846 -0.5990284202086236 0.7221864503320093
0.35027151879664514 -0.6066880670001071 0.7136101544117524
0.35464065380292636 -0.614255630816114 0.7049255469061472
0.3589559615322206 -0.6217299630535463 0.6961339459629267
0.36321678700811166 -0.6291099292599736 0.6872366859692627
0.36742248352348744 -0.6363944093058198 0.678235117349234
0.37157241273869673 -0.6435822975543768 0.6691306063588582
0.37566594477843623 -0.6506725030296167 0.6599245348787226
0.37970245832735317 -0.6576639495817809 0.6506183002042422
0.38368134072434806 -0.6645555760507175 0.6412133148335784
0.3876019880555645 -0.6713463364269437 0.6317110062532509
0.391463805246051 -0.6780352000104093 0.6221128167214739
0.39526620615008123 -0.6846211515669355 0.61242020304925
0.39900861364011936 -0.6911031914823078 0.6026346363792565
0.4026904596944159 -0.6974803359139964 0.592757601962555
0.4063111854832224 -0.7037516169404842 0.582790598933161
0.4098702414536101 -0.7099160827081771 0.5727351400805053
0.41336708741288136 -0.7159727975758767 0.5625927516198231
0.41680119261055926 -0.7219208422567913 0.5523649729605059
0.4201720358189459 -0.7277593139580655 0.5420533564724495
0.42347910541223305 -0.733487326517805 0.5316594672504363
0.4267218994441575 -0.7391040105395793 0.5211848828765852
0.4298999257241857 -0.7446085135243773 0.510631193180907
0.43301270189221885 -0.7500000000000002 0.5000000000000001
0.4360597554918049 -0.7552776516478689 0.48929291693392374
0.43904062404184846 -0.7604406674272285 0.4785115691012867
0.4419548551068055 -0.7654882636967296 0.467657592892587
0.44480200636535433 -0.7704196743333699 0.45673263572184064
0.4475816456775307 -0.7752341508487752 0.4457383557765383
0.45029335115031827 -0.7799309625028058 0.43467642176596505
0.4529367112016831 -0.7845093964144676 0.4235485126679244
0.45551132462304367 -0.7889687576701129 0.41235631747390367
0.4580168006401663 -0.7933083694289146 0.4011015349327188
0.46045275897247634 -0.7975275730255963 0.3897858732926794
0.46281882989077766 -0.8016257280704053 0.37841105004231035
0.4651146542733697 -0.8056022125463101 0.3669787916496722
0.46733988366055484 -0.8094564229034102 0.35549083330031817
0.4694941803075278 -0.8131877741505427 0.34394891863392807
0.4715772172356383 -0.8167956999440722 0.3323547994796596
0.4735886782820196 -0.8202796526738504 0.3207102355902552
0.47552825814757627 -0.8236391035463322 0.30901699437494745
0.47739566244332166 -0.8268735426648356 0.29727685063120274
0.47919060773506067 -0.829982479106934 0.28549158627534194
0.480912821586409 -0.8329654409989683 0.2736629900720828
0.482562042600144 -0.8358219755876676 0.26179285736304025
0.48413802045787896 -0.838551649308868 0.24988298979423082
0.4856405159580564 -0.8411540478533189 0.2379351950426188
0.48706930105225454 -0.8436287762295672 0.22595128654174773
0.48842415887979984 -0.8459754588239081 0.21393308320649734
0.48970488380068244 -0.8481937394573964 0.2018824091570102
0.49091128142676793 -0.850283281439907 0.18980109344182572
0.4920431686513017 -0.8522437676212375 0.1776909697602686
0.4931003736767008 -0.8540749004392459 0.16555387618413
0.4940827360406292 -0.8557764019650134 0.15339165487868545
0.494990106640353 -0.8573480139450292 0.14120615182309149
0.4958223477553709 -0.8587894978403879 0.1289992165302034
0.4965793330683176 -0.8601006348629952 0.11677270176585648
0.49726094768413615 -0.8612812260087744 0.10452846326765368
0.49786708814751673 -0.862331092087873 0.09226835946330224
0.49839766245859907 -0.8632500737518584 0.07999425118854168
0.49885259008693594 -0.8640380315179047 0.06770800140470754
0.49923180198371647 -0.8646948457899631 0.05541147491597008
0.4995352405922461 -0.8652204168769144 0.043106538086295734
0.49976285985668245 -0.8656146650076997 0.030795058556170547
0.49991462522902586 -0.8658775303434281 0.018478904959129915
0.4999905136743629 -0.8660089729864593 0.006159946638138691
0.4999905136743629 -0.8660089729864593 -0.006159946638138568
0.49991462522902586 -0.8658775303434281 -0.01847890495912979
0.49976285985668245 -0.8656146650076997 -0.030795058556170204
0.4995352405922461 -0.8652204168769144 -0.04310653808629561
0.49923180198371647 -0.8646948457899631 -0.055411474915969955
0.49885259008693594 -0.8640380315179047 -0.06770800140470741
0.49839766245859907 -0.8632500737518584 -0.07999425118854157
0.4978670881475168 -0.8623310920878731 -0.09226835946330189
0.49726094768413615 -0.8612812260087744 -0.10452846326765355
0.4965793330683176 -0.8601006348629952 -0.11677270176585636
0.4958223477553709 -0.8587894978403879 -0.1289992165302033
0.494990106640353 -0.8573480139450292 -0.14120615182309137
0.4940827360406292 -0.8557764019650134 -0.1533916548786853
0.4931003736767008 -0.8540749004392459 -0.16555387618412987
0.4920431686513017 -0.8522437676212375 -0.1776909697602687
0.49091128142676793 -0.850283281439907 -0.18980109344182583
0.48970488380068244 -0.8481937394573964 -0.20188240915701028
0.48842415887979984 -0.8459754588239081 -0.21393308320649743
0.48706930105225454 -0.8436287762295672 -0.2259512865417476
0.4856405159580564 -0.8411540478533189 -0.2379351950426187
0.48413802045787896 -0.838551649308868 -0.2498829897942307
0.48256204260014407 -0.8358219755876677 -0.26179285736304014
0.4809128215864091 -0.8329654409989684 -0.27366299007208267
0.47919060773506067 -0.829982479106934 -0.2854915862753418
0.4773956624433217 -0.8268735426648357 -0.2972768506312024
0.4755282581475763 -0.8236391035463323 -0.30901699437494734
0.4735886782820196 -0.8202796526738504 -0.320710235590255
0.47157721723563834 -0.8167956999440723 -0.3323547994796595
0.4694941803075279 -0.8131877741505428 -0.34394891863392796
0.4673398836605549 -0.8094564229034104 -0.35549083330031783
0.46511465427336973 -0.8056022125463103 -0.36697879164967206
0.4628188298907777 -0.8016257280704054 -0.37841105004231024
0.4604527589724764 -0.7975275730255964 -0.3897858732926793
0.4580168006401663 -0.7933083694289146 -0.40110153493271866
0.4555113246230438 -0.788968757670113 -0.41235631747390333
0.4529367112016831 -0.7845093964144676 -0.4235485126679243
0.4502933511503184 -0.779930962502806 -0.43467642176596455
0.44758164567753084 -0.7752341508487754 -0.4457383557765378
0.44480200636535433 -0.7704196743333699 -0.45673263572184053
0.4419548551068056 -0.7654882636967298 -0.4676575928925867
0.43904062404184857 -0.7604406674272287 -0.4785115691012864
0.43605975549180503 -0.7552776516478691 -0.48929291693392346
0.4330127018922189 -0.7500000000000003 -0.4999999999999998
0.42989992572418584 -0.7446085135243775 -0.5106311931809068
0.4267218994441576 -0.7391040105395794 -0.5211848828765848
0.4234791054122332 -0.7334873265178052 -0.5316594672504358
0.420172035818946 -0.7277593139580657 -0.542053356472449
0.4168011926105594 -0.7219208422567917 -0.5523649729605055
0.4133670874128815 -0.715972797575877 -0.5625927516198227
0.4098702414536102 -0.7099160827081772 -0.5727351400805052
0.4063111854832224 -0.7037516169404842 -0.5827905989331609
0.40269045969441597 -0.6974803359139965 -0.5927576019625548
0.3990086136401194 -0.6911031914823079 -0.6026346363792563
0.39526620615008135 -0.6846211515669356 -0.6124202030492498
0.39146380524605107 -0.6780352000104094 -0.6221128167214738
0.3876019880555646 -0.671346336426944 -0.6317110062532507
0.3836813407243482 -0.6645555760507177 -0.6412133148335781
0.3797024583273533 -0.6576639495817811 -0.6506183002042418
0.37566594477843634 -0.6506725030296168 -0.6599245348787224
0.37157241273869673 -0.6435822975543768 -0.6691306063588582
0.36742248352348744 -0.6363944093058198 -0.678235117349234
0.36321678700811166 -0.6291099292599736 -0.6872366859692627
0.35895596153222065 -0.6217299630535464 -0.6961339459629265
0.3546406538029264 -0.6142556308161141 -0.7049255469061471
0.3502715187966452 -0.6066880670001072 -0.7136101544117522
0.34584921965968474 -0.5990284202086238 -0.7221864503320092
0.34137442760759246 -0.5912778530210945 -0.730653132958693
0.3368478218232784 -0.5834375418168274 -0.739008917220659
0.33227008935392877 -0.5755086765964561 -0.7472525348788908
0.32764192500672656 -0.5674924608013231 -0.7553827347189935
0.3229640312433933 -0.5593901111308203 -0.763398282741103
0.31823711807357036 -0.5512028573577205 -0.7712979623471807
0.3134619029470529 -0.5429319421415207 -0.7790805745256705
0.30863911064489613 -0.5345786208398332 -0.7867449380334832
0.30376947316940817 -0.5261441613178465 -0.794289889575286
0.29885372963304657 -0.5176298437558898 -0.8017142839800666
0.29389262614623635 -0.5090369604551275 -0.8090169943749473
0.28888691570412534 -0.5003668156414132 -0.8161969123562216
0.2838373580722949 -0.4916207252673356 -0.8232529481575871
0.2787447196714426 -0.4828000168124831 -0.8301840308155505
0.2736097734610552 -0.47390602908195884 -0.8369891083319779
0.26843329882208966 -0.4649401120031788 -0.8436671478337664
0.2632160814386776 -0.45590362642097754 -0.8502171357296142
0.2579589131788752 -0.4467979438910613 -0.8566380778638628
0.2526625919744737 -0.4376244464718336 -0.8629289996673897
0.24732792169988915 -0.4283845265146256 -0.8690889463055284
0.24195571205015054 -0.41907958645236654 -0.8751169828229927
0.2365467784180048 -0.4097110385867221 -0.8810121942857845
0.23110194177015642 -0.4002803048737356 -0.8867736859200619
0.22562202852266122 -0.39078881670800414 -0.8924005832479478
0.2201078704154935 -0.38123801470542185 -0.897892032220258
0.21456030438630413 -0.3716293484845227 -0.903247199346129
0.2089801724433914 -0.3619642764464598 -0.9084652718195237
0.20336832153789983 -0.35224426555364696 -0.913545457642601
0.197725603435271 -0.3424707911071052 -0.918486985745923
0.19205287458596268 -0.3326453365225414 -0.9232891061054894
0.18635099599545676 -0.3227693931051959 -0.9279510898565747
0.18062083309357627 -0.3128444598234926 -0.9324722294043558
0.1748632556031304 -0.30287204308152543 -0.9368518385313106
0.1690791374079084 -0.2928536564904173 -0.9410892525013715
0.1632693564200415 -0.28279082063858413 -0.9451838281608195
0.157434794446754 -0.27268506286094085 -0.949134944035901
0.15157633705652168 -0.26253791700708107 -0.9529420004271565
0.14569487344466225 -0.25235092320847297 -0.9566044195004407
0.13979129629837186 -0.2421256276446955 -0.9601216453746281
0.13386650166123393 -0.231863582308761 -0.9634931442059831
0.1279213887972178 -0.2215663447715537 -0.9667184042691874
0.1219568600541886 -0.2112354779454222 -0.9697969360350094
0.11597382072694913 -0.2008725498469607 -0.9727282722446047
0.10997317891983438 -0.19047913335901603 -0.9755119679804366
0.10395584540887977 -0.18005680599195578 -0.9781476007338056
0.0979227335035836 -0.16960714964423415 -0.9806347704689776
0.09187475890828531 -0.15913175036229169 -0.9829730996839017
0.08581283958317977 -0.14863219809982522 -0.9851622334675065
0.07973789560499037 -0.13811008647646658 -0.987201839553569
0.07365084902731876 -0.12756701253590108 -0.989091608371146
0.0675526237406965 -0.11700457650347004 -0.9908312530915603
0.061444145332357106 -0.10642438154328873 -0.9924205096719357
0.05532634094575049 -0.09582803351491831 -0.9938591368952736
0.04920013913982145 -0.08521714072962898 -0.9951469164070644
0.04306646974807312 -0.07459331370629077 -0.9962836527484294
0.03692626373743712 -0.06395816492692939 -0.997269173385788
0.030780453066971584 -0.05331330859198413 -0.9981033287370441
0.024629970546408392 -0.04266036037530437 -0.99878599219429
0.018475749694572437 -0.03200093717892467 -0.9993170601430229
0.012318724597691 -0.021336656887649318 -0.9996964519778716
0.0061598297676192584 -0.01066913812349176 -0.9999241101148306
6.12323399573676e-17 -1.0605752387249073e-16 -1.0
0.0 0.0 1.0
0.010669138123491679 -0.006159829767619228 0.9999241101148306
0.021336656887649255 -0.012318724597690999 0.9996964519778716
0.03200093717892463 -0.018475749694572465 0.9993170601430229
0.042660360375304365 -0.024629970546408454 0.99878599219429
0.05331330859198375 -0.030780453066971452 0.9981033287370441
0.06395816492692905 -0.03692626373743702 0.997269173385788
0.07459331370629044 -0.04306646974807305 0.9962836527484294
0.08521714072962867 -0.04920013913982141 0.9951469164070644
0.09582803351491803 -0.055326340945750486 0.9938591368952737
0.10642438154328847 -0.06144414533235713 0.9924205096719357
0.11700457650346979 -0.06755262374069654 0.9908312530915603
0.12756701253590086 -0.07365084902731883 0.989091608371146
0.13811008647646641 -0.07973789560499049 0.987201839553569
0.14863219809982506 -0.08581283958317991 0.9851622334675065
0.15913175036229116 -0.09187475890828525 0.9829730996839018
0.16960714964423368 -0.09792273350358359 0.9806347704689777
0.18005680599195534 -0.10395584540887978 0.9781476007338057
0.1904791333590156 -0.10997317891983444 0.9755119679804366
0.20087254984696026 -0.11597382072694919 0.9727282722446048
0.2112354779454218 -0.12195686005418871 0.9697969360350095
0.22156634477155335 -0.12792138879721793 0.9667184042691874
0.2318635823087606 -0.13386650166123407 0.9634931442059831
0.24212562764469517 -0.13979129629837206 0.9601216453746282
0.25235092320847263 -0.14569487344466248 0.9566044195004408
0.2625379170070808 -0.15157633705652193 0.9529420004271566
0.2726850628609403 -0.15743479444675412 0.9491349440359013
0.2827908206385839 -0.16326935642004184 0.9451838281608196
0.2928536564904171 -0.16907913740790875 0.9410892525013715
0.3028720430815252 -0.17486325560313076 0.9368518385313106
0.31284445982349235 -0.18062083309357663 0.9324722294043558
0.3227693931051958 -0.18635099599545718 0.9279510898565747
0.3326453365225413 -0.19205287458596315 0.9232891061054893
0.34247079110710504 -0.19772560343527149 0.918486985745923
0.35224426555364685 -0.20336832153790033 0.9135454576426009
0.36196427644645973 -0.20898017244339193 0.9084652718195237
0.3716293484845227 -0.21456030438630475 0.9032471993461288
0.38123801470542146 -0.2201078704154939 0.8978920322202582
0.3907888167080038 -0.22562202852266164 0.8924005832479478
0.4002803048737352 -0.23110194177015683 0.8867736859200619
0.40971103858672175 -0.23654677841800528 0.8810121942857845
0.4190795864523662 -0.24195571205015104 0.8751169828229928
0.42838452651462533 -0.24732792169988968 0.8690889463055284
0.4376244464718333 -0.25266259197447427 0.8629289996673897
0.44679794389106103 -0.25795891317887576 0.8566380778638628
0.4559036264209772 -0.26321608143867814 0.8502171357296142
0.4649401120031786 -0.26843329882209027 0.8436671478337664
0.4739060290819587 -0.27360977346105586 0.8369891083319778
0.4828000168124826 -0.2787447196714431 0.8301840308155507
0.4916207252673351 -0.2838373580722954 0.8232529481575873
0.5003668156414127 -0.2888869157041259 0.8161969123562217
0.509036960455127 -0.2938926261462369 0.8090169943749475
0.5176298437558895 -0.2988537296330472 0.8017142839800666
0.5261441613178461 -0.3037694731694088 0.7942898895752861
0.5345786208398329 -0.3086391106448968 0.7867449380334832
0.5429319421415204 -0.31346190294705356 0.7790805745256704
0.5512028573577201 -0.318237118073571 0.7712979623471806
0.5593901111308199 -0.322964031243394 0.763398282741103
0.5674924608013224 -0.3276419250067272 0.7553827347189938
0.5755086765964555 -0.3322700893539294 0.747252534878891
0.5834375418168267 -0.33684782182327894 0.7390089172206592
0.591277853021094 -0.3413744276075931 0.7306531329586932
0.5990284202086231 -0.34584921965968535 0.7221864503320093
0.6066880670001068 -0.35027151879664586 0.7136101544117524
0.6142556308161137 -0.3546406538029271 0.7049255469061472
0.6217299630535459 -0.3589559615322213 0.6961339459629267
0.6291099292599732 -0.36321678700811244 0.6872366859692627
0.6363944093058194 -0.3674224835234882 0.678235117349234
0.6435822975543763 -0.3715724127386975 0.6691306063588582
0.6506725030296162 -0.37566594477843707 0.6599245348787226
0.6576639495817805 -0.379702458327354 0.6506183002042422
0.6645555760507171 -0.3836813407243489 0.6412133148335784
0.6713463364269433 -0.38760198805556534 0.6317110062532509
0.6780352000104088 -0.39146380524605184 0.6221128167214739
0.684621151566935 -0.39526620615008207 0.61242020304925
0.6911031914823074 -0.3990086136401202 0.6026346363792565
0.6974803359139959 -0.40269045969441675 0.592757601962555
0.7037516169404837 -0.40631118548322326 0.582790598933161
0.7099160827081766 -0.40987024145361095 0.5727351400805053
0.7159727975758763 -0.4133670874128822 0.5625927516198231
0.7219208422567909 -0.41680119261056015 0.5523649729605059
0.727759313958065 -0.4201720358189468 0.5420533564724495
0.7334873265178045 -0.42347910541223394 0.5316594672504363
0.7391040105395787 -0.42672189944415845 0.5211848828765852
0.7446085135243767 -0.42989992572418667 0.510631193180907
0.7499999999999997 -0.4330127018922198 0.5000000000000001
0.7552776516478684 -0.43605975549180587 0.48929291693392374
0.760440667427228 -0.4390406240418494 0.4785115691012867
0.7654882636967292 -0.44195485510680643 0.467657592892587
0.7704196743333694 -0.4448020063653553 0.45673263572184064
0.7752341508487747 -0.44758164567753167 0.4457383557765383
0.7799309625028054 -0.4502933511503192 0.43467642176596505
0.7845093964144672 -0.45293671120168405 0.4235485126679244
0.7889687576701123 -0.4555113246230446 0.41235631747390367
0.793308369428914 -0.45801680064016725 0.4011015349327188
0.7975275730255957 -0.4604527589724773 0.3897858732926794
0.8016257280704048 -0.4628188298907786 0.37841105004231035
0.8056022125463096 -0.4651146542733706 0.3669787916496722
0.8094564229034097 -0.4673398836605558 0.35549083330031817
0.8131877741505421 -0.46949418030752876 0.34394891863392807
0.8167956999440716 -0.4715772172356392 0.3323547994796596
0.82027965267385 -0.4735886782820206 0.3207102355902552
0.8236391035463316 -0.4755282581475773 0.30901699437494745
0.826873542664835 -0.4773956624433227 0.29727685063120274
0.8299824791069336 -0.4791906077350617 0.28549158627534194
0.8329654409989677 -0.4809128215864101 0.2736629900720828
0.835821975587667 -0.48256204260014507 0.26179285736304025
0.8385516493088675 -0.48413802045788 0.24988298979423082
0.8411540478533185 -0.48564051595805746 0.2379351950426188
0.8436287762295667 -0.4870693010522556 0.22595128654174773
0.8459754588239076 -0.4884241588798009 0.21393308320649734
0.8481937394573958 -0.4897048838006835 0.2018824091570102
0.8502832814399064 -0.490911281426769 0.18980109344182572
0.852243767621237 -0.49204316865130276 0.1776909697602686
0.8540749004392454 -0.49310037367670184 0.16555387618413
0.8557764019650128 -0.49408273604063024 0.15339165487868545
0.8573480139450287 -0.49499010664035403 0.14120615182309149
0.8587894978403874 -0.49582234775537193 0.1289992165302034
0.8601006348629946 -0.49657933306831864 0.11677270176585648
0.8612812260087739 -0.4972609476841372 0.10452846326765368
0.8623310920878724 -0.4978670881475178 0.09226835946330224
0.8632500737518578 -0.4983976624586001 0.07999425118854168
0.8640380315179041 -0.498852590086937 0.06770800140470754
0.8646948457899626 -0.4992318019837175 0.05541147491597008
0.8652204168769139 -0.49953524059224713 0.043106538086295734
0.8656146650076991 -0.4997628598566835 0.030795058556170547
0.8658775303434275 -0.4999146252290269 0.018478904959129915
0.8660089729864587 -0.499990513674364 0.006159946638138691
0.8660089729864587 -0.499990513674364 -0.006159946638138568
0.8658775303434275 -0.4999146252290269 -0.01847890495912979
0.8656146650076991 -0.4997628598566835 -0.030795058556170204
0.8652204168769139 -0.49953524059224713 -0.04310653808629561
0.8646948457899626 -0.4992318019837175 -0.055411474915969955
0.8640380315179041 -0.498852590086937 -0.06770800140470741
0.8632500737518578 -0.4983976624586001 -0.07999425118854157
0.8623310920878725 -0.49786708814751784 -0.09226835946330189
0.8612812260087739 -0.4972609476841372 -0.10452846326765355
0.8601006348629946 -0.49657933306831864 -0.11677270176585636
0.8587894978403874 -0.49582234775537193 -0.1289992165302033
0.8573480139450287 -0.49499010664035403 -0.14120615182309137
0.8557764019650128 -0.49408273604063024 -0.1533916548786853
0.8540749004392454 -0.49310037367670184 -0.16555387618412987
0.852243767621237 -0.49204316865130276 -0.1776909697602687
0.8502832814399064 -0.490911281426769 -0.18980109344182583
0.8481937394573958 -0.4897048838006835 -0.20188240915701028
0.8459754588239076 -0.4884241588798009 -0.21393308320649743
0.8436287762295667 -0.4870693010522556 -0.2259512865417476
0.8411540478533185 -0.48564051595805746 -0.2379351950426187
0.8385516493088675 -0.48413802045788 -0.2498829897942307
0.8358219755876671 -0.4825620426001451 -0.26179285736304014
0.8329654409989679 -0.48091282158641013 -0.27366299007208267
0.8299824791069336 -0.4791906077350617 -0.2854915862753418
0.8268735426648351 -0.47739566244332277 -0.2972768506312024
0.8236391035463317 -0.4755282581475774 -0.30901699437494734
0.82027965267385 -0.4735886782820206 -0.320710235590255
0.8167956999440718 -0.4715772172356393 -0.3323547994796595
0.8131877741505422 -0.4694941803075288 -0.34394891863392796
0.8094564229034098 -0.46733988366055584 -0.35549083330031783
0.8056022125463097 -0.4651146542733707 -0.36697879164967206
0.8016257280704049 -0.46281882989077866 -0.37841105004231024
0.7975275730255958 -0.46045275897247734 -0.3897858732926793
0.793308369428914 -0.45801680064016725 -0.40110153493271866
0.7889687576701125 -0.4555113246230447 -0.41235631747390333
0.7845093964144672 -0.45293671120168405 -0.4235485126679243
0.7799309625028055 -0.4502933511503193 -0.43467642176596455
0.7752341508487749 -0.4475816456775318 -0.4457383557765378
0.7704196743333694 -0.4448020063653553 -0.45673263572184053
0.7654882636967293 -0.44195485510680654 -0.4676575928925867
0.7604406674272282 -0.4390406240418495 -0.4785115691012864
0.7552776516478686 -0.436059755491806 -0.48929291693392346
0.7499999999999998 -0.43301270189221985 -0.4999999999999998
0.744608513524377 -0.4298999257241868 -0.5106311931809068
0.739104010539579 -0.42672189944415856 -0.5211848828765848
0.7334873265178048 -0.4234791054122341 -0.5316594672504358
0.7277593139580653 -0.4201720358189469 -0.542053356472449
0.7219208422567912 -0.4168011926105603 -0.5523649729605055
0.7159727975758765 -0.4133670874128823 -0.5625927516198227
0.7099160827081766 -0.409870241453611 -0.5727351400805052
0.7037516169404837 -0.40631118548322326 -0.5827905989331609
0.697480335913996 -0.4026904596944168 -0.5927576019625548
0.6911031914823075 -0.39900861364012025 -0.6026346363792563
0.6846211515669351 -0.3952662061500822 -0.6124202030492498
0.678035200010409 -0.3914638052460519 -0.6221128167214738
0.6713463364269435 -0.38760198805556545 -0.6317110062532507
0.6645555760507172 -0.383681340724349 -0.6412133148335781
0.6576639495817806 -0.3797024583273541 -0.6506183002042418
0.6506725030296164 -0.3756659447784372 -0.6599245348787224
0.6435822975543763 -0.3715724127386975 -0.6691306063588582
0.6363944093058194 -0.3674224835234882 -0.678235117349234
0.6291099292599732 -0.36321678700811244 -0.6872366859692627
0.621729963053546 -0.35895596153222137 -0.6961339459629265
0.6142556308161137 -0.35464065380292714 -0.7049255469061471
0.6066880670001069 -0.3502715187966459 -0.7136101544117522
0.5990284202086233 -0.34584921965968546 -0.7221864503320092
0.5912778530210941 -0.3413744276075932 -0.730653132958693
0.583437541816827 -0.3368478218232791 -0.739008917220659
0.5755086765964558 -0.3322700893539295 -0.7472525348788908
0.5674924608013227 -0.3276419250067273 -0.7553827347189935
0.5593901111308198 -0.32296403124339396 -0.763398282741103
0.5512028573577201 -0.318237118073571 -0.7712979623471807
0.5429319421415204 -0.31346190294705356 -0.7790805745256705
0.5345786208398329 -0.3086391106448968 -0.7867449380334832
0.5261441613178461 -0.3037694731694088 -0.794289889575286
0.5176298437558895 -0.2988537296330472 -0.8017142839800666
0.5090369604551271 -0.29389262614623696 -0.8090169943749473
0.5003668156414128 -0.28888691570412595 -0.8161969123562216
0.49162072526733525 -0.2838373580722955 -0.8232529481575871
0.4828000168124828 -0.2787447196714432 -0.8301840308155505
0.47390602908195856 -0.27360977346105575 -0.8369891083319779
0.4649401120031785 -0.2684332988220902 -0.8436671478337664
0.4559036264209772 -0.26321608143867814 -0.8502171357296142
0.44679794389106103 -0.25795891317887576 -0.8566380778638628
0.4376244464718333 -0.25266259197447427 -0.8629289996673897
0.42838452651462533 -0.24732792169988968 -0.8690889463055284
0.41907958645236626 -0.24195571205015107 -0.8751169828229927
0.4097110385867218 -0.2365467784180053 -0.8810121942857845
0.40028030487373534 -0.2311019417701569 -0.8867736859200619
0.3907888167080039 -0.2256220285226617 -0.8924005832479478
0.3812380147054216 -0.22010787041549398 -0.897892032220258
0.37162934848452245 -0.2145603043863046 -0.903247199346129
0.36196427644645957 -0.20898017244339184 -0.9084652718195237
0.35224426555364674 -0.20336832153790024 -0.913545457642601
0.342470791107105 -0.19772560343527143 -0.918486985745923
0.3326453365225412 -0.1920528745859631 -0.9232891061054894
0.32276939310519576 -0.18635099599545715 -0.9279510898565747
0.3128444598234924 -0.18062083309357665 -0.9324722294043558
0.3028720430815252 -0.17486325560313076 -0.9368518385313106
0.2928536564904171 -0.16907913740790875 -0.9410892525013715
0.28279082063858396 -0.16326935642004187 -0.9451838281608195
0.2726850628609407 -0.15743479444675434 -0.949134944035901
0.2625379170070809 -0.151576337056522 -0.9529420004271565
0.2523509232084728 -0.14569487344466256 -0.9566044195004407
0.24212562764469536 -0.13979129629837217 -0.9601216453746281
0.23186358230876083 -0.1338665016612342 -0.9634931442059831
0.22156634477155357 -0.12792138879721807 -0.9667184042691874
0.21123547794542205 -0.12195686005418886 -0.9697969360350094
0.20087254984696057 -0.11597382072694937 -0.9727282722446047
0.1904791333590159 -0.10997317891983462 -0.9755119679804366
0.18005680599195567 -0.10395584540887998 -0.9781476007338056
0.16960714964423404 -0.09792273350358381 -0.9806347704689776
0.1591317503622916 -0.0918747589082855 -0.9829730996839017
0.14863219809982514 -0.08581283958317995 -0.9851622334675065
0.1381100864764665 -0.07973789560499053 -0.987201839553569
0.127567012535901 -0.07365084902731892 -0.989091608371146
0.11700457650346996 -0.06755262374069664 -0.9908312530915603
0.10642438154328866 -0.06144414533235724 -0.9924205096719357
0.09582803351491825 -0.05532634094575061 -0.9938591368952736
0.08521714072962892 -0.049200139139821554 -0.9951469164070644
0.07459331370629071 -0.04306646974807321 -0.9962836527484294
0.06395816492692935 -0.036926263737437195 -0.997269173385788
0.0533133085919841 -0.03078045306697165 -0.9981033287370441
0.042660360375304344 -0.024629970546408444 -0.99878599219429
0.032000937178924646 -0.018475749694572476 -0.9993170601430229
0.021336656887649304 -0.012318724597691027 -0.9996964519778716
0.010669138123491753 -0.0061598297676192714 -0.9999241101148306
1.0605752387249065e-16 -6.123233995736773e-17 -1.0
0.0 0.0 1.0
0.012319659535238442 -8.206541802938745e-18 0.9999241101148306
0.02463744919538197 -1.641183801884736e-17 0.9996964519778716
0.03695149938914489 -2.461464324975064e-17 0.9993170601430229
0.04925994109281685 -3.28137124757545e-17 0.99878599219429
0.061560906133942835 -4.100780124401482e-17 0.9981033287370441
0.07385252747487396 -4.919566585762022e-17 0.997269173385788
0.086132939496146 -5.73760635643601e-17 0.9962836527484294
0.0984002782796427 -6.554775274534921e-17 0.9951469164070644
0.11065268189150085 -7.370949310348042e-17 0.9938591368952737
0.12288829066471411 -8.186004585167657e-17 0.9924205096719357
0.13510524748139294 -8.999817390091342e-17 0.9908312530915603
0.1473016980546375 -9.812264204798471e-17 0.989091608371146
0.15947579120998082 -1.0623221716298092e-16 0.987201839553569
0.17162567916635962 -1.143256683764535e-16 0.9851622334675065
0.1837495178165703 -1.2240176726623606e-16 0.9829730996839018
0.19584546700716696 -1.3045928804389392e-16 0.9806347704689777
0.20791169081775934 -1.3849700774077389e-16 0.9781476007338057
0.21994635783966862 -1.4651370639362634e-16 0.9755119679804366
0.23194764145389812 -1.5450816722977087e-16 0.9727282722446048
0.24391372010837714 -1.624791768517778e-16 0.9697969360350095
0.2558427775944356 -1.7042552542163729e-16 0.9667184042691874
0.26773300332246786 -1.783460068443884e-16 0.9634931442059831
0.2795825925967438 -1.8623941895117987e-16 0.9601216453746282
0.2913897468893246 -1.9410456368173487e-16 0.9566044195004408
0.30315267411304353 -2.0194024726619256e-16 0.9529420004271566
0.3148695888935079 -2.0974528040629797e-16 0.9491349440359013
0.3265387128400833 -2.1751847845591363e-16 0.9451838281608196
0.3381582748158171 -2.252586616008248e-16 0.9410892525013715
0.34972651120626114 -2.329646550378114e-16 0.9368518385313106
0.36124166618715287 -2.406352891529592e-16 0.9324722294043558
0.37270199199091397 -2.48269399699184e-16 0.9279510898565747
0.38410574917192586 -2.5586582797294037e-16 0.9232891061054893
0.3954512068705425 -2.6342342099008934e-16 0.918486985745923
0.4067366430758002 -2.709410316608986e-16 0.9135454576426009
0.4179603448867834 -2.7841751896414694e-16 0.9084652718195237
0.429120608772609 -2.8585174812030868e-16 0.9032471993461288
0.4402157408309873 -2.9324259076378966e-16 0.8978920322202582
0.4512440570453228 -3.00588925114191e-16 0.8924005832479478
0.46220388354031317 -3.078896361465721e-16 0.8867736859200619
0.47309355683601007 -3.1514361576068907e-16 0.8810121942857845
0.4839114241003015 -3.223497629491822e-16 0.8751169828229928
0.4946558433997788 -3.2950698396468613e-16 0.8690889463055284
0.505325183948948 -3.3661419248583876e-16 0.8629289996673897
0.515917826357751 -3.4367030978216313e-16 0.8566380778638628
0.5264321628773557 -3.5067426487779653e-16 0.8502171357296142
0.53686659764418 -3.5762499471404307e-16 0.8436671478337664
0.5472195469221112 -3.645214443107244e-16 0.8369891083319778
0.5574894393428855 -3.7136256692630467e-16 0.8301840308155507
0.5676747161445901 -3.781473242167644e-16 0.8232529481575873
0.5777738314082511 -3.8487468639320027e-16 0.8161969123562217
0.5877852522924731 -3.9154363237812615e-16 0.8090169943749475
0.5977074592660937 -3.9815314996045203e-16 0.8017142839800666
0.6075389463388169 -4.0470223594911715e-16 0.7942898895752861
0.6172782212897929 -4.1118989632535436e-16 0.7867449380334832
0.6269238058941065 -4.1761514639356165e-16 0.7790805745256704
0.6364742361471414 -4.2397701093075927e-16 0.7712979623471806
0.6459280624867874 -4.302745243346089e-16 0.763398282741103
0.6552838500134536 -4.365067307699723e-16 0.7553827347189938
0.664540178707858 -4.426726843139881e-16 0.747252534878891
0.6736956436465571 -4.487714490996434e-16 0.7390089172206592
0.6827488552151855 -4.548020994578198e-16 0.7306531329586932
0.6916984393193699 -4.607637200577907e-16 0.7221864503320093
0.700543037593291 -4.66655406046151e-16 0.7136101544117524
0.7092813076058534 -4.724762631841539e-16 0.7049255469061472
0.7179119230644418 -4.782254079834404e-16 0.6961339459629267
0.7264335740162241 -4.839019678401329e-16 0.6872366859692627
0.7348449670469757 -4.895050811672801e-16 0.678235117349234
0.7431448254773942 -4.950338975256281e-16 0.6691306063588582
0.7513318895568732 -5.004875777526996e-16 0.6599245348787226
0.7594049166547071 -5.058652940901623e-16 0.6506183002042422
0.7673626814486969 -5.111662303094657e-16 0.6412133148335784
0.7752039761111298 -5.163895818357276e-16 0.6317110062532509
0.7829276104921028 -5.215345558698532e-16 0.6221128167214739
0.7905324123001632 -5.2660037150886515e-16 0.61242020304925
0.7980172272802395 -5.31586259864429e-16 0.6026346363792565
0.8053809193888326 -5.364914641795555e-16 0.592757601962555
0.8126223709664456 -5.413152399434599e-16 0.582790598933161
0.819740482907221 -5.460568550045648e-16 0.5727351400805053
0.8267341748257635 -5.507155896816252e-16 0.5625927516198231
0.8336023852211194 -5.552907368729616e-16 0.5523649729605059
0.8403440716378927 -5.597816021637842e-16 0.5420533564724495
0.846958210824467 -5.641875039315904e-16 0.5316594672504363
0.8534437988883159 -5.685077734496219e-16 0.5211848828765852
0.8597998514483723 -5.727417549883633e-16 0.510631193180907
0.8660254037844386 -5.768888059150692e-16 0.5000000000000001
0.8721195109836107 -5.809482967913021e-16 0.48929291693392374
0.8780812480836978 -5.849196114684692e-16 0.4785115691012867
0.8839097102136119 -5.88802147181341e-16 0.467657592892587
0.8896040127307095 -5.925953146395387e-16 0.45673263572184064
0.8951632913550623 -5.962985381169765e-16 0.4457383557765383
0.9005867023006374 -5.999112555392455e-16 0.43467642176596505
0.9058734224033671 -6.03432918568925e-16 0.4235485126679244
0.9110226492460882 -6.068629926888091e-16 0.41235631747390367
0.9160336012803335 -6.102009572830359e-16 0.4011015349327188
0.9209055179449536 -6.134463057161057e-16 0.3897858732926794
0.9256376597815562 -6.165985454097786e-16 0.37841105004231035
0.9302293085467402 -6.196571979178379e-16 0.3669787916496722
0.9346797673211106 -6.226217989987085e-16 0.35549083330031817
0.9389883606150565 -6.254918986859191e-16 0.34394891863392807
0.9431544344712774 -6.282670613563984e-16 0.3323547994796596
0.9471773565640402 -6.309468657965934e-16 0.3207102355902552
0.9510565162951535 -6.335309052664019e-16 0.30901699437494745
0.9547913248866443 -6.360187875609064e-16 0.29727685063120274
0.9583812154701223 -6.384101350699039e-16 0.28549158627534194
0.961825643172819 -6.407045848352182e-16 0.2736629900720828
0.965124085200289 -6.429017886057913e-16 0.26179285736304025
0.9682760409157589 -6.450014128905394e-16 0.24988298979423082
0.9712810319161138 -6.470031390089707e-16 0.2379351950426188
0.9741386021045101 -6.489066631395546e-16 0.22595128654174773
0.9768483177596007 -6.507116963658359e-16 0.21393308320649734
0.9794097676013659 -6.52417964720286e-16 0.2018824091570102
0.9818225628535369 -6.540252092258859e-16 0.18980109344182572
0.9840863373026044 -6.555331859354337e-16 0.1776909697602686
0.9862007473534026 -6.569416659685707e-16 0.16555387618413
0.9881654720812594 -6.582504355465209e-16 0.15339165487868545
0.989980213280707 -6.594592960245384e-16 0.14120615182309149
0.9916446955107427 -6.605680639220575e-16 0.1289992165302034
0.9931586661366362 -6.615765709505413e-16 0.11677270176585648
0.9945218953682733 -6.6248466403902465e-16 0.10452846326765368
0.9957341762950345 -6.632922053573473e-16 0.09226835946330224
0.9967953249171991 -6.639990723370731e-16 0.07999425118854168
0.9977051801738729 -6.646051576900943e-16 0.06770800140470754
0.9984636039674339 -6.651103694249154e-16 0.05541147491597008
0.9990704811844932 -6.655146308606151e-16 0.043106538086295734
0.9995257197133659 -6.658178806384857e-16 0.030795058556170547
0.9998292504580527 -6.660200727313455e-16 0.018478904959129915
0.9999810273487268 -6.661211764505249e-16 0.006159946638138691
0.9999810273487268 -6.661211764505249e-16 -0.006159946638138568
0.9998292504580527 -6.660200727313455e-16 -0.01847890495912979
0.9995257197133659 -6.658178806384857e-16 -0.030795058556170204
0.9990704811844932 -6.655146308606151e-16 -0.04310653808629561
0.9984636039674339 -6.651103694249154e-16 -0.055411474915969955
0.9977051801738729 -6.646051576900943e-16 -0.06770800140470741
0.9967953249171991 -6.639990723370731e-16 -0.07999425118854157
0.9957341762950346 -6.632922053573473e-16 -0.09226835946330189
0.9945218953682733 -6.6248466403902465e-16 -0.10452846326765355
0.9931586661366362 -6.615765709505413e-16 -0.11677270176585636
0.9916446955107427 -6.605680639220575e-16 -0.1289992165302033
0.989980213280707 -6.594592960245384e-16 -0.14120615182309137
0.9881654720812594 -6.582504355465209e-16 -0.1533916548786853
0.9862007473534026 -6.569416659685707e-16 -0.16555387618412987
0.9840863373026044 -6.555331859354337e-16 -0.1776909697602687
0.9818225628535369 -6.540252092258859e-16 -0.18980109344182583
0.9794097676013659 -6.52417964720286e-16 -0.20188240915701028
0.9768483177596007 -6.507116963658359e-16 -0.21393308320649743
0.9741386021045101 -6.489066631395546e-16 -0.2259512865417476
0.9712810319161138 -6.470031390089707e-16 -0.2379351950426187
0.9682760409157589 -6.450014128905394e-16 -0.2498829897942307
0.9651240852002891 -6.429017886057914e-16 -0.26179285736304014
0.9618256431728192 -6.407045848352183e-16 -0.27366299007208267
0.9583812154701223 -6.384101350699039e-16 -0.2854915862753418
0.9547913248866444 -6.360187875609065e-16 -0.2972768506312024
0.9510565162951536 -6.33530905266402e-16 -0.30901699437494734
0.9471773565640402 -6.309468657965934e-16 -0.320710235590255
0.9431544344712776 -6.282670613563985e-16 -0.3323547994796595
0.9389883606150566 -6.254918986859192e-16 -0.34394891863392796
0.9346797673211107 -6.226217989987086e-16 -0.35549083330031783
0.9302293085467404 -6.19657197917838e-16 -0.36697879164967206
0.9256376597815563 -6.165985454097786e-16 -0.37841105004231024
0.9209055179449537 -6.134463057161057e-16 -0.3897858732926793
0.9160336012803335 -6.102009572830359e-16 -0.40110153493271866
0.9110226492460884 -6.068629926888092e-16 -0.41235631747390333
0.9058734224033671 -6.03432918568925e-16 -0.4235485126679243
0.9005867023006376 -5.999112555392456e-16 -0.43467642176596455
0.8951632913550626 -5.962985381169767e-16 -0.4457383557765378
0.8896040127307095 -5.925953146395387e-16 -0.45673263572184053
0.8839097102136121 -5.888021471813412e-16 -0.4676575928925867
0.878081248083698 -5.849196114684694e-16 -0.4785115691012864
0.872119510983611 -5.809482967913022e-16 -0.48929291693392346
0.8660254037844387 -5.768888059150692e-16 -0.4999999999999998
0.8597998514483726 -5.727417549883635e-16 -0.5106311931809068
0.8534437988883161 -5.685077734496221e-16 -0.5211848828765848
0.8469582108244673 -5.641875039315907e-16 -0.5316594672504358
0.8403440716378929 -5.597816021637844e-16 -0.542053356472449
0.8336023852211197 -5.552907368729618e-16 -0.5523649729605055
0.8267341748257637 -5.507155896816254e-16 -0.5625927516198227
0.8197404829072211 -5.460568550045649e-16 -0.5727351400805052
0.8126223709664456 -5.413152399434599e-16 -0.5827905989331609
0.8053809193888327 -5.364914641795556e-16 -0.5927576019625548
0.7980172272802396 -5.315862598644291e-16 -0.6026346363792563
0.7905324123001635 -5.266003715088652e-16 -0.6124202030492498
0.7829276104921029 -5.215345558698533e-16 -0.6221128167214738
0.77520397611113 -5.163895818357278e-16 -0.6317110062532507
0.7673626814486971 -5.111662303094659e-16 -0.6412133148335781
0.7594049166547073 -5.058652940901625e-16 -0.6506183002042418
0.7513318895568735 -5.004875777526997e-16 -0.6599245348787224
0.7431448254773942 -4.950338975256281e-16 -0.6691306063588582
0.7348449670469757 -4.895050811672801e-16 -0.678235117349234
0.7264335740162241 -4.839019678401329e-16 -0.6872366859692627
0.717911923064442 -4.782254079834405e-16 -0.6961339459629265
0.7092813076058535 -4.72476263184154e-16 -0.7049255469061471
0.7005430375932911 -4.666554060461511e-16 -0.7136101544117522
0.6916984393193701 -4.607637200577909e-16 -0.7221864503320092
0.6827488552151856 -4.548020994578199e-16 -0.730653132958693
0.6736956436465574 -4.487714490996436e-16 -0.739008917220659
0.6645401787078582 -4.4267268431398823e-16 -0.7472525348788908
0.6552838500134538 -4.365067307699725e-16 -0.7553827347189935
0.6459280624867872 -4.302745243346088e-16 -0.763398282741103
0.6364742361471414 -4.2397701093075927e-16 -0.7712979623471807
0.6269238058941065 -4.1761514639356165e-16 -0.7790805745256705
0.6172782212897929 -4.1118989632535436e-16 -0.7867449380334832
0.6075389463388169 -4.0470223594911715e-16 -0.794289889575286
0.5977074592660937 -3.9815314996045203e-16 -0.8017142839800666
0.5877852522924732 -3.915436323781262e-16 -0.8090169943749473
0.5777738314082512 -3.8487468639320037e-16 -0.8161969123562216
0.5676747161445903 -3.7814732421676454e-16 -0.8232529481575871
0.5574894393428858 -3.713625669263048e-16 -0.8301840308155505
0.5472195469221109 -3.645214443107243e-16 -0.8369891083319779
0.5368665976441799 -3.57624994714043e-16 -0.8436671478337664
0.5264321628773557 -3.5067426487779653e-16 -0.8502171357296142
0.515917826357751 -3.4367030978216313e-16 -0.8566380778638628
0.505325183948948 -3.3661419248583876e-16 -0.8629289996673897
0.4946558433997788 -3.2950698396468613e-16 -0.8690889463055284
0.4839114241003016 -3.2234976294918223e-16 -0.8751169828229927
0.4730935568360101 -3.151436157606891e-16 -0.8810121942857845
0.4622038835403133 -3.0788963614657213e-16 -0.8867736859200619
0.4512440570453229 -3.0058892511419103e-16 -0.8924005832479478
0.44021574083098747 -2.9324259076378976e-16 -0.897892032220258
0.4291206087726087 -2.858517481203085e-16 -0.903247199346129
0.41796034488678324 -2.7841751896414684e-16 -0.9084652718195237
0.40673664307580004 -2.7094103166089845e-16 -0.913545457642601
0.3954512068705424 -2.6342342099008924e-16 -0.918486985745923
0.38410574917192575 -2.5586582797294027e-16 -0.9232891061054894
0.3727019919909139 -2.4826939969918397e-16 -0.9279510898565747
0.3612416661871529 -2.4063528915295923e-16 -0.9324722294043558
0.34972651120626114 -2.329646550378114e-16 -0.9368518385313106
0.3381582748158171 -2.252586616008248e-16 -0.9410892525013715
0.32653871284008334 -2.1751847845591365e-16 -0.9451838281608195
0.31486958889350836 -2.0974528040629827e-16 -0.949134944035901
0.30315267411304364 -2.019402472661926e-16 -0.9529420004271565
0.2913897468893248 -1.94104563681735e-16 -0.9566044195004407
0.279582592596744 -1.8623941895118002e-16 -0.9601216453746281
0.26773300332246813 -1.783460068443886e-16 -0.9634931442059831
0.25584277759443586 -1.7042552542163748e-16 -0.9667184042691874
0.24391372010837745 -1.62479176851778e-16 -0.9697969360350094
0.23194764145389848 -1.5450816722977112e-16 -0.9727282722446047
0.21994635783966898 -1.4651370639362659e-16 -0.9755119679804366
0.20791169081775973 -1.3849700774077416e-16 -0.9781476007338056
0.1958454670071674 -1.304592880438942e-16 -0.9806347704689776
0.1837495178165708 -1.224017672662364e-16 -0.9829730996839017
0.1716256791663597 -1.1432566837645355e-16 -0.9851622334675065
0.1594757912099809 -1.0623221716298097e-16 -0.987201839553569
0.14730169805463766 -9.812264204798482e-17 -0.989091608371146
0.13510524748139313 -8.999817390091356e-17 -0.9908312530915603
0.12288829066471434 -8.186004585167672e-17 -0.9924205096719357
0.1106526818915011 -7.370949310348058e-17 -0.9938591368952736
0.098400278279643 -6.554775274534941e-17 -0.9951469164070644
0.08613293949614632 -5.737606356436031e-17 -0.9962836527484294
0.07385252747487431 -4.919566585762046e-17 -0.997269173385788
0.06156090613394323 -4.1007801244015086e-17 -0.9981033287370441
0.04925994109281683 -3.2813712475754484e-17 -0.99878599219429
0.03695149938914491 -2.461464324975065e-17 -0.9993170601430229
0.024637449195382025 -1.6411838018847398e-17 -0.9996964519778716
0.012319659535238529 -8.206541802938802e-18 -0.9999241101148306
1.2246467991473532e-16 -8.157786440681346e-32 -1.0
0.0 0.0 1.0
0.010669138123491687 0.006159829767619213 0.9999241101148306
0.021336656887649273 0.01231872459769097 0.9996964519778716
0.03200093717892465 0.01847574969457242 0.9993170601430229
0.04266036037530439 0.024629970546408395 0.99878599219429
0.05331330859198379 0.03078045306697138 0.9981033287370441
0.0639581649269291 0.03692626373743694 0.997269173385788
0.0745933137062905 0.04306646974807295 0.9962836527484294
0.08521714072962874 0.04920013913982129 0.9951469164070644
0.0958280335149181 0.055326340945750355 0.9938591368952737
0.10642438154328855 0.06144414533235698 0.9924205096719357
0.11700457650346989 0.06755262374069639 0.9908312530915603
0.12756701253590097 0.07365084902731867 0.989091608371146
0.13811008647646653 0.07973789560499031 0.987201839553569
0.14863219809982517 0.0858128395831797 0.9851622334675065
0.15913175036229127 0.09187475890828505 0.9829730996839018
0.1696071496442338 0.09792273350358335 0.9806347704689777
0.18005680599195548 0.10395584540887955 0.9781476007338057
0.19047913335901573 0.10997317891983417 0.9755119679804366
0.2008725498469604 0.11597382072694892 0.9727282722446048
0.21123547794542197 0.12195686005418842 0.9697969360350095
0.22156634477155351 0.12792138879721762 0.9667184042691874
0.23186358230876078 0.13386650166123376 0.9634931442059831
0.24212562764469536 0.13979129629837173 0.9601216453746282
0.25235092320847285 0.14569487344466214 0.9566044195004408
0.26253791700708096 0.15157633705652157 0.9529420004271566
0.2726850628609405 0.15743479444675376 0.9491349440359013
0.28279082063858413 0.16326935642004145 0.9451838281608196
0.29285365649041734 0.16907913740790836 0.9410892525013715
0.30287204308152543 0.17486325560313035 0.9368518385313106
0.3128444598234926 0.1806208330935762 0.9324722294043558
0.32276939310519603 0.18635099599545676 0.9279510898565747
0.3326453365225416 0.1920528745859627 0.9232891061054893
0.3424707911071053 0.197725603435271 0.918486985745923
0.35224426555364713 0.20336832153789985 0.9135454576426009
0.36196427644646 0.20898017244339145 0.9084652718195237
0.371629348484523 0.21456030438630425 0.9032471993461288
0.38123801470542173 0.22010787041549337 0.8978920322202582
0.3907888167080041 0.2256220285226611 0.8924005832479478
0.40028030487373556 0.2311019417701563 0.8867736859200619
0.4097110385867221 0.23654677841800476 0.8810121942857845
0.41907958645236654 0.24195571205015046 0.8751169828229928
0.42838452651462566 0.2473279216998891 0.8690889463055284
0.43762444647183363 0.25266259197447366 0.8629289996673897
0.44679794389106137 0.25795891317887515 0.8566380778638628
0.4559036264209776 0.26321608143867753 0.8502171357296142
0.4649401120031789 0.26843329882208966 0.8436671478337664
0.4739060290819591 0.27360977346105525 0.8369891083319778
0.48280001681248297 0.27874471967144243 0.8301840308155507
0.49162072526733547 0.2838373580722947 0.8232529481575873
0.500366815641413 0.2888869157041252 0.8161969123562217
0.5090369604551275 0.29389262614623624 0.8090169943749475
0.5176298437558899 0.29885372963304646 0.8017142839800666
0.5261441613178466 0.30376947316940806 0.7942898895752861
0.5345786208398332 0.3086391106448961 0.7867449380334832
0.5429319421415209 0.31346190294705284 0.7790805745256704
0.5512028573577206 0.3182371180735703 0.7712979623471806
0.5593901111308204 0.3229640312433933 0.763398282741103
0.5674924608013229 0.3276419250067264 0.7553827347189938
0.575508676596456 0.3322700893539286 0.747252534878891
0.5834375418168272 0.33684782182327816 0.7390089172206592
0.5912778530210945 0.3413744276075923 0.7306531329586932
0.5990284202086237 0.3458492196596845 0.7221864503320093
0.6066880670001072 0.35027151879664503 0.7136101544117524
0.6142556308161141 0.35464065380292625 0.7049255469061472
0.6217299630535464 0.3589559615322205 0.6961339459629267
0.6291099292599737 0.3632167870081116 0.6872366859692627
0.6363944093058199 0.3674224835234874 0.678235117349234
0.6435822975543768 0.3715724127386967 0.6691306063588582
0.6506725030296167 0.3756659447784362 0.6599245348787226
0.657663949581781 0.3797024583273531 0.6506183002042422
0.6645555760507176 0.383681340724348 0.6412133148335784
0.6713463364269439 0.3876019880555644 0.6317110062532509
0.6780352000104093 0.3914638052460509 0.6221128167214739
0.6846211515669355 0.3952662061500811 0.61242020304925
0.6911031914823079 0.39900861364011925 0.6026346363792565
0.6974803359139965 0.4026904596944158 0.592757601962555
0.7037516169404843 0.4063111854832223 0.582790598933161
0.7099160827081771 0.40987024145361 0.5727351400805053
0.7159727975758768 0.41336708741288125 0.5625927516198231
0.7219208422567914 0.4168011926105592 0.5523649729605059
0.7277593139580656 0.42017203581894585 0.5420533564724495
0.733487326517805 0.423479105412233 0.5316594672504363
0.7391040105395794 0.42672189944415745 0.5211848828765852
0.7446085135243774 0.42989992572418567 0.510631193180907
0.7500000000000003 0.43301270189221874 0.5000000000000001
0.755277651647869 0.4360597554918048 0.48929291693392374
0.7604406674272286 0.43904062404184835 0.4785115691012867
0.7654882636967297 0.4419548551068054 0.467657592892587
0.77041967433337 0.4448020063653542 0.45673263572184064
0.7752341508487753 0.4475816456775306 0.4457383557765383
0.7799309625028059 0.45029335115031816 0.43467642176596505
0.7845093964144677 0.452936711201683 0.4235485126679244
0.788968757670113 0.45551132462304356 0.41235631747390367
0.7933083694289147 0.4580168006401662 0.4011015349327188
0.7975275730255964 0.46045275897247623 0.3897858732926794
0.8016257280704054 0.46281882989077755 0.37841105004231035
0.8056022125463103 0.46511465427336957 0.3669787916496722
0.8094564229034104 0.46733988366055473 0.35549083330031817
0.8131877741505428 0.4694941803075277 0.34394891863392807
0.8167956999440723 0.47157721723563817 0.3323547994796596
0.8202796526738505 0.47358867828201956 0.3207102355902552
0.8236391035463323 0.4755282581475762 0.30901699437494745
0.8268735426648357 0.47739566244332154 0.29727685063120274
0.8299824791069341 0.47919060773506056 0.28549158627534194
0.8329654409989684 0.4809128215864089 0.2736629900720828
0.8358219755876677 0.4825620426001439 0.26179285736304025
0.8385516493088682 0.48413802045787885 0.24988298979423082
0.841154047853319 0.4856405159580563 0.2379351950426188
0.8436287762295673 0.48706930105225443 0.22595128654174773
0.8459754588239082 0.48842415887979973 0.21393308320649734
0.8481937394573965 0.48970488380068233 0.2018824091570102
0.8502832814399071 0.4909112814267678 0.18980109344182572
0.8522437676212377 0.4920431686513016 0.1776909697602686
0.854074900439246 0.4931003736767007 0.16555387618413
0.8557764019650135 0.4940827360406291 0.15339165487868545
0.8573480139450294 0.49499010664035287 0.14120615182309149
0.858789497840388 0.49582234775537076 0.1289992165302034
0.8601006348629953 0.4965793330683175 0.11677270176585648
0.8612812260087745 0.49726094768413603 0.10452846326765368
0.8623310920878731 0.4978670881475166 0.09226835946330224
0.8632500737518585 0.49839766245859896 0.07999425118854168
0.8640380315179048 0.49885259008693583 0.06770800140470754
0.8646948457899633 0.49923180198371636 0.05541147491597008
0.8652204168769145 0.49953524059224597 0.043106538086295734
0.8656146650076998 0.49976285985668234 0.030795058556170547
0.8658775303434282 0.49991462522902574 0.018478904959129915
0.8660089729864594 0.4999905136743628 0.006159946638138691
0.8660089729864594 0.4999905136743628 -0.006159946638138568
0.8658775303434282 0.49991462522902574 -0.01847890495912979
0.8656146650076998 0.49976285985668234 -0.030795058556170204
0.8652204168769145 0.49953524059224597 -0.04310653808629561
0.8646948457899633 0.49923180198371636 -0.055411474915969955
0.8640380315179048 0.49885259008693583 -0.06770800140470741
0.8632500737518585 0.49839766245859896 -0.07999425118854157
0.8623310920878732 0.4978670881475167 -0.09226835946330189
0.8612812260087745 0.49726094768413603 -0.10452846326765355
0.8601006348629953 0.4965793330683175 -0.11677270176585636
0.858789497840388 0.49582234775537076 -0.1289992165302033
0.8573480139450294 0.49499010664035287 -0.14120615182309137
0.8557764019650135 0.4940827360406291 -0.1533916548786853
0.854074900439246 0.4931003736767007 -0.16555387618412987
0.8522437676212377 0.4920431686513016 -0.1776909697602687
0.8502832814399071 0.4909112814267678 -0.18980109344182583
0.8481937394573965 0.48970488380068233 -0.20188240915701028
0.8459754588239082 0.48842415887979973 -0.21393308320649743
0.8436287762295673 0.48706930105225443 -0.2259512865417476
0.841154047853319 0.4856405159580563 -0.2379351950426187
0.8385516493088682 0.48413802045787885 -0.2498829897942307
0.8358219755876678 0.48256204260014396 -0.26179285736304014
0.8329654409989685 0.48091282158640897 -0.27366299007208267
0.8299824791069341 0.47919060773506056 -0.2854915862753418
0.8268735426648357 0.4773956624433216 -0.2972768506312024
0.8236391035463324 0.47552825814757627 -0.30901699437494734
0.8202796526738505 0.47358867828201956 -0.320710235590255
0.8167956999440724 0.4715772172356382 -0.3323547994796595
0.8131877741505429 0.46949418030752776 -0.34394891863392796
0.8094564229034105 0.4673398836605548 -0.35549083330031783
0.8056022125463104 0.4651146542733696 -0.36697879164967206
0.8016257280704056 0.4628188298907776 -0.37841105004231024
0.7975275730255965 0.4604527589724763 -0.3897858732926793
0.7933083694289147 0.4580168006401662 -0.40110153493271866
0.7889687576701131 0.45551132462304367 -0.41235631747390333
0.7845093964144677 0.452936711201683 -0.4235485126679243
0.7799309625028061 0.45029335115031827 -0.43467642176596455
0.7752341508487756 0.4475816456775307 -0.4457383557765378
0.77041967433337 0.4448020063653542 -0.45673263572184053
0.76548826369673 0.4419548551068055 -0.4676575928925867
0.7604406674272288 0.43904062404184846 -0.4785115691012864
0.7552776516478692 0.4360597554918049 -0.48929291693392346
0.7500000000000004 0.4330127018922188 -0.4999999999999998
0.7446085135243775 0.4298999257241858 -0.5106311931809068
0.7391040105395795 0.42672189944415756 -0.5211848828765848
0.7334873265178053 0.42347910541223316 -0.5316594672504358
0.7277593139580658 0.42017203581894597 -0.542053356472449
0.7219208422567918 0.41680119261055937 -0.5523649729605055
0.7159727975758771 0.41336708741288136 -0.5625927516198227
0.7099160827081772 0.40987024145361006 -0.5727351400805052
0.7037516169404843 0.4063111854832223 -0.5827905989331609
0.6974803359139966 0.40269045969441586 -0.5927576019625548
0.6911031914823079 0.3990086136401193 -0.6026346363792563
0.6846211515669357 0.39526620615008123 -0.6124202030492498
0.6780352000104094 0.39146380524605096 -0.6221128167214738
0.671346336426944 0.3876019880555645 -0.6317110062532507
0.6645555760507178 0.3836813407243481 -0.6412133148335781
0.6576639495817812 0.3797024583273532 -0.6506183002042418
0.6506725030296169 0.3756659447784363 -0.6599245348787224
0.6435822975543768 0.3715724127386967 -0.6691306063588582
0.6363944093058199 0.3674224835234874 -0.678235117349234
0.6291099292599737 0.3632167870081116 -0.6872366859692627
0.6217299630535464 0.35895596153222054 -0.6961339459629265
0.6142556308161142 0.3546406538029263 -0.7049255469061471
0.6066880670001074 0.3502715187966451 -0.7136101544117522
0.5990284202086238 0.3458492196596846 -0.7221864503320092
0.5912778530210946 0.34137442760759235 -0.730653132958693
0.5834375418168275 0.3368478218232783 -0.739008917220659
0.5755086765964562 0.3322700893539287 -0.7472525348788908
0.5674924608013231 0.3276419250067265 -0.7553827347189935
0.5593901111308203 0.32296403124339323 -0.763398282741103
0.5512028573577206 0.3182371180735703 -0.7712979623471807
0.5429319421415209 0.31346190294705284 -0.7790805745256705
0.5345786208398332 0.3086391106448961 -0.7867449380334832
0.5261441613178466 0.30376947316940806 -0.794289889575286
0.5176298437558899 0.29885372963304646 -0.8017142839800666
0.5090369604551275 0.2938926261462363 -0.8090169943749473
0.5003668156414132 0.2888869157041253 -0.8161969123562216
0.49162072526733563 0.2838373580722948 -0.8232529481575871
0.4828000168124832 0.27874471967144254 -0.8301840308155505
0.4739060290819589 0.27360977346105514 -0.8369891083319779
0.46494011200317886 0.2684332988220896 -0.8436671478337664
0.4559036264209776 0.26321608143867753 -0.8502171357296142
0.44679794389106137 0.25795891317887515 -0.8566380778638628
0.43762444647183363 0.25266259197447366 -0.8629289996673897
0.42838452651462566 0.2473279216998891 -0.8690889463055284
0.4190795864523666 0.24195571205015048 -0.8751169828229927
0.40971103858672214 0.23654677841800478 -0.8810121942857845
0.4002803048737356 0.23110194177015636 -0.8867736859200619
0.3907888167080042 0.22562202852266117 -0.8924005832479478
0.3812380147054219 0.22010787041549346 -0.897892032220258
0.3716293484845228 0.2145603043863041 -0.903247199346129
0.36196427644645984 0.20898017244339137 -0.9084652718195237
0.352244265553647 0.20336832153789977 -0.913545457642601
0.3424707911071052 0.19772560343527096 -0.918486985745923
0.33264533652254147 0.19205287458596265 -0.9232891061054894
0.322769393105196 0.18635099599545674 -0.9279510898565747
0.3128444598234926 0.18062083309357624 -0.9324722294043558
0.30287204308152543 0.17486325560313035 -0.9368518385313106
0.29285365649041734 0.16907913740790836 -0.9410892525013715
0.2827908206385842 0.16326935642004148 -0.9451838281608195
0.2726850628609409 0.15743479444675398 -0.949134944035901
0.26253791700708107 0.15157633705652163 -0.9529420004271565
0.25235092320847297 0.14569487344466223 -0.9566044195004407
0.24212562764469556 0.13979129629837184 -0.9601216453746281
0.23186358230876103 0.1338665016612339 -0.9634931442059831
0.22156634477155374 0.12792138879721776 -0.9667184042691874
0.21123547794542222 0.12195686005418857 -0.9697969360350094
0.20087254984696074 0.1159738207269491 -0.9727282722446047
0.19047913335901606 0.10997317891983435 -0.9755119679804366
0.1800568059919558 0.10395584540887974 -0.9781476007338056
0.16960714964423418 0.09792273350358358 -0.9806347704689776
0.1591317503622917 0.0918747589082853 -0.9829730996839017
0.14863219809982525 0.08581283958317974 -0.9851622334675065
0.1381100864764666 0.07973789560499035 -0.987201839553569
0.1275670125359011 0.07365084902731875 -0.989091608371146
0.11700457650347006 0.06755262374069648 -0.9908312530915603
0.10642438154328875 0.06144414533235709 -0.9924205096719357
0.09582803351491832 0.05532634094575048 -0.9938591368952736
0.08521714072962899 0.049200139139821436 -0.9951469164070644
0.07459331370629078 0.043066469748073107 -0.9962836527484294
0.0639581649269294 0.03692626373743711 -0.997269173385788
0.05331330859198414 0.030780453066971577 -0.9981033287370441
0.04266036037530438 0.024629970546408385 -0.99878599219429
0.032000937178924674 0.01847574969457243 -0.9993170601430229
0.02133665688764932 0.012318724597690997 -0.9996964519778716
0.010669138123491762 0.006159829767619257 -0.9999241101148306
1.0605752387249074e-16 6.123233995736759e-17 -1.0
0.0 0.0 1.0
0.006159829767619229 0.010669138123491677 0.9999241101148306
0.012318724597691 0.021336656887649255 0.9996964519778716
0.01847574969457247 0.032000937178924625 0.9993170601430229
0.024629970546408458 0.04266036037530436 0.99878599219429
0.03078045306697146 0.053313308591983744 0.9981033287370441
0.03692626373743703 0.06395816492692905 0.997269173385788
0.04306646974807306 0.07459331370629044 0.9962836527484294
0.049200139139821415 0.08521714072962866 0.9951469164070644
0.0553263409457505 0.09582803351491802 0.9938591368952737
0.06144414533235714 0.10642438154328845 0.9924205096719357
0.06755262374069655 0.11700457650346978 0.9908312530915603
0.07365084902731885 0.12756701253590083 0.989091608371146
0.07973789560499052 0.13811008647646641 0.987201839553569
0.08581283958317992 0.14863219809982506 0.9851622334675065
0.09187475890828528 0.15913175036229113 0.9829730996839018
0.0979227335035836 0.16960714964423365 0.9806347704689777
0.10395584540887981 0.1800568059919553 0.9781476007338057
0.10997317891983446 0.19047913335901556 0.9755119679804366
0.11597382072694921 0.20087254984696024 0.9727282722446048
0.12195686005418874 0.21123547794542177 0.9697969360350095
0.12792138879721796 0.22156634477155332 0.9667184042691874
0.1338665016612341 0.23186358230876059 0.9634931442059831
0.1397912962983721 0.24212562764469514 0.9601216453746282
0.1456948734446625 0.25235092320847263 0.9566044195004408
0.15157633705652196 0.26253791700708073 0.9529420004271566
0.15743479444675418 0.27268506286094024 0.9491349440359013
0.16326935642004187 0.28279082063858385 0.9451838281608196
0.16907913740790878 0.29285365649041706 0.9410892525013715
0.1748632556031308 0.30287204308152516 0.9368518385313106
0.18062083309357668 0.3128444598234923 0.9324722294043558
0.18635099599545724 0.32276939310519576 0.9279510898565747
0.19205287458596318 0.33264533652254125 0.9232891061054893
0.1977256034352715 0.34247079110710504 0.918486985745923
0.20336832153790038 0.3522442655536468 0.9135454576426009
0.20898017244339198 0.3619642764464597 0.9084652718195237
0.21456030438630477 0.37162934848452267 0.9032471993461288
0.22010787041549396 0.3812380147054214 0.8978920322202582
0.2256220285226617 0.39078881670800375 0.8924005832479478
0.2311019417701569 0.40028030487373517 0.8867736859200619
0.23654677841800534 0.4097110385867217 0.8810121942857845
0.2419557120501511 0.4190795864523662 0.8751169828229928
0.24732792169988974 0.4283845265146253 0.8690889463055284
0.2526625919744743 0.43762444647183324 0.8629289996673897
0.2579589131788758 0.446797943891061 0.8566380778638628
0.2632160814386782 0.45590362642097715 0.8502171357296142
0.2684332988220903 0.46494011200317853 0.8436671478337664
0.27360977346105597 0.47390602908195867 0.8369891083319778
0.27874471967144315 0.4828000168124825 0.8301840308155507
0.28383735807229543 0.491620725267335 0.8232529481575873
0.28888691570412595 0.5003668156414126 0.8161969123562217
0.29389262614623696 0.5090369604551269 0.8090169943749475
0.29885372963304724 0.5176298437558895 0.8017142839800666
0.30376947316940883 0.526144161317846 0.7942898895752861
0.30863911064489685 0.5345786208398328 0.7867449380334832
0.31346190294705367 0.5429319421415203 0.7790805745256704
0.31823711807357113 0.55120285735772 0.7712979623471806
0.3229640312433941 0.5593901111308199 0.763398282741103
0.32764192500672723 0.5674924608013224 0.7553827347189938
0.33227008935392943 0.5755086765964554 0.747252534878891
0.336847821823279 0.5834375418168266 0.7390089172206592
0.3413744276075932 0.5912778530210939 0.7306531329586932
0.3458492196596854 0.5990284202086231 0.7221864503320093
0.3502715187966459 0.6066880670001067 0.7136101544117524
0.3546406538029272 0.6142556308161136 0.7049255469061472
0.3589559615322214 0.6217299630535458 0.6961339459629267
0.36321678700811255 0.6291099292599731 0.6872366859692627
0.36742248352348833 0.6363944093058194 0.678235117349234
0.3715724127386976 0.6435822975543762 0.6691306063588582
0.3756659447784371 0.6506725030296161 0.6599245348787226
0.37970245832735405 0.6576639495817804 0.6506183002042422
0.38368134072434895 0.664555576050717 0.6412133148335784
0.3876019880555654 0.6713463364269432 0.6317110062532509
0.3914638052460519 0.6780352000104087 0.6221128167214739
0.3952662061500821 0.6846211515669349 0.61242020304925
0.3990086136401203 0.6911031914823073 0.6026346363792565
0.40269045969441686 0.6974803359139958 0.592757601962555
0.40631118548322337 0.7037516169404836 0.582790598933161
0.40987024145361106 0.7099160827081765 0.5727351400805053
0.4133670874128823 0.7159727975758762 0.5625927516198231
0.41680119261056026 0.7219208422567908 0.5523649729605059
0.4201720358189469 0.7277593139580649 0.5420533564724495
0.42347910541223405 0.7334873265178045 0.5316594672504363
0.4267218994441585 0.7391040105395787 0.5211848828765852
0.4298999257241867 0.7446085135243767 0.510631193180907
0.43301270189221985 0.7499999999999997 0.5000000000000001
0.4360597554918059 0.7552776516478683 0.48929291693392374
0.4390406240418495 0.7604406674272279 0.4785115691012867
0.44195485510680654 0.7654882636967291 0.467657592892587
0.4448020063653554 0.7704196743333693 0.45673263572184064
0.4475816456775318 0.7752341508487747 0.4457383557765383
0.4502933511503193 0.7799309625028052 0.43467642176596505
0.45293671120168416 0.784509396414467 0.4235485126679244
0.4555113246230447 0.7889687576701122 0.41235631747390367
0.45801680064016737 0.7933083694289139 0.4011015349327188
0.4604527589724774 0.7975275730255956 0.3897858732926794
0.4628188298907787 0.8016257280704047 0.37841105004231035
0.46511465427337073 0.8056022125463095 0.3669787916496722
0.4673398836605559 0.8094564229034096 0.35549083330031817
0.4694941803075289 0.8131877741505421 0.34394891863392807
0.47157721723563933 0.8167956999440715 0.3323547994796596
0.4735886782820207 0.8202796526738498 0.3207102355902552
0.4755282581475774 0.8236391035463315 0.30901699437494745
0.47739566244332277 0.8268735426648349 0.29727685063120274
0.47919060773506184 0.8299824791069335 0.28549158627534194
0.4809128215864102 0.8329654409989676 0.2736629900720828
0.4825620426001452 0.8358219755876669 0.26179285736304025
0.4841380204578801 0.8385516493088674 0.24988298979423082
0.4856405159580576 0.8411540478533184 0.2379351950426188
0.4870693010522557 0.8436287762295666 0.22595128654174773
0.488424158879801 0.8459754588239075 0.21393308320649734
0.4897048838006836 0.8481937394573957 0.2018824091570102
0.4909112814267691 0.8502832814399063 0.18980109344182572
0.4920431686513029 0.8522437676212369 0.1776909697602686
0.49310037367670195 0.8540749004392453 0.16555387618413
0.49408273604063035 0.8557764019650127 0.15339165487868545
0.49499010664035414 0.8573480139450286 0.14120615182309149
0.49582234775537204 0.8587894978403873 0.1289992165302034
0.49657933306831875 0.8601006348629945 0.11677270176585648
0.4972609476841373 0.8612812260087738 0.10452846326765368
0.4978670881475179 0.8623310920878723 0.09226835946330224
0.49839766245860023 0.8632500737518577 0.07999425118854168
0.4988525900869371 0.864038031517904 0.06770800140470754
0.49923180198371764 0.8646948457899625 0.05541147491597008
0.49953524059224724 0.8652204168769138 0.043106538086295734
0.4997628598566836 0.865614665007699 0.030795058556170547
0.499914625229027 0.8658775303434274 0.018478904959129915
0.4999905136743641 0.8660089729864586 0.006159946638138691
0.4999905136743641 0.8660089729864586 -0.006159946638138568
0.499914625229027 0.8658775303434274 -0.01847890495912979
0.4997628598566836 0.865614665007699 -0.030795058556170204
0.49953524059224724 0.8652204168769138 -0.04310653808629561
0.49923180198371764 0.8646948457899625 -0.055411474915969955
0.4988525900869371 0.864038031517904 -0.06770800140470741
0.49839766245860023 0.8632500737518577 -0.07999425118854157
0.49786708814751796 0.8623310920878724 -0.09226835946330189
0.4972609476841373 0.8612812260087738 -0.10452846326765355
0.49657933306831875 0.8601006348629945 -0.11677270176585636
0.49582234775537204 0.8587894978403873 -0.1289992165302033
0.49499010664035414 0.8573480139450286 -0.14120615182309137
0.49408273604063035 0.8557764019650127 -0.1533916548786853
0.49310037367670195 0.8540749004392453 -0.16555387618412987
0.4920431686513029 0.8522437676212369 -0.1776909697602687
0.4909112814267691 0.8502832814399063 -0.18980109344182583
0.4897048838006836 0.8481937394573957 -0.20188240915701028
0.488424158879801 0.8459754588239075 -0.21393308320649743
0.4870693010522557 0.8436287762295666 -0.2259512865417476
0.4856405159580576 0.8411540478533184 -0.2379351950426187
0.4841380204578801 0.8385516493088674 -0.2498829897942307
0.48256204260014524 0.835821975587667 -0.26179285736304014
0.48091282158641024 0.8329654409989677 -0.27366299007208267
0.47919060773506184 0.8299824791069335 -0.2854915862753418
0.4773956624433228 0.826873542664835 -0.2972768506312024
0.47552825814757743 0.8236391035463316 -0.30901699437494734
0.4735886782820207 0.8202796526738498 -0.320710235590255
0.4715772172356394 0.8167956999440716 -0.3323547994796595
0.46949418030752893 0.8131877741505421 -0.34394891863392796
0.46733988366055595 0.8094564229034097 -0.35549083330031783
0.4651146542733708 0.8056022125463096 -0.36697879164967206
0.46281882989077877 0.8016257280704048 -0.37841105004231024
0.46045275897247745 0.7975275730255957 -0.3897858732926793
0.45801680064016737 0.7933083694289139 -0.40110153493271866
0.45551132462304483 0.7889687576701124 -0.41235631747390333
0.45293671120168416 0.784509396414467 -0.4235485126679243
0.45029335115031943 0.7799309625028054 -0.43467642176596455
0.4475816456775319 0.7752341508487748 -0.4457383557765378
0.4448020063653554 0.7704196743333693 -0.45673263572184053
0.44195485510680665 0.7654882636967292 -0.4676575928925867
0.4390406240418496 0.760440667427228 -0.4785115691012864
0.43605975549180603 0.7552776516478685 -0.48929291693392346
0.4330127018922199 0.7499999999999997 -0.4999999999999998
0.42989992572418684 0.7446085135243768 -0.5106311931809068
0.4267218994441586 0.7391040105395789 -0.5211848828765848
0.4234791054122342 0.7334873265178047 -0.5316594672504358
0.420172035818947 0.7277593139580651 -0.542053356472449
0.4168011926105604 0.7219208422567911 -0.5523649729605055
0.4133670874128824 0.7159727975758764 -0.5625927516198227
0.4098702414536111 0.7099160827081766 -0.5727351400805052
0.40631118548322337 0.7037516169404836 -0.5827905989331609
0.4026904596944169 0.6974803359139959 -0.5927576019625548
0.39900861364012036 0.6911031914823074 -0.6026346363792563
0.39526620615008223 0.6846211515669351 -0.6124202030492498
0.39146380524605195 0.6780352000104088 -0.6221128167214738
0.3876019880555655 0.6713463364269434 -0.6317110062532507
0.38368134072434906 0.6645555760507172 -0.6412133148335781
0.37970245832735416 0.6576639495817806 -0.6506183002042418
0.37566594477843723 0.6506725030296163 -0.6599245348787224
0.3715724127386976 0.6435822975543762 -0.6691306063588582
0.36742248352348833 0.6363944093058194 -0.678235117349234
0.36321678700811255 0.6291099292599731 -0.6872366859692627
0.3589559615322215 0.6217299630535459 -0.6961339459629265
0.35464065380292725 0.6142556308161137 -0.7049255469061471
0.350271518796646 0.6066880670001068 -0.7136101544117522
0.3458492196596855 0.5990284202086233 -0.7221864503320092
0.34137442760759323 0.591277853021094 -0.730653132958693
0.33684782182327916 0.5834375418168269 -0.739008917220659
0.33227008935392954 0.5755086765964557 -0.7472525348788908
0.32764192500672734 0.5674924608013227 -0.7553827347189935
0.32296403124339407 0.5593901111308198 -0.763398282741103
0.31823711807357113 0.55120285735772 -0.7712979623471807
0.31346190294705367 0.5429319421415203 -0.7790805745256705
0.30863911064489685 0.5345786208398328 -0.7867449380334832
0.30376947316940883 0.526144161317846 -0.794289889575286
0.29885372963304724 0.5176298437558895 -0.8017142839800666
0.293892626146237 0.509036960455127 -0.8090169943749473
0.288886915704126 0.5003668156414127 -0.8161969123562216
0.28383735807229554 0.4916207252673352 -0.8232529481575871
0.27874471967144326 0.48280001681248275 -0.8301840308155505
0.27360977346105586 0.4739060290819585 -0.8369891083319779
0.26843329882209027 0.4649401120031784 -0.8436671478337664
0.2632160814386782 0.45590362642097715 -0.8502171357296142
0.2579589131788758 0.446797943891061 -0.8566380778638628
0.2526625919744743 0.43762444647183324 -0.8629289996673897
0.24732792169988974 0.4283845265146253 -0.8690889463055284
0.24195571205015112 0.4190795864523662 -0.8751169828229927
0.23654677841800537 0.40971103858672175 -0.8810121942857845
0.23110194177015694 0.4002803048737353 -0.8867736859200619
0.22562202852266175 0.39078881670800386 -0.8924005832479478
0.22010787041549404 0.38123801470542157 -0.897892032220258
0.21456030438630463 0.37162934848452245 -0.903247199346129
0.2089801724433919 0.3619642764464595 -0.9084652718195237
0.2033683215379003 0.3522442655536467 -0.913545457642601
0.19772560343527146 0.34247079110710493 -0.918486985745923
0.19205287458596312 0.33264533652254114 -0.9232891061054894
0.1863509959954572 0.3227693931051957 -0.9279510898565747
0.1806208330935767 0.31284445982349235 -0.9324722294043558
0.1748632556031308 0.30287204308152516 -0.9368518385313106
0.16907913740790878 0.29285365649041706 -0.9410892525013715
0.1632693564200419 0.2827908206385839 -0.9451838281608195
0.1574347944467544 0.27268506286094063 -0.949134944035901
0.15157633705652201 0.26253791700708085 -0.9529420004271565
0.1456948734446626 0.25235092320847274 -0.9566044195004407
0.1397912962983722 0.24212562764469533 -0.9601216453746281
0.13386650166123423 0.2318635823087608 -0.9634931442059831
0.1279213887972181 0.22156634477155354 -0.9667184042691874
0.12195686005418889 0.21123547794542202 -0.9697969360350094
0.1159738207269494 0.20087254984696054 -0.9727282722446047
0.10997317891983464 0.19047913335901587 -0.9755119679804366
0.10395584540888 0.18005680599195564 -0.9781476007338056
0.09792273350358383 0.16960714964423404 -0.9806347704689776
0.09187475890828553 0.15913175036229157 -0.9829730996839017
0.08581283958317996 0.1486321980998251 -0.9851622334675065
0.07973789560499056 0.13811008647646647 -0.987201839553569
0.07365084902731893 0.127567012535901 -0.989091608371146
0.06755262374069665 0.11700457650346995 -0.9908312530915603
0.06144414533235725 0.10642438154328865 -0.9924205096719357
0.055326340945750625 0.09582803351491824 -0.9938591368952736
0.04920013913982156 0.08521714072962892 -0.9951469164070644
0.04306646974807322 0.07459331370629071 -0.9962836527484294
0.0369262637374372 0.06395816492692934 -0.997269173385788
0.030780453066971657 0.05331330859198409 -0.9981033287370441
0.024629970546408447 0.04266036037530434 -0.99878599219429
0.01847574969457248 0.032000937178924646 -0.9993170601430229
0.012318724597691028 0.021336656887649304 -0.9996964519778716
0.006159829767619272 0.010669138123491751 -0.9999241101148306
6.123233995736775e-17 1.0605752387249064e-16 -1.0
0.0 0.0 1.0
1.1696417318072404e-17 0.012319659535238442 0.9999241101148306
2.339105935661048e-17 0.02463744919538197 0.9996964519778716
3.508215110553143e-17 0.03695149938914489 0.9993170601430229
4.6767918093614595e-17 0.04925994109281685 0.99878599219429
5.844658665783027e-17 0.061560906133942835 0.9981033287370441
7.011638421254595e-17 0.07385252747487396 0.997269173385788
8.177553951856885e-17 0.086132939496146 0.9962836527484294
9.342228295198427e-17 0.0984002782796427 0.9951469164070644
1.0505484677274872e-16 0.11065268189150085 0.9938591368952737
1.16671465392997e-16 0.12288829066471411 0.9924205096719357
1.2827037564502284e-16 0.13510524748139294 0.9908312530915603
1.3984981704889201e-16 0.1473016980546375 0.989091608371146
1.514080320796476e-16 0.15947579120998082 0.987201839553569
1.6294326643406664e-16 0.17162567916635962 0.9851622334675065
1.7445376929692803e-16 0.1837495178165703 0.9829730996839018
1.8593779360675082e-16 0.19584546700716696 0.9806347704689777
1.9739359632096268e-16 0.20791169081775934 0.9781476007338057
2.0881943868045855e-16 0.21994635783966862 0.9755119679804366
2.202135864735092e-16 0.23194764145389812 0.9727282722446048
2.315743102989794e-16 0.24391372010837714 0.9697969360350095
2.4289988582881605e-16 0.2558427775944356 0.9667184042691874
2.5418859406976625e-16 0.26773300332246786 0.9634931442059831
2.654387216242858e-16 0.2795825925967438 0.9601216453746282
2.7664856095059823e-16 0.2913897468893246 0.9566044195004408
2.8781641062186503e-16 0.30315267411304353 0.9529420004271566
2.9894057558442783e-16 0.3148695888935079 0.9491349440359013
3.100193674150834e-16 0.3265387128400833 0.9451838281608196
3.2105110457735215e-16 0.3381582748158171 0.9410892525013715
3.3203411267670104e-16 0.34972651120626114 0.9368518385313106
3.4296672471468324e-16 0.36124166618715287 0.9324722294043558
3.5384728134195443e-16 0.37270199199091397 0.9279510898565747
3.646741311101285e-16 0.38410574917192586 0.9232891061054893
3.754456307224341e-16 0.3954512068705425 0.918486985745923
3.86160145283134e-16 0.4067366430758002 0.9135454576426009
3.9681604854566873e-16 0.4179603448867834 0.9084652718195237
4.074117231594885e-16 0.429120608772609 0.9032471993461288
4.179455609155336e-16 0.4402157408309873 0.8978920322202582
4.2841596299032893e-16 0.4512440570453228 0.8924005832479478
4.3882134018865205e-16 0.46220388354031317 0.8867736859200619
4.491601131847416e-16 0.47309355683601007 0.8810121942857845
4.594307127620065e-16 0.4839114241003015 0.8751169828229928
4.696315800512018e-16 0.4946558433997788 0.8690889463055284
4.79761166767033e-16 0.505325183948948 0.8629289996673897
4.898179354431548e-16 0.515917826357751 0.8566380778638628
4.998003596655273e-16 0.5264321628773557 0.8502171357296142
5.097069243040944e-16 0.53686659764418 0.8436671478337664
5.195361257427506e-16 0.5472195469221112 0.8369891083319778
5.292864721075587e-16 0.5574894393428855 0.8301840308155507
5.389564834931869e-16 0.5676747161445901 0.8232529481575873
5.485446921875278e-16 0.5777738314082511 0.8161969123562217
5.58049642894468e-16 0.5877852522924731 0.8090169943749475
5.6746989295477195e-16 0.5977074592660937 0.8017142839800666
5.768040125650489e-16 0.6075389463388169 0.7942898895752861
5.860505849947683e-16 0.6172782212897929 0.7867449380334832
5.952082068012902e-16 0.6269238058941065 0.7790805745256704
6.042754880428799e-16 0.6364742361471414 0.7712979623471806
6.132510524896733e-16 0.6459280624867874 0.763398282741103
6.221335378325596e-16 0.6552838500134536 0.7553827347189938
6.309215958899534e-16 0.664540178707858 0.747252534878891
6.396138928124213e-16 0.6736956436465571 0.7390089172206592
6.482091092851328e-16 0.6827488552151855 0.7306531329586932
6.567059407281052e-16 0.6916984393193699 0.7221864503320093
6.651030974942139e-16 0.700543037593291 0.7136101544117524
6.733993050649331e-16 0.7092813076058534 0.7049255469061472
6.815933042437832e-16 0.7179119230644418 0.6961339459629267
6.896838513474508e-16 0.7264335740162241 0.6872366859692627
6.976697183945545e-16 0.7348449670469757 0.678235117349234
7.055496932920277e-16 0.7431448254773942 0.6691306063588582
7.133225800190905e-16 0.7513318895568732 0.6599245348787226
7.209871988087805e-16 0.7594049166547071 0.6506183002042422
7.28542386327018e-16 0.7673626814486969 0.6412133148335784
7.359869958491766e-16 0.7752039761111298 0.6317110062532509
7.433198974341329e-16 0.7829276104921028 0.6221128167214739
7.505399780957683e-16 0.7905324123001632 0.61242020304925
7.5764614197189825e-16 0.7980172272802395 0.6026346363792565
7.646373104906015e-16 0.8053809193888326 0.592757601962555
7.715124225339261e-16 0.8126223709664456 0.582790598933161
7.782704345989447e-16 0.819740482907221 0.5727351400805053
7.849103209561386e-16 0.8267341748257635 0.5625927516198231
7.91431073805081e-16 0.8336023852211194 0.5523649729605059
7.978317034274023e-16 0.8403440716378927 0.5420533564724495
8.041112383370082e-16 0.846958210824467 0.5316594672504363
8.102687254275325e-16 0.8534437988883159 0.5211848828765852
8.163032301169986e-16 0.8597998514483723 0.510631193180907
8.222138364896708e-16 0.8660254037844386 0.5000000000000001
8.27999647435071e-16 0.8721195109836107 0.48929291693392374
8.33659784784143e-16 0.8780812480836978 0.4785115691012867
8.391933894425395e-16 0.8839097102136119 0.467657592892587
8.445996215210168e-16 0.8896040127307095 0.45673263572184064
8.498776604629113e-16 0.8951632913550623 0.4457383557765383
8.550267051686845e-16 0.9005867023006374 0.43467642176596505
8.600459741175136e-16 0.9058734224033671 0.4235485126679244
8.649347054859102e-16 0.9110226492460882 0.41235631747390367
8.6969215726335035e-16 0.9160336012803335 0.4011015349327188
8.743176073648953e-16 0.9209055179449536 0.3897858732926794
8.788103537407911e-16 0.9256376597815562 0.37841105004231035
8.831697144830249e-16 0.9302293085467402 0.3669787916496722
8.873950279288242e-16 0.9346797673211106 0.35549083330031817
8.914856527610846e-16 0.9389883606150565 0.34394891863392807
8.954409681057085e-16 0.9431544344712774 0.3323547994796596
8.992603736258415e-16 0.9471773565640402 0.3207102355902552
9.029432896129904e-16 0.9510565162951535 0.30901699437494745
9.06489157075013e-16 0.9547913248866443 0.29727685063120274
9.098974378209602e-16 0.9583812154701223 0.28549158627534194
9.131676145427627e-16 0.961825643172819 0.2736629900720828
9.162991908937493e-16 0.965124085200289 0.26179285736304025
9.192916915639803e-16 0.9682760409157589 0.24988298979423082
9.22144662352391e-16 0.9712810319161138 0.2379351950426188
9.24857670235731e-16 0.9741386021045101 0.22595128654174773
9.274303034342863e-16 0.9768483177596007 0.21393308320649734
9.298621714743813e-16 0.9794097676013659 0.2018824091570102
9.32152905247643e-16 0.9818225628535369 0.18980109344182572
9.343021570670254e-16 0.9840863373026044 0.1776909697602686
9.36309600719581e-16 0.9862007473534026 0.16555387618413
9.381749315159734e-16 0.9881654720812594 0.15339165487868545
9.398978663367228e-16 0.989980213280707 0.14120615182309149
9.414781436751773e-16 0.9916446955107427 0.1289992165302034
9.42915523677206e-16 0.9931586661366362 0.11677270176585648
9.44209788177602e-16 0.9945218953682733 0.10452846326765368
9.453607407331966e-16 0.9957341762950345 0.09226835946330224
9.463682066526754e-16 0.9967953249171991 0.07999425118854168
9.472320330230923e-16 0.9977051801738729 0.06770800140470754
9.479520887330795e-16 0.9984636039674339 0.05541147491597008
9.485282644927464e-16 0.9990704811844932 0.043106538086295734
9.489604728502689e-16 0.9995257197133659 0.030795058556170547
9.492486482051614e-16 0.9998292504580527 0.018478904959129915
9.493927468182348e-16 0.9999810273487268 0.006159946638138691
9.493927468182348e-16 0.9999810273487268 -0.006159946638138568
9.492486482051614e-16 0.9998292504580527 -0.01847890495912979
9.489604728502689e-16 0.9995257197133659 -0.030795058556170204
9.485282644927464e-16 0.9990704811844932 -0.04310653808629561
9.479520887330795e-16 0.9984636039674339 -0.055411474915969955
9.472320330230923e-16 0.9977051801738729 -0.06770800140470741
9.463682066526754e-16 0.9967953249171991 -0.07999425118854157
9.453607407331966e-16 0.9957341762950346 -0.09226835946330189
9.44209788177602e-16 0.9945218953682733 -0.10452846326765355
9.42915523677206e-16 0.9931586661366362 -0.11677270176585636
9.414781436751773e-16 0.9916446955107427 -0.1289992165302033
9.398978663367228e-16 0.989980213280707 -0.14120615182309137
9.381749315159734e-16 0.9881654720812594 -0.1533916548786853
9.36309600719581e-16 0.9862007473534026 -0.16555387618412987
9.343021570670254e-16 0.9840863373026044 -0.1776909697602687
9.32152905247643e-16 0.9818225628535369 -0.18980109344182583
9.298621714743813e-16 0.9794097676013659 -0.20188240915701028
9.274303034342863e-16 0.9768483177596007 -0.21393308320649743
9.24857670235731e-16 0.9741386021045101 -0.2259512865417476
9.22144662352391e-16 0.9712810319161138 -0.2379351950426187
9.192916915639803e-16 0.9682760409157589 -0.2498829897942307
9.162991908937493e-16 0.9651240852002891 -0.26179285736304014
9.131676145427628e-16 0.9618256431728192 -0.27366299007208267
9.098974378209602e-16 0.9583812154701223 -0.2854915862753418
9.06489157075013e-16 0.9547913248866444 -0.2972768506312024
9.029432896129906e-16 0.9510565162951536 -0.30901699437494734
8.992603736258415e-16 0.9471773565640402 -0.320710235590255
8.954409681057087e-16 0.9431544344712776 -0.3323547994796595
8.914856527610848e-16 0.9389883606150566 -0.34394891863392796
8.873950279288243e-16 0.9346797673211107 -0.35549083330031783
8.83169714483025e-16 0.9302293085467404 -0.36697879164967206
8.788103537407912e-16 0.9256376597815563 -0.37841105004231024
8.743176073648954e-16 0.9209055179449537 -0.3897858732926793
8.6969215726335035e-16 0.9160336012803335 -0.40110153493271866
8.649347054859105e-16 0.9110226492460884 -0.41235631747390333
8.600459741175136e-16 0.9058734224033671 -0.4235485126679243
8.550267051686847e-16 0.9005867023006376 -0.43467642176596455
8.498776604629115e-16 0.8951632913550626 -0.4457383557765378
8.445996215210168e-16 0.8896040127307095 -0.45673263572184053
8.391933894425398e-16 0.8839097102136121 -0.4676575928925867
8.336597847841432e-16 0.878081248083698 -0.4785115691012864
8.279996474350712e-16 0.872119510983611 -0.48929291693392346
8.222138364896709e-16 0.8660254037844387 -0.4999999999999998
8.163032301169989e-16 0.8597998514483726 -0.5106311931809068
8.102687254275327e-16 0.8534437988883161 -0.5211848828765848
8.041112383370085e-16 0.8469582108244673 -0.5316594672504358
7.978317034274025e-16 0.8403440716378929 -0.542053356472449
7.914310738050813e-16 0.8336023852211197 -0.5523649729605055
7.849103209561388e-16 0.8267341748257637 -0.5625927516198227
7.782704345989448e-16 0.8197404829072211 -0.5727351400805052
7.715124225339261e-16 0.8126223709664456 -0.5827905989331609
7.646373104906016e-16 0.8053809193888327 -0.5927576019625548
7.576461419718983e-16 0.7980172272802396 -0.6026346363792563
7.505399780957685e-16 0.7905324123001635 -0.6124202030492498
7.433198974341331e-16 0.7829276104921029 -0.6221128167214738
7.359869958491768e-16 0.77520397611113 -0.6317110062532507
7.285423863270182e-16 0.7673626814486971 -0.6412133148335781
7.209871988087807e-16 0.7594049166547073 -0.6506183002042418
7.133225800190907e-16 0.7513318895568735 -0.6599245348787224
7.055496932920277e-16 0.7431448254773942 -0.6691306063588582
6.976697183945545e-16 0.7348449670469757 -0.678235117349234
6.896838513474508e-16 0.7264335740162241 -0.6872366859692627
6.815933042437833e-16 0.717911923064442 -0.6961339459629265
6.733993050649332e-16 0.7092813076058535 -0.7049255469061471
6.65103097494214e-16 0.7005430375932911 -0.7136101544117522
6.567059407281054e-16 0.6916984393193701 -0.7221864503320092
6.482091092851329e-16 0.6827488552151856 -0.730653132958693
6.396138928124217e-16 0.6736956436465574 -0.739008917220659
6.309215958899536e-16 0.6645401787078582 -0.7472525348788908
6.221335378325598e-16 0.6552838500134538 -0.7553827347189935
6.132510524896732e-16 0.6459280624867872 -0.763398282741103
6.042754880428799e-16 0.6364742361471414 -0.7712979623471807
5.952082068012902e-16 0.6269238058941065 -0.7790805745256705
5.860505849947683e-16 0.6172782212897929 -0.7867449380334832
5.768040125650489e-16 0.6075389463388169 -0.794289889575286
5.6746989295477195e-16 0.5977074592660937 -0.8017142839800666
5.580496428944681e-16 0.5877852522924732 -0.8090169943749473
5.485446921875279e-16 0.5777738314082512 -0.8161969123562216
5.3895648349318705e-16 0.5676747161445903 -0.8232529481575871
5.292864721075589e-16 0.5574894393428858 -0.8301840308155505
5.195361257427504e-16 0.5472195469221109 -0.8369891083319779
5.097069243040943e-16 0.5368665976441799 -0.8436671478337664
4.998003596655273e-16 0.5264321628773557 -0.8502171357296142
4.898179354431548e-16 0.515917826357751 -0.8566380778638628
4.79761166767033e-16 0.505325183948948 -0.8629289996673897
4.696315800512018e-16 0.4946558433997788 -0.8690889463055284
4.594307127620065e-16 0.4839114241003016 -0.8751169828229927
4.491601131847416e-16 0.4730935568360101 -0.8810121942857845
4.3882134018865215e-16 0.4622038835403133 -0.8867736859200619
4.28415962990329e-16 0.4512440570453229 -0.8924005832479478
4.179455609155338e-16 0.44021574083098747 -0.897892032220258
4.074117231594882e-16 0.4291206087726087 -0.903247199346129
3.968160485456686e-16 0.41796034488678324 -0.9084652718195237
3.8616014528313384e-16 0.40673664307580004 -0.913545457642601
3.75445630722434e-16 0.3954512068705424 -0.918486985745923
3.646741311101284e-16 0.38410574917192575 -0.9232891061054894
3.538472813419544e-16 0.3727019919909139 -0.9279510898565747
3.429667247146833e-16 0.3612416661871529 -0.9324722294043558
3.3203411267670104e-16 0.34972651120626114 -0.9368518385313106
3.2105110457735215e-16 0.3381582748158171 -0.9410892525013715
3.1001936741508343e-16 0.32653871284008334 -0.9451838281608195
2.989405755844282e-16 0.31486958889350836 -0.949134944035901
2.8781641062186513e-16 0.30315267411304364 -0.9529420004271565
2.766485609505984e-16 0.2913897468893248 -0.9566044195004407
2.6543872162428606e-16 0.279582592596744 -0.9601216453746281
2.541885940697665e-16 0.26773300332246813 -0.9634931442059831
2.4289988582881635e-16 0.25584277759443586 -0.9667184042691874
2.315743102989797e-16 0.24391372010837745 -0.9697969360350094
2.2021358647350954e-16 0.23194764145389848 -0.9727282722446047
2.0881943868045887e-16 0.21994635783966898 -0.9755119679804366
1.9739359632096305e-16 0.20791169081775973 -0.9781476007338056
1.8593779360675124e-16 0.1958454670071674 -0.9806347704689776
1.744537692969285e-16 0.1837495178165708 -0.9829730996839017
1.629432664340667e-16 0.1716256791663597 -0.9851622334675065
1.514080320796477e-16 0.1594757912099809 -0.987201839553569
1.3984981704889219e-16 0.14730169805463766 -0.989091608371146
1.28270375645023e-16 0.13510524748139313 -0.9908312530915603
1.1667146539299723e-16 0.12288829066471434 -0.9924205096719357
1.0505484677274895e-16 0.1106526818915011 -0.9938591368952736
9.342228295198454e-17 0.098400278279643 -0.9951469164070644
8.177553951856914e-17 0.08613293949614632 -0.9962836527484294
7.011638421254628e-17 0.07385252747487431 -0.997269173385788
5.844658665783065e-17 0.06156090613394323 -0.9981033287370441
4.6767918093614576e-17 0.04925994109281683 -0.99878599219429
3.508215110553145e-17 0.03695149938914491 -0.9993170601430229
2.3391059356610534e-17 0.024637449195382025 -0.9996964519778716
1.1696417318072487e-17 0.012319659535238529 -0.9999241101148306
1.1626928478906056e-31 1.2246467991473532e-16 -1.0
0.0 0.0 1.0
-0.00615982976761921 0.010669138123491687 0.9999241101148306
-0.012318724597690962 0.021336656887649276 0.9996964519778716
-0.01847574969457241 0.03200093717892466 0.9993170601430229
-0.02462997054640838 0.0426603603753044 0.99878599219429
-0.03078045306697136 0.0533133085919838 0.9981033287370441
-0.03692626373743691 0.06395816492692911 0.997269173385788
-0.04306646974807292 0.0745933137062905 0.9962836527484294
-0.04920013913982126 0.08521714072962876 0.9951469164070644
-0.05532634094575032 0.09582803351491812 0.9938591368952737
-0.06144414533235694 0.10642438154328857 0.9924205096719357
-0.06755262374069634 0.1170045765034699 0.9908312530915603
-0.07365084902731861 0.12756701253590097 0.989091608371146
-0.07973789560499026 0.13811008647646655 0.987201839553569
-0.08581283958317965 0.1486321980998252 0.9851622334675065
-0.09187475890828499 0.1591317503622913 0.9829730996839018
-0.0979227335035833 0.16960714964423382 0.9806347704689777
-0.10395584540887948 0.1800568059919555 0.9781476007338057
-0.1099731789198341 0.19047913335901576 0.9755119679804366
-0.11597382072694884 0.20087254984696043 0.9727282722446048
-0.12195686005418833 0.211235477945422 0.9697969360350095
-0.12792138879721754 0.22156634477155354 0.9667184042691874
-0.13386650166123368 0.2318635823087608 0.9634931442059831
-0.13979129629837161 0.2421256276446954 0.9601216453746282
-0.14569487344466203 0.25235092320847285 0.9566044195004408
-0.1515763370565215 0.262537917007081 0.9529420004271566
-0.15743479444675365 0.2726850628609406 0.9491349440359013
-0.16326935642004134 0.2827908206385842 0.9451838281608196
-0.16907913740790825 0.29285365649041734 0.9410892525013715
-0.17486325560313024 0.3028720430815255 0.9368518385313106
-0.1806208330935761 0.3128444598234926 0.9324722294043558
-0.18635099599545663 0.3227693931051961 0.9279510898565747
-0.19205287458596257 0.3326453365225416 0.9232891061054893
-0.1977256034352709 0.3424707911071054 0.918486985745923
-0.20336832153789972 0.3522442655536472 0.9135454576426009
-0.20898017244339132 0.36196427644646006 0.9084652718195237
-0.21456030438630408 0.37162934848452306 0.9032471993461288
-0.22010787041549323 0.3812380147054218 0.8978920322202582
-0.22562202852266097 0.39078881670800414 0.8924005832479478
-0.23110194177015614 0.4002803048737356 0.8867736859200619
-0.2365467784180046 0.40971103858672214 0.8810121942857845
-0.24195571205015032 0.4190795864523666 0.8751169828229928
-0.24732792169988893 0.4283845265146257 0.8690889463055284
-0.2526625919744735 0.4376244464718337 0.8629289996673897
-0.257958913178875 0.4467979438910614 0.8566380778638628
-0.26321608143867736 0.45590362642097765 0.8502171357296142
-0.2684332988220895 0.46494011200317903 0.8436671478337664
-0.2736097734610551 0.47390602908195917 0.8369891083319778
-0.27874471967144226 0.482800016812483 0.8301840308155507
-0.2838373580722945 0.4916207252673355 0.8232529481575873
-0.288886915704125 0.5003668156414132 0.8161969123562217
-0.293892626146236 0.5090369604551275 0.8090169943749475
-0.2988537296330463 0.51762984375589 0.8017142839800666
-0.3037694731694079 0.5261441613178466 0.7942898895752861
-0.3086391106448959 0.5345786208398333 0.7867449380334832
-0.3134619029470526 0.5429319421415209 0.7790805745256704
-0.3182371180735701 0.5512028573577206 0.7712979623471806
-0.32296403124339307 0.5593901111308205 0.763398282741103
-0.3276419250067262 0.567492460801323 0.7553827347189938
-0.3322700893539284 0.5755086765964561 0.747252534878891
-0.33684782182327794 0.5834375418168273 0.7390089172206592
-0.34137442760759207 0.5912778530210946 0.7306531329586932
-0.3458492196596843 0.5990284202086237 0.7221864503320093
-0.3502715187966448 0.6066880670001074 0.7136101544117524
-0.35464065380292603 0.6142556308161142 0.7049255469061472
-0.35895596153222026 0.6217299630535464 0.6961339459629267
-0.3632167870081114 0.6291099292599738 0.6872366859692627
-0.36742248352348716 0.63639440930582 0.678235117349234
-0.3715724127386964 0.6435822975543769 0.6691306063588582
-0.3756659447784359 0.6506725030296168 0.6599245348787226
-0.37970245832735283 0.6576639495817811 0.6506183002042422
-0.38368134072434773 0.6645555760507177 0.6412133148335784
-0.3876019880555642 0.6713463364269439 0.6317110062532509
-0.3914638052460507 0.6780352000104094 0.6221128167214739
-0.3952662061500809 0.6846211515669356 0.61242020304925
-0.39900861364011897 0.6911031914823079 0.6026346363792565
-0.4026904596944155 0.6974803359139966 0.592757601962555
-0.40631118548322204 0.7037516169404844 0.582790598933161
-0.40987024145360973 0.7099160827081772 0.5727351400805053
-0.413367087412881 0.715972797575877 0.5625927516198231
-0.4168011926105589 0.7219208422567915 0.5523649729605059
-0.4201720358189456 0.7277593139580657 0.5420533564724495
-0.4234791054122327 0.7334873265178051 0.5316594672504363
-0.4267218994441571 0.7391040105395794 0.5211848828765852
-0.42989992572418534 0.7446085135243775 0.510631193180907
-0.43301270189221847 0.7500000000000004 0.5000000000000001
-0.43605975549180453 0.7552776516478691 0.48929291693392374
-0.43904062404184807 0.7604406674272287 0.4785115691012867
-0.4419548551068051 0.7654882636967298 0.467657592892587
-0.44480200636535394 0.7704196743333701 0.45673263572184064
-0.44758164567753034 0.7752341508487754 0.4457383557765383
-0.4502933511503179 0.779930962502806 0.43467642176596505
-0.4529367112016827 0.7845093964144678 0.4235485126679244
-0.4555113246230433 0.788968757670113 0.41235631747390367
-0.45801680064016587 0.7933083694289148 0.4011015349327188
-0.4604527589724759 0.7975275730255965 0.3897858732926794
-0.4628188298907772 0.8016257280704056 0.37841105004231035
-0.46511465427336923 0.8056022125463104 0.3669787916496722
-0.4673398836605544 0.8094564229034105 0.35549083330031817
-0.4694941803075274 0.8131877741505429 0.34394891863392807
-0.47157721723563784 0.8167956999440724 0.3323547994796596
-0.4735886782820192 0.8202796526738506 0.3207102355902552
-0.4755282581475759 0.8236391035463324 0.30901699437494745
-0.47739566244332127 0.8268735426648358 0.29727685063120274
-0.4791906077350603 0.8299824791069342 0.28549158627534194
-0.48091282158640863 0.8329654409989685 0.2736629900720828
-0.4825620426001436 0.8358219755876678 0.26179285736304025
-0.48413802045787857 0.8385516493088683 0.24988298979423082
-0.48564051595805596 0.8411540478533192 0.2379351950426188
-0.4870693010522541 0.8436287762295674 0.22595128654174773
-0.4884241588797994 0.8459754588239083 0.21393308320649734
-0.489704883800682 0.8481937394573966 0.2018824091570102
-0.4909112814267675 0.8502832814399072 0.18980109344182572
-0.49204316865130127 0.8522437676212378 0.1776909697602686
-0.49310037367670034 0.8540749004392462 0.16555387618413
-0.49408273604062874 0.8557764019650136 0.15339165487868545
-0.49499010664035253 0.8573480139450295 0.14120615182309149
-0.49582234775537043 0.8587894978403882 0.1289992165302034
-0.49657933306831714 0.8601006348629954 0.11677270176585648
-0.4972609476841357 0.8612812260087747 0.10452846326765368
-0.4978670881475163 0.8623310920878732 0.09226835946330224
-0.4983976624585986 0.8632500737518586 0.07999425118854168
-0.4988525900869355 0.8640380315179049 0.06770800140470754
-0.49923180198371603 0.8646948457899634 0.05541147491597008
-0.49953524059224563 0.8652204168769146 0.043106538086295734
-0.499762859856682 0.8656146650076999 0.030795058556170547
-0.4999146252290254 0.8658775303434283 0.018478904959129915
-0.4999905136743625 0.8660089729864595 0.006159946638138691
-0.4999905136743625 0.8660089729864595 -0.006159946638138568
-0.4999146252290254 0.8658775303434283 -0.01847890495912979
-0.499762859856682 0.8656146650076999 -0.030795058556170204
-0.49953524059224563 0.8652204168769146 -0.04310653808629561
-0.49923180198371603 0.8646948457899634 -0.055411474915969955
-0.4988525900869355 0.8640380315179049 -0.06770800140470741
-0.4983976624585986 0.8632500737518586 -0.07999425118854157
-0.49786708814751635 0.8623310920878733 -0.09226835946330189
-0.4972609476841357 0.8612812260087747 -0.10452846326765355
-0.49657933306831714 0.8601006348629954 -0.11677270176585636
-0.49582234775537043 0.8587894978403882 -0.1289992165302033
-0.49499010664035253 0.8573480139450295 -0.14120615182309137
-0.49408273604062874 0.8557764019650136 -0.1533916548786853
-0.49310037367670034 0.8540749004392462 -0.16555387618412987
-0.49204316865130127 0.8522437676212378 -0.1776909697602687
-0.4909112814267675 0.8502832814399072 -0.18980109344182583
-0.489704883800682 0.8481937394573966 -0.20188240915701028
-0.4884241588797994 0.8459754588239083 -0.21393308320649743
-0.4870693010522541 0.8436287762295674 -0.2259512865417476
-0.48564051595805596 0.8411540478533192 -0.2379351950426187
-0.48413802045787857 0.8385516493088683 -0.2498829897942307
-0.4825620426001437 0.8358219755876679 -0.26179285736304014
-0.4809128215864087 0.8329654409989686 -0.27366299007208267
-0.4791906077350603 0.8299824791069342 -0.2854915862753418
-0.4773956624433213 0.8268735426648358 -0.2972768506312024
-0.47552825814757593 0.8236391035463325 -0.30901699437494734
-0.4735886782820192 0.8202796526738506 -0.320710235590255
-0.4715772172356379 0.8167956999440725 -0.3323547994796595
-0.46949418030752743 0.813187774150543 -0.34394891863392796
-0.46733988366055446 0.8094564229034105 -0.35549083330031783
-0.4651146542733693 0.8056022125463105 -0.36697879164967206
-0.4628188298907773 0.8016257280704057 -0.37841105004231024
-0.46045275897247595 0.7975275730255966 -0.3897858732926793
-0.45801680064016587 0.7933083694289148 -0.40110153493271866
-0.4555113246230434 0.7889687576701132 -0.41235631747390333
-0.4529367112016827 0.7845093964144678 -0.4235485126679243
-0.450293351150318 0.7799309625028062 -0.43467642176596455
-0.44758164567753045 0.7752341508487756 -0.4457383557765378
-0.44480200636535394 0.7704196743333701 -0.45673263572184053
-0.4419548551068052 0.76548826369673 -0.4676575928925867
-0.4390406240418482 0.7604406674272288 -0.4785115691012864
-0.43605975549180465 0.7552776516478693 -0.48929291693392346
-0.4330127018922185 0.7500000000000004 -0.4999999999999998
-0.42989992572418545 0.7446085135243776 -0.5106311931809068
-0.4267218994441572 0.7391040105395796 -0.5211848828765848
-0.4234791054122329 0.7334873265178055 -0.5316594672504358
-0.4201720358189457 0.7277593139580659 -0.542053356472449
-0.4168011926105591 0.7219208422567918 -0.5523649729605055
-0.4133670874128811 0.7159727975758772 -0.5625927516198227
-0.4098702414536098 0.7099160827081773 -0.5727351400805052
-0.40631118548322204 0.7037516169404844 -0.5827905989331609
-0.4026904596944156 0.6974803359139967 -0.5927576019625548
-0.399008613640119 0.691103191482308 -0.6026346363792563
-0.395266206150081 0.6846211515669358 -0.6124202030492498
-0.39146380524605073 0.6780352000104095 -0.6221128167214738
-0.3876019880555643 0.6713463364269441 -0.6317110062532507
-0.38368134072434784 0.6645555760507179 -0.6412133148335781
-0.37970245832735294 0.6576639495817813 -0.6506183002042418
-0.375665944778436 0.650672503029617 -0.6599245348787224
-0.3715724127386964 0.6435822975543769 -0.6691306063588582
-0.36742248352348716 0.63639440930582 -0.678235117349234
-0.3632167870081114 0.6291099292599738 -0.6872366859692627
-0.3589559615322203 0.6217299630535466 -0.6961339459629265
-0.3546406538029261 0.6142556308161142 -0.7049255469061471
-0.35027151879664487 0.6066880670001075 -0.7136101544117522
-0.3458492196596844 0.5990284202086239 -0.7221864503320092
-0.3413744276075921 0.5912778530210947 -0.730653132958693
-0.3368478218232781 0.5834375418168275 -0.739008917220659
-0.3322700893539285 0.5755086765964562 -0.7472525348788908
-0.3276419250067263 0.5674924608013232 -0.7553827347189935
-0.322964031243393 0.5593901111308204 -0.763398282741103
-0.3182371180735701 0.5512028573577206 -0.7712979623471807
-0.3134619029470526 0.5429319421415209 -0.7790805745256705
-0.3086391106448959 0.5345786208398333 -0.7867449380334832
-0.3037694731694079 0.5261441613178466 -0.794289889575286
-0.2988537296330463 0.51762984375589 -0.8017142839800666
-0.29389262614623607 0.5090369604551276 -0.8090169943749473
-0.28888691570412506 0.5003668156414133 -0.8161969123562216
-0.2838373580722946 0.4916207252673357 -0.8232529481575871
-0.2787447196714424 0.48280001681248325 -0.8301840308155505
-0.273609773461055 0.473906029081959 -0.8369891083319779
-0.26843329882208944 0.4649401120031789 -0.8436671478337664
-0.26321608143867736 0.45590362642097765 -0.8502171357296142
-0.257958913178875 0.4467979438910614 -0.8566380778638628
-0.2526625919744735 0.4376244464718337 -0.8629289996673897
-0.24732792169988893 0.4283845265146257 -0.8690889463055284
-0.24195571205015035 0.41907958645236665 -0.8751169828229927
-0.23654677841800462 0.4097110385867222 -0.8810121942857845
-0.2311019417701562 0.40028030487373567 -0.8867736859200619
-0.22562202852266103 0.39078881670800425 -0.8924005832479478
-0.22010787041549332 0.38123801470542196 -0.897892032220258
-0.21456030438630394 0.3716293484845228 -0.903247199346129
-0.20898017244339123 0.3619642764464599 -0.9084652718195237
-0.20336832153789963 0.352244265553647 -0.913545457642601
-0.19772560343527085 0.34247079110710527 -0.918486985745923
-0.1920528745859625 0.3326453365225415 -0.9232891061054894
-0.1863509959954566 0.32276939310519603 -0.9279510898565747
-0.18062083309357613 0.3128444598234927 -0.9324722294043558
-0.17486325560313024 0.3028720430815255 -0.9368518385313106
-0.16907913740790825 0.29285365649041734 -0.9410892525013715
-0.16326935642004137 0.2827908206385842 -0.9451838281608195
-0.15743479444675387 0.2726850628609409 -0.949134944035901
-0.15157633705652154 0.2625379170070811 -0.9529420004271565
-0.14569487344466212 0.252350923208473 -0.9566044195004407
-0.13979129629837173 0.24212562764469558 -0.9601216453746281
-0.13386650166123382 0.23186358230876106 -0.9634931442059831
-0.12792138879721768 0.22156634477155376 -0.9667184042691874
-0.12195686005418849 0.21123547794542225 -0.9697969360350094
-0.11597382072694902 0.20087254984696076 -0.9727282722446047
-0.10997317891983428 0.19047913335901606 -0.9755119679804366
-0.10395584540887967 0.18005680599195584 -0.9781476007338056
-0.09792273350358352 0.1696071496442342 -0.9806347704689776
-0.09187475890828524 0.15913175036229174 -0.9829730996839017
-0.08581283958317969 0.14863219809982528 -0.9851622334675065
-0.0797378956049903 0.1381100864764666 -0.987201839553569
-0.0736508490273187 0.1275670125359011 -0.989091608371146
-0.06755262374069644 0.11700457650347007 -0.9908312530915603
-0.06144414533235705 0.10642438154328876 -0.9924205096719357
-0.055326340945750445 0.09582803351491834 -0.9938591368952736
-0.04920013913982141 0.085217140729629 -0.9951469164070644
-0.04306646974807308 0.07459331370629078 -0.9962836527484294
-0.036926263737437084 0.0639581649269294 -0.997269173385788
-0.030780453066971556 0.053313308591984146 -0.9981033287370441
-0.02462997054640837 0.042660360375304386 -0.99878599219429
-0.01847574969457242 0.032000937178924674 -0.9993170601430229
-0.01231872459769099 0.021336656887649325 -0.9996964519778716
-0.006159829767619253 0.010669138123491764 -0.9999241101148306
-6.123233995736755e-17 1.0605752387249075e-16 -1.0
0.0 0.0 1.0
-0.010669138123491675 0.006159829767619235 0.9999241101148306
-0.021336656887649248 0.012318724597691013 0.9996964519778716
-0.03200093717892462 0.018475749694572486 0.9993170601430229
-0.042660360375304344 0.024629970546408482 0.99878599219429
-0.05331330859198373 0.030780453066971487 0.9981033287370441
-0.06395816492692903 0.036926263737437064 0.997269173385788
-0.07459331370629041 0.0430664697480731 0.9962836527484294
-0.08521714072962865 0.049200139139821464 0.9951469164070644
-0.095828033514918 0.05532634094575055 0.9938591368952737
-0.10642438154328843 0.061444145332357196 0.9924205096719357
-0.11700457650346975 0.06755262374069662 0.9908312530915603
-0.1275670125359008 0.07365084902731892 0.989091608371146
-0.13811008647646636 0.07973789560499059 0.987201839553569
-0.148632198099825 0.08581283958318 0.9851622334675065
-0.1591317503622911 0.09187475890828536 0.9829730996839018
-0.1696071496442336 0.0979227335035837 0.9806347704689777
-0.18005680599195528 0.10395584540887991 0.9781476007338057
-0.1904791333590155 0.10997317891983456 0.9755119679804366
-0.20087254984696018 0.11597382072694933 0.9727282722446048
-0.21123547794542172 0.12195686005418885 0.9697969360350095
-0.22156634477155324 0.12792138879721807 0.9667184042691874
-0.23186358230876053 0.13386650166123423 0.9634931442059831
-0.24212562764469509 0.1397912962983722 0.9601216453746282
-0.2523509232084726 0.14569487344466264 0.9566044195004408
-0.2625379170070807 0.1515763370565221 0.9529420004271566
-0.2726850628609402 0.15743479444675432 0.9491349440359013
-0.2827908206385838 0.163269356420042 0.9451838281608196
-0.292853656490417 0.16907913740790895 0.9410892525013715
-0.3028720430815251 0.17486325560313096 0.9368518385313106
-0.31284445982349224 0.18062083309357682 0.9324722294043558
-0.32276939310519565 0.1863509959954574 0.9279510898565747
-0.3326453365225412 0.19205287458596335 0.9232891061054893
-0.34247079110710493 0.1977256034352717 0.918486985745923
-0.35224426555364674 0.20336832153790055 0.9135454576426009
-0.36196427644645957 0.20898017244339218 0.9084652718195237
-0.37162934848452256 0.21456030438630497 0.9032471993461288
-0.3812380147054213 0.22010787041549415 0.8978920322202582
-0.39078881670800364 0.2256220285226619 0.8924005832479478
-0.40028030487373506 0.23110194177015708 0.8867736859200619
-0.4097110385867216 0.23654677841800556 0.8810121942857845
-0.4190795864523661 0.2419557120501513 0.8751169828229928
-0.42838452651462516 0.24732792169988996 0.8690889463055284
-0.43762444647183313 0.25266259197447455 0.8629289996673897
-0.44679794389106087 0.25795891317887604 0.8566380778638628
-0.45590362642097704 0.2632160814386785 0.8502171357296142
-0.4649401120031784 0.2684332988220906 0.8436671478337664
-0.47390602908195856 0.2736097734610562 0.8369891083319778
-0.4828000168124824 0.2787447196714434 0.8301840308155507
-0.49162072526733486 0.28383735807229565 0.8232529481575873
-0.5003668156414125 0.2888869157041262 0.8161969123562217
-0.5090369604551268 0.29389262614623723 0.8090169943749475
-0.5176298437558894 0.2988537296330475 0.8017142839800666
-0.5261441613178459 0.3037694731694091 0.7942898895752861
-0.5345786208398327 0.30863911064489713 0.7867449380334832
-0.5429319421415202 0.31346190294705395 0.7790805745256704
-0.5512028573577199 0.3182371180735714 0.7712979623471806
-0.5593901111308197 0.3229640312433944 0.763398282741103
-0.5674924608013223 0.3276419250067275 0.7553827347189938
-0.5755086765964553 0.3322700893539297 0.747252534878891
-0.5834375418168265 0.33684782182327927 0.7390089172206592
-0.5912778530210938 0.3413744276075935 0.7306531329586932
-0.5990284202086229 0.34584921965968574 0.7221864503320093
-0.6066880670001066 0.35027151879664625 0.7136101544117524
-0.6142556308161133 0.3546406538029275 0.7049255469061472
-0.6217299630535457 0.3589559615322217 0.6961339459629267
-0.6291099292599729 0.3632167870081129 0.6872366859692627
-0.6363944093058191 0.36742248352348866 0.678235117349234
-0.6435822975543761 0.37157241273869795 0.6691306063588582
-0.650672503029616 0.37566594477843746 0.6599245348787226
-0.6576639495817802 0.3797024583273544 0.6506183002042422
-0.6645555760507168 0.3836813407243493 0.6412133148335784
-0.6713463364269431 0.3876019880555658 0.6317110062532509
-0.6780352000104085 0.3914638052460523 0.6221128167214739
-0.6846211515669347 0.3952662061500825 0.61242020304925
-0.691103191482307 0.39900861364012064 0.6026346363792565
-0.6974803359139957 0.4026904596944172 0.592757601962555
-0.7037516169404835 0.4063111854832237 0.582790598933161
-0.7099160827081763 0.4098702414536114 0.5727351400805053
-0.7159727975758761 0.4133670874128827 0.5625927516198231
-0.7219208422567907 0.41680119261056064 0.5523649729605059
-0.7277593139580648 0.4201720358189473 0.5420533564724495
-0.7334873265178042 0.42347910541223444 0.5316594672504363
-0.7391040105395785 0.4267218994441589 0.5211848828765852
-0.7446085135243765 0.4298999257241871 0.510631193180907
-0.7499999999999994 0.43301270189222024 0.5000000000000001
-0.7552776516478681 0.4360597554918063 0.48929291693392374
-0.7604406674272277 0.4390406240418499 0.4785115691012867
-0.7654882636967288 0.44195485510680693 0.467657592892587
-0.7704196743333691 0.4448020063653558 0.45673263572184064
-0.7752341508487745 0.44758164567753217 0.4457383557765383
-0.779930962502805 0.4502933511503197 0.43467642176596505
-0.7845093964144668 0.45293671120168455 0.4235485126679244
-0.788968757670112 0.4555113246230451 0.41235631747390367
-0.7933083694289137 0.45801680064016775 0.4011015349327188
-0.7975275730255955 0.4604527589724778 0.3897858732926794
-0.8016257280704046 0.46281882989077916 0.37841105004231035
-0.8056022125463094 0.4651146542733712 0.3669787916496722
-0.8094564229034094 0.46733988366055634 0.35549083330031817
-0.8131877741505419 0.4694941803075293 0.34394891863392807
-0.8167956999440713 0.4715772172356398 0.3323547994796596
-0.8202796526738496 0.47358867828202117 0.3207102355902552
-0.8236391035463313 0.4755282581475778 0.30901699437494745
-0.8268735426648347 0.4773956624433232 0.29727685063120274
-0.8299824791069332 0.4791906077350622 0.28549158627534194
-0.8329654409989674 0.4809128215864106 0.2736629900720828
-0.8358219755876667 0.48256204260014557 0.26179285736304025
-0.8385516493088672 0.4841380204578805 0.24988298979423082
-0.8411540478533182 0.48564051595805796 0.2379351950426188
-0.8436287762295663 0.4870693010522561 0.22595128654174773
-0.8459754588239072 0.48842415887980145 0.21393308320649734
-0.8481937394573955 0.48970488380068405 0.2018824091570102
-0.8502832814399061 0.49091128142676954 0.18980109344182572
-0.8522437676212367 0.4920431686513033 0.1776909697602686
-0.854074900439245 0.4931003736767024 0.16555387618413
-0.8557764019650125 0.4940827360406308 0.15339165487868545
-0.8573480139450284 0.4949901066403546 0.14120615182309149
-0.858789497840387 0.4958223477553725 0.1289992165302034
-0.8601006348629943 0.4965793330683192 0.11677270176585648
-0.8612812260087735 0.49726094768413776 0.10452846326765368
-0.8623310920878721 0.49786708814751834 0.09226835946330224
-0.8632500737518575 0.4983976624586007 0.07999425118854168
-0.8640380315179038 0.49885259008693755 0.06770800140470754
-0.8646948457899623 0.4992318019837181 0.05541147491597008
-0.8652204168769135 0.4995352405922477 0.043106538086295734
-0.8656146650076988 0.49976285985668406 0.030795058556170547
-0.8658775303434272 0.49991462522902747 0.018478904959129915
-0.8660089729864584 0.49999051367436453 0.006159946638138691
-0.8660089729864584 0.49999051367436453 -0.006159946638138568
-0.8658775303434272 0.49991462522902747 -0.01847890495912979
-0.8656146650076988 0.49976285985668406 -0.030795058556170204
-0.8652204168769135 0.4995352405922477 -0.04310653808629561
-0.8646948457899623 0.4992318019837181 -0.055411474915969955
-0.8640380315179038 0.49885259008693755 -0.06770800140470741
-0.8632500737518575 0.4983976624586007 -0.07999425118854157
-0.8623310920878722 0.4978670881475184 -0.09226835946330189
-0.8612812260087735 0.49726094768413776 -0.10452846326765355
-0.8601006348629943 0.4965793330683192 -0.11677270176585636
-0.858789497840387 0.4958223477553725 -0.1289992165302033
-0.8573480139450284 0.4949901066403546 -0.14120615182309137
-0.8557764019650125 0.4940827360406308 -0.1533916548786853
-0.854074900439245 0.4931003736767024 -0.16555387618412987
-0.8522437676212367 0.4920431686513033 -0.1776909697602687
-0.8502832814399061 0.49091128142676954 -0.18980109344182583
-0.8481937394573955 0.48970488380068405 -0.20188240915701028
-0.8459754588239072 0.48842415887980145 -0.21393308320649743
-0.8436287762295663 0.4870693010522561 -0.2259512865417476
-0.8411540478533182 0.48564051595805796 -0.2379351950426187
-0.8385516493088672 0.4841380204578805 -0.2498829897942307
-0.8358219755876668 0.4825620426001456 -0.26179285736304014
-0.8329654409989675 0.48091282158641063 -0.27366299007208267
-0.8299824791069332 0.4791906077350622 -0.2854915862753418
-0.8268735426648348 0.47739566244332327 -0.2972768506312024
-0.8236391035463314 0.4755282581475779 -0.30901699437494734
-0.8202796526738496 0.47358867828202117 -0.320710235590255
-0.8167956999440714 0.47157721723563983 -0.3323547994796595
-0.813187774150542 0.4694941803075294 -0.34394891863392796
-0.8094564229034095 0.4673398836605564 -0.35549083330031783
-0.8056022125463094 0.46511465427337123 -0.36697879164967206
-0.8016257280704046 0.4628188298907792 -0.37841105004231024
-0.7975275730255955 0.46045275897247784 -0.3897858732926793
-0.7933083694289137 0.45801680064016775 -0.40110153493271866
-0.7889687576701122 0.4555113246230452 -0.41235631747390333
-0.7845093964144668 0.45293671120168455 -0.4235485126679243
-0.7799309625028052 0.4502933511503198 -0.43467642176596455
-0.7752341508487746 0.4475816456775323 -0.4457383557765378
-0.7704196743333691 0.4448020063653558 -0.45673263572184053
-0.7654882636967291 0.44195485510680704 -0.4676575928925867
-0.7604406674272279 0.43904062404185 -0.4785115691012864
-0.7552776516478683 0.4360597554918064 -0.48929291693392346
-0.7499999999999996 0.4330127018922203 -0.4999999999999998
-0.7446085135243767 0.4298999257241872 -0.5106311931809068
-0.7391040105395787 0.426721899444159 -0.5211848828765848
-0.7334873265178045 0.4234791054122346 -0.5316594672504358
-0.7277593139580649 0.4201720358189474 -0.542053356472449
-0.7219208422567909 0.4168011926105608 -0.5523649729605055
-0.7159727975758762 0.4133670874128828 -0.5625927516198227
-0.7099160827081764 0.40987024145361145 -0.5727351400805052
-0.7037516169404835 0.4063111854832237 -0.5827905989331609
-0.6974803359139958 0.40269045969441725 -0.5927576019625548
-0.6911031914823071 0.3990086136401207 -0.6026346363792563
-0.6846211515669349 0.3952662061500826 -0.6124202030492498
-0.6780352000104086 0.39146380524605234 -0.6221128167214738
-0.6713463364269432 0.3876019880555659 -0.6317110062532507
-0.664555576050717 0.3836813407243494 -0.6412133148335781
-0.6576639495817804 0.3797024583273545 -0.6506183002042418
-0.6506725030296161 0.37566594477843757 -0.6599245348787224
-0.6435822975543761 0.37157241273869795 -0.6691306063588582
-0.6363944093058191 0.36742248352348866 -0.678235117349234
-0.6291099292599729 0.3632167870081129 -0.6872366859692627
-0.6217299630535458 0.35895596153222176 -0.6961339459629265
-0.6142556308161135 0.35464065380292753 -0.7049255469061471
-0.6066880670001067 0.3502715187966463 -0.7136101544117522
-0.5990284202086231 0.34584921965968585 -0.7221864503320092
-0.5912778530210939 0.34137442760759357 -0.730653132958693
-0.5834375418168268 0.33684782182327944 -0.739008917220659
-0.5755086765964555 0.3322700893539298 -0.7472525348788908
-0.5674924608013224 0.3276419250067276 -0.7553827347189935
-0.5593901111308196 0.32296403124339434 -0.763398282741103
-0.5512028573577199 0.3182371180735714 -0.7712979623471807
-0.5429319421415202 0.31346190294705395 -0.7790805745256705
-0.5345786208398327 0.30863911064489713 -0.7867449380334832
-0.5261441613178459 0.3037694731694091 -0.794289889575286
-0.5176298437558894 0.2988537296330475 -0.8017142839800666
-0.5090369604551269 0.2938926261462373 -0.8090169943749473
-0.5003668156414126 0.2888869157041263 -0.8161969123562216
-0.4916207252673351 0.28383735807229576 -0.8232529481575871
-0.48280001681248264 0.2787447196714435 -0.8301840308155505
-0.4739060290819584 0.2736097734610561 -0.8369891083319779
-0.4649401120031783 0.26843329882209055 -0.8436671478337664
-0.45590362642097704 0.2632160814386785 -0.8502171357296142
-0.44679794389106087 0.25795891317887604 -0.8566380778638628
-0.43762444647183313 0.25266259197447455 -0.8629289996673897
-0.42838452651462516 0.24732792169988996 -0.8690889463055284
-0.4190795864523661 0.24195571205015132 -0.8751169828229927
-0.40971103858672164 0.2365467784180056 -0.8810121942857845
-0.40028030487373517 0.23110194177015714 -0.8867736859200619
-0.39078881670800375 0.22562202852266194 -0.8924005832479478
-0.38123801470542146 0.22010787041549423 -0.897892032220258
-0.37162934848452234 0.21456030438630483 -0.903247199346129
-0.36196427644645945 0.2089801724433921 -0.9084652718195237
-0.3522442655536466 0.20336832153790046 -0.913545457642601
-0.3424707911071048 0.19772560343527165 -0.918486985745923
-0.3326453365225411 0.1920528745859633 -0.9232891061054894
-0.3227693931051956 0.18635099599545737 -0.9279510898565747
-0.3128444598234923 0.18062083309357685 -0.9324722294043558
-0.3028720430815251 0.17486325560313096 -0.9368518385313106
-0.292853656490417 0.16907913740790895 -0.9410892525013715
-0.28279082063858385 0.16326935642004203 -0.9451838281608195
-0.2726850628609406 0.15743479444675454 -0.949134944035901
-0.2625379170070808 0.15157633705652215 -0.9529420004271565
-0.2523509232084727 0.14569487344466273 -0.9566044195004407
-0.24212562764469528 0.1397912962983723 -0.9601216453746281
-0.23186358230876075 0.13386650166123437 -0.9634931442059831
-0.2215663447715535 0.1279213887972182 -0.9667184042691874
-0.211235477945422 0.121956860054189 -0.9697969360350094
-0.20087254984696049 0.1159738207269495 -0.9727282722446047
-0.19047913335901584 0.10997317891983474 -0.9755119679804366
-0.18005680599195562 0.1039558454088801 -0.9781476007338056
-0.16960714964423398 0.09792273350358392 -0.9806347704689776
-0.15913175036229152 0.09187475890828561 -0.9829730996839017
-0.14863219809982509 0.08581283958318005 -0.9851622334675065
-0.13811008647646644 0.07973789560499063 -0.987201839553569
-0.12756701253590094 0.073650849027319 -0.989091608371146
-0.11700457650346992 0.06755262374069672 -0.9908312530915603
-0.10642438154328862 0.06144414533235731 -0.9924205096719357
-0.09582803351491821 0.055326340945750674 -0.9938591368952736
-0.0852171407296289 0.04920013913982161 -0.9951469164070644
-0.07459331370629069 0.04306646974807326 -0.9962836527484294
-0.06395816492692932 0.03692626373743724 -0.997269173385788
-0.05331330859198408 0.030780453066971684 -0.9981033287370441
-0.04266036037530433 0.02462997054640847 -0.99878599219429
-0.03200093717892464 0.018475749694572496 -0.9993170601430229
-0.021336656887649297 0.01231872459769104 -0.9996964519778716
-0.01066913812349175 0.006159829767619278 -0.9999241101148306
-1.0605752387249062e-16 6.12323399573678e-17 -1.0
0.0 0.0 1.0
-0.012319659535238442 1.7921806767518982e-17 0.9999241101148306
-0.02463744919538197 3.5840893367322724e-17 0.9996964519778716
-0.03695149938914489 5.3754540044562445e-17 0.9993170601430229
-0.04925994109281685 7.166002787005953e-17 0.99878599219429
-0.061560906133942835 8.955463915298402e-17 0.9981033287370441
-0.07385252747487396 1.0743565785334509e-16 0.997269173385788
-0.086132939496146 1.2530036999423098e-16 0.9962836527484294
-0.0984002782796427 1.4314606407373576e-16 0.9951469164070644
-0.11065268189150085 1.6097003147651051e-16 0.9938591368952737
-0.12288829066471411 1.7876956688487631e-16 0.9924205096719357
-0.13510524748139294 1.9654196868943676e-16 0.9908312530915603
-0.1473016980546375 2.1428453939912758e-16 0.989091608371146
-0.15947579120998082 2.319945860506413e-16 0.987201839553569
-0.17162567916635962 2.4966942061716427e-16 0.9851622334675065
-0.1837495178165703 2.673063604163654e-16 0.9829730996839018
-0.19584546700716696 2.849027285175724e-16 0.9806347704689777
-0.20791169081775934 3.024558541480761e-16 0.9781476007338057
-0.21994635783966862 3.1996307309849956e-16 0.9755119679804366
-0.23194764145389812 3.374217281271712e-16 0.9727282722446048
-0.24391372010837714 3.5482916936344037e-16 0.9697969360350095
-0.2558427775944356 3.72182754709874e-16 0.9667184042691874
-0.26773300332246786 3.894798502432736e-16 0.9634931442059831
-0.2795825925967438 4.067178306144518e-16 0.9601216453746282
-0.2913897468893246 4.2389407944670664e-16 0.9566044195004408
-0.30315267411304353 4.4100598973293506e-16 0.9529420004271566
-0.3148695888935079 4.580509642313237e-16 0.9491349440359013
-0.3265387128400833 4.750264158595577e-16 0.9451838281608196
-0.3381582748158171 4.919297680874878e-16 0.9410892525013715
-0.34972651120626114 5.087584553281946e-16 0.9368518385313106
-0.36124166618715287 5.255099233273938e-16 0.9324722294043558
-0.37270199199091397 5.421816295511196e-16 0.9279510898565747
-0.38410574917192586 5.587710435716302e-16 0.9232891061054893
-0.3954512068705425 5.752756474514754e-16 0.918486985745923
-0.4067366430758002 5.91692936125669e-16 0.9135454576426009
-0.4179603448867834 6.080204177819062e-16 0.9084652718195237
-0.429120608772609 6.242556142387712e-16 0.9032471993461288
-0.4402157408309873 6.403960613218742e-16 0.8978920322202582
-0.4512440570453228 6.564393092378639e-16 0.8924005832479478
-0.46220388354031317 6.723829229462562e-16 0.8867736859200619
-0.47309355683601007 6.882244825290238e-16 0.8810121942857845
-0.4839114241003015 7.039615835578915e-16 0.8751169828229928
-0.4946558433997788 7.195918374592796e-16 0.8690889463055284
-0.505325183948948 7.351128718768402e-16 0.8629289996673897
-0.515917826357751 7.505223310315343e-16 0.8566380778638628
-0.5264321628773557 7.658178760791903e-16 0.8502171357296142
-0.53686659764418 7.809971854654937e-16 0.8436671478337664
-0.5472195469221112 7.960579552783517e-16 0.8369891083319778
-0.5574894393428855 8.109978995975811e-16 0.8301840308155507
-0.5676747161445901 8.258147508418642e-16 0.8232529481575873
-0.5777738314082511 8.405062601129223e-16 0.8161969123562217
-0.5877852522924731 8.55070197536852e-16 0.8090169943749475
-0.5977074592660937 8.69504352602576e-16 0.8017142839800666
-0.6075389463388169 8.838065344973531e-16 0.7942898895752861
-0.6172782212897929 8.979745724393003e-16 0.7867449380334832
-0.6269238058941065 9.120063160068727e-16 0.7790805745256704
-0.6364742361471414 9.25899635465254e-16 0.7712979623471806
-0.6459280624867874 9.396524220896075e-16 0.763398282741103
-0.6552838500134536 9.532625884851377e-16 0.7553827347189938
-0.664540178707858 9.66728068903915e-16 0.747252534878891
-0.6736956436465571 9.80046819558414e-16 0.7390089172206592
-0.6827488552151855 9.932168189317192e-16 0.7306531329586932
-0.6916984393193699 1.00623606808435e-15 0.7221864503320093
-0.700543037593291 1.0191025909576606e-15 0.7136101544117524
-0.7092813076058534 1.0318144346737637e-15 0.7049255469061472
-0.7179119230644418 1.0443696698319398e-15 0.6961339459629267
-0.7264335740162241 1.05676639080148e-15 0.6872366859692627
-0.7348449670469757 1.0690027160109222e-15 0.678235117349234
-0.7431448254773942 1.081076788233637e-15 0.6691306063588582
-0.7513318895568732 1.092986774869715e-15 0.6599245348787226
-0.7594049166547071 1.1047308682241196e-15 0.6506183002042422
-0.7673626814486969 1.116307285781059e-15 0.6412133148335784
-0.7752039761111298 1.1277142704745349e-15 0.6317110062532509
-0.7829276104921028 1.1389500909550306e-15 0.6221128167214739
-0.7905324123001632 1.1500130418522933e-15 0.61242020304925
-0.7980172272802395 1.1609014440341774e-15 0.6026346363792565
-0.8053809193888326 1.1716136448614995e-15 0.592757601962555
-0.8126223709664456 1.182148018438879e-15 0.582790598933161
-0.819740482907221 1.192502965861513e-15 0.5727351400805053
-0.8267341748257635 1.2026769154578606e-15 0.5625927516198231
-0.8336023852211194 1.2126683230281877e-15 0.5523649729605059
-0.8403440716378927 1.2224756720789485e-15 0.5420533564724495
-0.846958210824467 1.2320974740529562e-15 0.5316594672504363
-0.8534437988883159 1.2415322685553173e-15 0.5211848828765852
-0.8597998514483723 1.2507786235750887e-15 0.510631193180907
-0.8660254037844386 1.259835135702629e-15 0.5000000000000001
-0.8721195109836107 1.2687004303426074e-15 0.48929291693392374
-0.8780812480836978 1.27737316192264e-15 0.4785115691012867
-0.8839097102136119 1.2858520140975187e-15 0.467657592892587
-0.8896040127307095 1.294135699949008e-15 0.45673263572184064
-0.8951632913550623 1.3022229621811718e-15 0.4457383557765383
-0.9005867023006374 1.3101125733112056e-15 0.43467642176596505
-0.9058734224033671 1.3178033358557441e-15 0.4235485126679244
-0.9110226492460882 1.3252940825126146e-15 0.41235631747390367
-0.9160336012803335 1.3325836763380102e-15 0.4011015349327188
-0.9209055179449536 1.3396710109190535e-15 0.3897858732926794
-0.9256376597815562 1.3465550105417302e-15 0.37841105004231035
-0.9302293085467402 1.353234630354158e-15 0.3669787916496722
-0.9346797673211106 1.3597088565251761e-15 0.35549083330031817
-0.9389883606150565 1.3659767063982234e-15 0.34394891863392807
-0.9431544344712774 1.372037228640485e-15 0.3323547994796596
-0.9471773565640402 1.3778895033872874e-15 0.3207102355902552
-0.9510565162951535 1.383532642381713e-15 0.30901699437494745
-0.9547913248866443 1.388965789109422e-15 0.29727685063120274
-0.9583812154701223 1.3941881189286512e-15 0.28549158627534194
-0.961825643172819 1.3991988391953802e-15 0.2736629900720828
-0.965124085200289 1.4039971893836378e-15 0.26179285736304025
-0.9682760409157589 1.4085824412009345e-15 0.24988298979423082
-0.9712810319161138 1.412953898698802e-15 0.2379351950426188
-0.9741386021045101 1.417110898378426e-15 0.22595128654174773
-0.9768483177596007 1.421052809291349e-15 0.21393308320649734
-0.9794097676013659 1.4247790331352388e-15 0.2018824091570102
-0.9818225628535369 1.4282890043446954e-15 0.18980109344182572
-0.9840863373026044 1.4315821901770952e-15 0.1776909697602686
-0.9862007473534026 1.4346580907934486e-15 0.16555387618413
-0.9881654720812594 1.4375162393342665e-15 0.15339165487868545
-0.989980213280707 1.4401562019904201e-15 0.14120615182309149
-0.9916446955107427 1.4425775780689834e-15 0.1289992165302034
-0.9931586661366362 1.4447800000540513e-15 0.11677270176585648
-0.9945218953682733 1.446763133662521e-15 0.10452846326765368
-0.9957341762950345 1.4485266778948285e-15 0.09226835946330224
-0.9967953249171991 1.4500703650806356e-15 0.07999425118854168
-0.9977051801738729 1.4513939609194554e-15 0.06770800140470754
-0.9984636039674339 1.4524972645162156e-15 0.05541147491597008
-0.9990704811844932 1.4533801084117498e-15 0.043106538086295734
-0.9995257197133659 1.4540423586082143e-15 0.030795058556170547
-0.9998292504580527 1.4544839145894261e-15 0.018478904959129915
-0.9999810273487268 1.45470470933612e-15 0.006159946638138691
-0.9999810273487268 1.45470470933612e-15 -0.006159946638138568
-0.9998292504580527 1.4544839145894261e-15 -0.01847890495912979
-0.9995257197133659 1.4540423586082143e-15 -0.030795058556170204
-0.9990704811844932 1.4533801084117498e-15 -0.04310653808629561
-0.9984636039674339 1.4524972645162156e-15 -0.055411474915969955
-0.9977051801738729 1.4513939609194554e-15 -0.06770800140470741
-0.9967953249171991 1.4500703650806356e-15 -0.07999425118854157
-0.9957341762950346 1.4485266778948287e-15 -0.09226835946330189
-0.9945218953682733 1.446763133662521e-15 -0.10452846326765355
-0.9931586661366362 1.4447800000540513e-15 -0.11677270176585636
-0.9916446955107427 1.4425775780689834e-15 -0.1289992165302033
-0.989980213280707 1.4401562019904201e-15 -0.14120615182309137
-0.9881654720812594 1.4375162393342665e-15 -0.1533916548786853
-0.9862007473534026 1.4346580907934486e-15 -0.16555387618412987
-0.9840863373026044 1.4315821901770952e-15 -0.1776909697602687
-0.9818225628535369 1.4282890043446954e-15 -0.18980109344182583
-0.9794097676013659 1.4247790331352388e-15 -0.20188240915701028
-0.9768483177596007 1.421052809291349e-15 -0.21393308320649743
-0.9741386021045101 1.417110898378426e-15 -0.2259512865417476
-0.9712810319161138 1.412953898698802e-15 -0.2379351950426187
-0.9682760409157589 1.4085824412009345e-15 -0.2498829897942307
-0.9651240852002891 1.403997189383638e-15 -0.26179285736304014
-0.9618256431728192 1.3991988391953804e-15 -0.27366299007208267
-0.9583812154701223 1.3941881189286512e-15 -0.2854915862753418
-0.9547913248866444 1.3889657891094221e-15 -0.2972768506312024
-0.9510565162951536 1.3835326423817132e-15 -0.30901699437494734
-0.9471773565640402 1.3778895033872874e-15 -0.320710235590255
-0.9431544344712776 1.3720372286404852e-15 -0.3323547994796595
-0.9389883606150566 1.3659767063982234e-15 -0.34394891863392796
-0.9346797673211107 1.3597088565251763e-15 -0.35549083330031783
-0.9302293085467404 1.3532346303541582e-15 -0.36697879164967206
-0.9256376597815563 1.3465550105417304e-15 -0.37841105004231024
-0.9209055179449537 1.3396710109190537e-15 -0.3897858732926793
-0.9160336012803335 1.3325836763380102e-15 -0.40110153493271866
-0.9110226492460884 1.325294082512615e-15 -0.41235631747390333
-0.9058734224033671 1.3178033358557441e-15 -0.4235485126679243
-0.9005867023006376 1.3101125733112058e-15 -0.43467642176596455
-0.8951632913550626 1.3022229621811721e-15 -0.4457383557765378
-0.8896040127307095 1.294135699949008e-15 -0.45673263572184053
-0.8839097102136121 1.2858520140975189e-15 -0.4676575928925867
-0.878081248083698 1.2773731619226401e-15 -0.4785115691012864
-0.872119510983611 1.2687004303426078e-15 -0.48929291693392346
-0.8660254037844387 1.2598351357026292e-15 -0.4999999999999998
-0.8597998514483726 1.2507786235750889e-15 -0.5106311931809068
-0.8534437988883161 1.2415322685553175e-15 -0.5211848828765848
-0.8469582108244673 1.2320974740529566e-15 -0.5316594672504358
-0.8403440716378929 1.222475672078949e-15 -0.542053356472449
-0.8336023852211197 1.212668323028188e-15 -0.5523649729605055
-0.8267341748257637 1.2026769154578608e-15 -0.5625927516198227
-0.8197404829072211 1.1925029658615132e-15 -0.5727351400805052
-0.8126223709664456 1.182148018438879e-15 -0.5827905989331609
-0.8053809193888327 1.1716136448614997e-15 -0.5927576019625548
-0.7980172272802396 1.1609014440341774e-15 -0.6026346363792563
-0.7905324123001635 1.1500130418522937e-15 -0.6124202030492498
-0.7829276104921029 1.1389500909550308e-15 -0.6221128167214738
-0.77520397611113 1.1277142704745353e-15 -0.6317110062532507
-0.7673626814486971 1.1163072857810594e-15 -0.6412133148335781
-0.7594049166547073 1.1047308682241198e-15 -0.6506183002042418
-0.7513318895568735 1.0929867748697151e-15 -0.6599245348787224
-0.7431448254773942 1.081076788233637e-15 -0.6691306063588582
-0.7348449670469757 1.0690027160109222e-15 -0.678235117349234
-0.7264335740162241 1.05676639080148e-15 -0.6872366859692627
-0.717911923064442 1.04436966983194e-15 -0.6961339459629265
-0.7092813076058535 1.0318144346737639e-15 -0.7049255469061471
-0.7005430375932911 1.0191025909576608e-15 -0.7136101544117522
-0.6916984393193701 1.0062360680843504e-15 -0.7221864503320092
-0.6827488552151856 9.932168189317194e-16 -0.730653132958693
-0.6736956436465574 9.800468195584144e-16 -0.739008917220659
-0.6645401787078582 9.667280689039154e-16 -0.7472525348788908
-0.6552838500134538 9.53262588485138e-16 -0.7553827347189935
-0.6459280624867872 9.396524220896073e-16 -0.763398282741103
-0.6364742361471414 9.25899635465254e-16 -0.7712979623471807
-0.6269238058941065 9.120063160068727e-16 -0.7790805745256705
-0.6172782212897929 8.979745724393003e-16 -0.7867449380334832
-0.6075389463388169 8.838065344973531e-16 -0.794289889575286
-0.5977074592660937 8.69504352602576e-16 -0.8017142839800666
-0.5877852522924732 8.550701975368521e-16 -0.8090169943749473
-0.5777738314082512 8.405062601129225e-16 -0.8161969123562216
-0.5676747161445903 8.258147508418646e-16 -0.8232529481575871
-0.5574894393428858 8.109978995975814e-16 -0.8301840308155505
-0.5472195469221109 7.960579552783514e-16 -0.8369891083319779
-0.5368665976441799 7.809971854654935e-16 -0.8436671478337664
-0.5264321628773557 7.658178760791903e-16 -0.8502171357296142
-0.515917826357751 7.505223310315343e-16 -0.8566380778638628
-0.505325183948948 7.351128718768402e-16 -0.8629289996673897
-0.4946558433997788 7.195918374592796e-16 -0.8690889463055284
-0.4839114241003016 7.039615835578916e-16 -0.8751169828229927
-0.4730935568360101 6.882244825290239e-16 -0.8810121942857845
-0.4622038835403133 6.723829229462563e-16 -0.8867736859200619
-0.4512440570453229 6.564393092378641e-16 -0.8924005832479478
-0.44021574083098747 6.403960613218745e-16 -0.897892032220258
-0.4291206087726087 6.242556142387708e-16 -0.903247199346129
-0.41796034488678324 6.080204177819059e-16 -0.9084652718195237
-0.40673664307580004 5.916929361256687e-16 -0.913545457642601
-0.3954512068705424 5.752756474514752e-16 -0.918486985745923
-0.38410574917192575 5.587710435716301e-16 -0.9232891061054894
-0.3727019919909139 5.421816295511195e-16 -0.9279510898565747
-0.3612416661871529 5.2550992332739385e-16 -0.9324722294043558
-0.34972651120626114 5.087584553281946e-16 -0.9368518385313106
-0.3381582748158171 4.919297680874878e-16 -0.9410892525013715
-0.32653871284008334 4.750264158595578e-16 -0.9451838281608195
-0.31486958889350836 4.580509642313243e-16 -0.949134944035901
-0.30315267411304364 4.410059897329352e-16 -0.9529420004271565
-0.2913897468893248 4.2389407944670684e-16 -0.9566044195004407
-0.279582592596744 4.0671783061445217e-16 -0.9601216453746281
-0.26773300332246813 3.89479850243274e-16 -0.9634931442059831
-0.25584277759443586 3.7218275470987438e-16 -0.9667184042691874
-0.24391372010837745 3.548291693634408e-16 -0.9697969360350094
-0.23194764145389848 3.374217281271717e-16 -0.9727282722446047
-0.21994635783966898 3.1996307309850006e-16 -0.9755119679804366
-0.20791169081775973 3.0245585414807666e-16 -0.9781476007338056
-0.1958454670071674 2.8490272851757304e-16 -0.9806347704689776
-0.1837495178165708 2.673063604163661e-16 -0.9829730996839017
-0.1716256791663597 2.496694206171644e-16 -0.9851622334675065
-0.1594757912099809 2.319945860506414e-16 -0.987201839553569
-0.14730169805463766 2.1428453939912783e-16 -0.989091608371146
-0.13510524748139313 1.9654196868943703e-16 -0.9908312530915603
-0.12288829066471434 1.7876956688487666e-16 -0.9924205096719357
-0.1106526818915011 1.6097003147651088e-16 -0.9938591368952736
-0.098400278279643 1.4314606407373618e-16 -0.9951469164070644
-0.08613293949614632 1.2530036999423145e-16 -0.9962836527484294
-0.07385252747487431 1.074356578533456e-16 -0.997269173385788
-0.06156090613394323 8.955463915298459e-17 -0.9981033287370441
-0.04925994109281683 7.16600278700595e-17 -0.99878599219429
-0.03695149938914491 5.3754540044562476e-17 -0.9993170601430229
-0.024637449195382025 3.584089336732281e-17 -0.9996964519778716
-0.012319659535238529 1.7921806767519108e-17 -0.9999241101148306
-1.2246467991473532e-16 1.7815332664024551e-31 -1.0
