0 1.5707963267948966
0 1.5707963267948966
0 1.5707963267948966
0 1.5707963267948966
0 1.5707963267948966
0 1.5707963267948966
0 1.5707963267948966
0 1.5707963267948966
0 1.5707963267948966
0 1.5707963267948966
0 1.5707963267948966
0 1.5707963267948966
0 1.5707963267948966
0 1.5707963267948966
0 1.5707963267948966
0 1.5707963267948966
0 1.5707963267948966
0 1.5707963267948966
0 1.5707963267948966
0 1.5707963267948966
0 1.5707963267948966
0 1.5707963267948966
0 1.5707963267948966
0 1.5707963267948966
0 1.5707963267948966
0 1.5707963267948966
0 1.5707963267948966
0 1.5707963267948966
0 1.5707963267948966
0 1.5707963267948966
0 1.5707963267948966
0 1.5707963267948966
0 1.5707963267948966
0 1.5707963267948966
0 1.5707963267948966
0 1.5707963267948966
0 1.5707963267948966
0 1.5707963267948966
0 1.5707963267948966
0 1.5707963267948966
0 1.5707963267948966
0 1.5707963267948966
0 1.5707963267948966
0 1.5707963267948966
0 1.5707963267948966
0 1.5707963267948966
0 1.5707963267948966
0 1.5707963267948966
0 1.5707963267948966
0 1.5707963267948966
0 1.5707963267948966
0 1.5707963267948966
0 1.5707963267948966
0 1.5707963267948966
0 1.5707963267948966
0 1.5707963267948966
0 1.5707963267948966
0 1.5707963267948966
0 1.5707963267948966
0 1.5707963267948966
0 1.5707963267948966
0 1.5707963267948966
0 1.5707963267948966
0 1.5707963267948966
0 1.5707963267948966
0 1.5707963267948966
0 1.5707963267948966
0 1.5707963267948966
0 1.5707963267948966
0 1.5707963267948966
0 1.5707963267948966
0 1.5707963267948966
0 1.5707963267948966
0 1.5707963267948966
0 1.5707963267948966
0 1.5707963267948966
0 1.5707963267948966
0 1.5707963267948966
0 1.5707963267948966
0 1.5707963267948966
0 1.5707963267948966
0 1.5707963267948966
0 1.5707963267948966
0 1.5707963267948966
0 1.5707963267948966
0 1.5707963267948966
0 1.5707963267948966
0 1.5707963267948966
0 1.5707963267948966
0 1.5707963267948966
0 1.5707963267948966
0 1.5707963267948966
0 1.5707963267948966
0 1.5707963267948966
0 1.5707963267948966
0 1.5707963267948966
0 1.5707963267948966
0 1.5707963267948966
0 1.5707963267948966
0 1.5707963267948966
0 1.5707963267948966
0 1.5707963267948966
0 1.5707963267948966
0 1.5707963267948966
0 1.5707963267948966
0 1.5707963267948966
0 1.5707963267948966
0 1.5707963267948966
0 1.5707963267948966
0 1.5707963267948966
0 1.5707963267948966
0 1.5707963267948966
0 1.5707963267948966
0 1.5707963267948966
0 1.5707963267948966
0 1.5707963267948966
0 1.5707963267948966
0 1.5707963267948966
0 1.5707963267948966
0 1.5707963267948966
0 1.5707963267948966
0 1.5707963267948966
0 1.5707963267948966
0 1.5707963267948966
0 1.5707963267948966
0 1.5707963267948966
0 1.5707963267948966
0 1.5707963267948966
0 1.5707963267948966
0 1.5707963267948966
0 1.5707963267948966
0 1.5707963267948966
0 1.5707963267948966
0 1.5707963267948966
0 1.5707963267948966
0 1.5707963267948966
0 1.5707963267948966
0 1.5707963267948966
0 1.5707963267948966
0 1.5707963267948966
0 1.5707963267948966
0 1.5707963267948966
0 1.5707963267948966
0 1.5707963267948966
0 1.5707963267948966
0 1.5707963267948966
0 1.5707963267948966
0 1.5707963267948966
0 1.5707963267948966
0 1.5707963267948966
0 1.5707963267948966
0 1.5707963267948966
0 1.5707963267948966
0 1.5707963267948966
0 1.5707963267948966
0 1.5707963267948966
0 1.5707963267948966
0 1.5707963267948966
0 1.5707963267948966
0 1.5707963267948966
0 1.5707963267948966
0 1.5707963267948966
0 1.5707963267948966
0 1.5707963267948966
0 1.5707963267948966
0 1.5707963267948966
0 1.5707963267948966
0 1.5707963267948966
0 1.5707963267948966
0 1.5707963267948966
0 1.5707963267948966
0 1.5707963267948966
0 1.5707963267948966
0 1.5707963267948966
0 1.5707963267948966
0 1.5707963267948966
0 1.5707963267948966
0 1.5707963267948966
0 1.5707963267948966
0 1.5707963267948966
0 1.5707963267948966
0 1.5707963267948966
0 1.5707963267948966
0 1.5707963267948966
0 1.5707963267948966
0 1.5707963267948966
0 1.5707963267948966
0 1.5707963267948966
0 1.5707963267948966
0 1.5707963267948966
0 1.5707963267948966
0 1.5707963267948966
0 1.5707963267948966
0 1.5707963267948966
0 1.5707963267948966
0 1.5707963267948966
0 1.5707963267948966
0 1.5707963267948966
0 1.5707963267948966
0 1.5707963267948966
0 1.5707963267948966
0 1.5707963267948966
0 1.5707963267948966
0 1.5707963267948966
0 1.5707963267948966
0 1.5707963267948966
0 1.5707963267948966
0 1.5707963267948966
0 1.5707963267948966
0 1.5707963267948966
0 1.5707963267948966
0 1.5707963267948966
0 1.5707963267948966
0 1.5707963267948966
0 1.5707963267948966
0 1.5707963267948966
0 1.5707963267948966
0 1.5707963267948966
0 1.5707963267948966
0 1.5707963267948966
0 1.5707963267948966
0 1.5707963267948966
0 1.5707963267948966
0 1.5707963267948966
0 1.5707963267948966
0 1.5707963267948966
0 1.5707963267948966
0 1.5707963267948966
0 1.5707963267948966
0 1.5707963267948966
0 1.5707963267948966
0 1.5707963267948966
0 1.5707963267948966
0 1.5707963267948966
0 1.5707963267948966
0 1.5707963267948966
0 1.5707963267948966
0 1.5707963267948966
0 1.5707963267948966
0 1.5707963267948966
0 1.5707963267948966
0 1.5707963267948966
0 1.5707963267948966
0 1.5707963267948966
0 1.5707963267948966
0 1.5707963267948966
0 1.5707963267948966
0 1.5707963267948966
0 1.5707963267948966
0 1.5707963267948966
0 1.5707963267948966
0 1.5707963267948966
0 1.5707963267948966
0 1.5707963267948966
0 1.5707963267948966
0 1.5707963267948966
3.141592653589793 1.0471975511965979
3.1662325959708895 1.0471975511965979
3.190872538351986 1.0471975511965979
3.215512480733082 1.0471975511965979
3.240152423114179 1.0471975511965979
3.2647923654952753 1.0471975511965979
3.2894323078763716 1.0471975511965979
3.314072250257468 1.0471975511965979
3.3387121926385643 1.0471975511965979
3.3633521350196607 1.0471975511965979
3.3879920774007575 1.0471975511965979
3.412632019781854 1.0471975511965979
3.43727196216295 1.0471975511965979
3.4619119045440465 1.0471975511965979
3.486551846925143 1.0471975511965979
3.511191789306239 1.0471975511965979
3.5358317316873356 1.0471975511965979
3.5604716740684323 1.0471975511965979
3.5851116164495287 1.0471975511965979
3.609751558830625 1.0471975511965979
3.6343915012117214 1.0471975511965979
3.6590314435928177 1.0471975511965979
3.683671385973914 1.0471975511965979
3.708311328355011 1.0471975511965979
3.732951270736107 1.0471975511965979
3.7575912131172036 1.0471975511965979
3.7822311554983 1.0471975511965979
3.8068710978793963 1.0471975511965979
3.8315110402604926 1.0471975511965979
3.856150982641589 1.0471975511965979
3.8807909250226853 1.0471975511965979
3.905430867403782 1.0471975511965979
3.9300708097848784 1.0471975511965979
3.954710752165975 1.0471975511965979
3.9793506945470716 1.0471975511965979
4.003990636928168 1.0471975511965979
4.028630579309264 1.0471975511965979
4.053270521690361 1.0471975511965979
4.077910464071457 1.0471975511965979
4.102550406452553 1.0471975511965979
4.12719034883365 1.0471975511965979
4.151830291214746 1.0471975511965979
4.176470233595842 1.0471975511965979
4.201110175976939 1.0471975511965979
4.225750118358035 1.0471975511965979
4.250390060739132 1.0471975511965979
4.275030003120229 1.0471975511965979
4.299669945501325 1.0471975511965979
4.324309887882421 1.0471975511965979
4.348949830263518 1.0471975511965979
4.373589772644614 1.0471975511965979
4.39822971502571 1.0471975511965979
4.422869657406807 1.0471975511965979
4.447509599787903 1.0471975511965979
4.472149542168999 1.0471975511965979
4.496789484550096 1.0471975511965979
4.521429426931192 1.0471975511965979
4.546069369312288 1.0471975511965979
4.570709311693385 1.0471975511965979
4.595349254074481 1.0471975511965979
4.6199891964555775 1.0471975511965979
4.644629138836675 1.0471975511965979
4.669269081217771 1.0471975511965979
4.693909023598867 1.0471975511965979
4.718548965979964 1.0471975511965979
4.74318890836106 1.0471975511965979
4.7678288507421565 1.0471975511965979
4.792468793123253 1.0471975511965979
4.81710873550435 1.0471975511965979
4.841748677885446 1.0471975511965979
4.866388620266543 1.0471975511965979
4.891028562647639 1.0471975511965979
4.915668505028735 1.0471975511965979
4.940308447409832 1.0471975511965979
4.964948389790928 1.0471975511965979
4.9895883321720245 1.0471975511965979
5.014228274553121 1.0471975511965979
5.038868216934217 1.0471975511965979
5.0635081593153135 1.0471975511965979
5.08814810169641 1.0471975511965979
5.112788044077506 1.0471975511965979
5.1374279864586025 1.0471975511965979
5.162067928839699 1.0471975511965979
5.186707871220795 1.0471975511965979
5.211347813601892 1.0471975511965979
5.235987755982988 1.0471975511965979
5.260627698364084 1.0471975511965979
5.285267640745181 1.0471975511965979
5.309907583126277 1.0471975511965979
5.334547525507374 1.0471975511965979
5.359187467888471 1.0471975511965979
5.383827410269567 1.0471975511965979
5.408467352650663 1.0471975511965979
5.43310729503176 1.0471975511965979
5.457747237412856 1.0471975511965979
5.482387179793953 1.0471975511965979
5.5070271221750495 1.0471975511965979
5.531667064556146 1.0471975511965979
5.556307006937242 1.0471975511965979
5.580946949318339 1.0471975511965979
5.605586891699435 1.0471975511965979
5.630226834080531 1.0471975511965979
5.654866776461628 1.0471975511965979
5.679506718842724 1.0471975511965979
5.704146661223821 1.0471975511965979
5.728786603604917 1.0471975511965979
5.753426545986014 1.0471975511965979
5.778066488367109 1.0471975511965979
5.802706430748206 1.0471975511965979
5.827346373129302 1.0471975511965979
5.851986315510399 1.0471975511965979
5.876626257891496 1.0471975511965979
5.901266200272592 1.0471975511965979
5.925906142653688 1.0471975511965979
5.950546085034785 1.0471975511965979
5.975186027415881 1.0471975511965979
5.999825969796977 1.0471975511965979
6.024465912178074 1.0471975511965979
6.04910585455917 1.0471975511965979
6.073745796940266 1.0471975511965979
6.098385739321363 1.0471975511965979
6.12302568170246 1.0471975511965979
6.147665624083556 1.0471975511965979
6.172305566464653 1.0471975511965979
6.196945508845749 1.0471975511965979
6.221585451226845 1.0471975511965979
6.246225393607942 1.0471975511965979
6.270865335989038 1.0471975511965979
0.012319971190548173 1.0471975511965979
0.03695991357164451 1.0471975511965979
0.06159985595274087 1.0471975511965979
0.08623979833383766 1.0471975511965979
0.110879740714934 1.0471975511965979
0.13551968309603032 1.0471975511965979
0.1601596254771267 1.0471975511965979
0.18479956785822305 1.0471975511965979
0.20943951023931984 1.0471975511965979
0.23407945262041618 1.0471975511965979
0.2587193950015125 1.0471975511965979
0.2833593373826089 1.0471975511965979
0.3079992797637052 1.0471975511965979
0.33263922214480157 1.0471975511965979
0.35727916452589836 1.0471975511965979
0.3819191069069947 1.0471975511965979
0.40655904928809106 1.0471975511965979
0.4311989916691874 1.0471975511965979
0.45583893405028375 1.0471975511965979
0.48047887643138015 1.0471975511965979
0.5051188188124764 1.0471975511965979
0.5297587611935727 1.0471975511965979
0.5543987035746691 1.0471975511965979
0.5790386459557654 1.0471975511965979
0.6036785883368618 1.0471975511965979
0.6283185307179586 1.0471975511965979
0.6529584730990549 1.0471975511965979
0.6775984154801513 1.0471975511965979
0.7022383578612477 1.0471975511965979
0.726878300242344 1.0471975511965979
0.7515182426234408 1.0471975511965979
0.7761581850045371 1.0471975511965979
0.8007981273856335 1.0471975511965979
0.82543806976673 1.0471975511965979
0.8500780121478262 1.0471975511965979
0.874717954528923 1.0471975511965979
0.8993578969100184 1.0471975511965979
0.9239978392911148 1.0471975511965979
0.948637781672212 1.0471975511965979
0.9732777240533084 1.0471975511965979
0.9979176664344047 1.0471975511965979
1.022557608815501 1.0471975511965979
1.0471975511965974 1.0471975511965979
1.0718374935776938 1.0471975511965979
1.09647743595879 1.0471975511965979
1.1211173783398865 1.0471975511965979
1.1457573207209828 1.0471975511965979
1.1703972631020791 1.0471975511965979
1.1950372054831755 1.0471975511965979
1.2196771478642727 1.0471975511965979
1.244317090245369 1.0471975511965979
1.2689570326264654 1.0471975511965979
1.2935969750075618 1.0471975511965979
1.3182369173886581 1.0471975511965979
1.3428768597697545 1.0471975511965979
1.3675168021508508 1.0471975511965979
1.3921567445319472 1.0471975511965979
1.4167966869130435 1.0471975511965979
1.4414366292941398 1.0471975511965979
1.466076571675237 1.0471975511965979
1.4907165140563334 1.0471975511965979
1.5153564564374298 1.0471975511965979
1.5399963988185261 1.0471975511965979
1.5646363411996225 1.0471975511965979
1.5892762835807188 1.0471975511965979
1.6139162259618152 1.0471975511965979
1.6385561683429115 1.0471975511965979
1.6631961107240079 1.0471975511965979
1.6878360531051042 1.0471975511965979
1.7124759954862006 1.0471975511965979
1.7371159378672978 1.0471975511965979
1.7617558802483941 1.0471975511965979
1.7863958226294905 1.0471975511965979
1.8110357650105868 1.0471975511965979
1.8356757073916832 1.0471975511965979
1.8603156497727795 1.0471975511965979
1.8849555921538759 1.0471975511965979
1.9095955345349722 1.0471975511965979
1.9342354769160686 1.0471975511965979
1.958875419297165 1.0471975511965979
1.9835153616782621 1.0471975511965979
2.0081553040593585 1.0471975511965979
2.032795246440455 1.0471975511965979
2.057435188821551 1.0471975511965979
2.0820751312026475 1.0471975511965979
2.106715073583744 1.0471975511965979
2.1313550159648402 1.0471975511965979
2.1559949583459366 1.0471975511965979
2.180634900727033 1.0471975511965979
2.2052748431081293 1.0471975511965979
2.2299147854892256 1.0471975511965979
2.254554727870323 1.0471975511965979
2.279194670251419 1.0471975511965979
2.3038346126325155 1.0471975511965979
2.328474555013612 1.0471975511965979
2.3531144973947082 1.0471975511965979
2.3777544397758046 1.0471975511965979
2.402394382156901 1.0471975511965979
2.4270343245379973 1.0471975511965979
2.4516742669190936 1.0471975511965979
2.47631420930019 1.0471975511965979
2.5009541516812854 1.0471975511965979
2.5255940940623827 1.0471975511965979
2.550234036443479 1.0471975511965979
2.5748739788245754 1.0471975511965979
2.5995139212056717 1.0471975511965979
2.624153863586768 1.0471975511965979
2.6487938059678644 1.0471975511965979
2.6734337483489607 1.0471975511965979
2.698073690730057 1.0471975511965979
2.7227136331111534 1.0471975511965979
2.74735357549225 1.0471975511965979
2.771993517873346 1.0471975511965979
2.7966334602544434 1.0471975511965979
2.8212734026355397 1.0471975511965979
2.845913345016636 1.0471975511965979
2.8705532873977324 1.0471975511965979
2.8951932297788288 1.0471975511965979
2.919833172159925 1.0471975511965979
2.9444731145410215 1.0471975511965979
2.969113056922118 1.0471975511965979
2.993752999303214 1.0471975511965979
3.0183929416843105 1.0471975511965979
3.0430328840654077 1.0471975511965979
3.067672826446504 1.0471975511965979
3.0923127688276004 1.0471975511965979
3.1169527112086968 1.0471975511965979
3.141592653589793 1.0471975511965979
3.141592653589793 0.523598775598299
3.1662325959708895 0.523598775598299
3.190872538351986 0.523598775598299
3.215512480733082 0.523598775598299
3.240152423114179 0.523598775598299
3.2647923654952753 0.523598775598299
3.2894323078763716 0.523598775598299
3.314072250257468 0.523598775598299
3.3387121926385643 0.523598775598299
3.3633521350196607 0.5235987755982991
3.3879920774007575 0.5235987755982991
3.412632019781854 0.523598775598299
3.43727196216295 0.523598775598299
3.4619119045440465 0.523598775598299
3.486551846925143 0.523598775598299
3.511191789306239 0.523598775598299
3.5358317316873356 0.523598775598299
3.5604716740684323 0.523598775598299
3.5851116164495287 0.523598775598299
3.609751558830625 0.523598775598299
3.6343915012117214 0.523598775598299
3.6590314435928177 0.523598775598299
3.683671385973914 0.523598775598299
3.708311328355011 0.523598775598299
3.732951270736107 0.5235987755982991
3.7575912131172036 0.523598775598299
3.7822311554983 0.523598775598299
3.8068710978793963 0.5235987755982991
3.8315110402604926 0.523598775598299
3.856150982641589 0.523598775598299
3.8807909250226853 0.523598775598299
3.905430867403782 0.523598775598299
3.9300708097848784 0.5235987755982991
3.954710752165975 0.5235987755982991
3.9793506945470716 0.523598775598299
4.003990636928168 0.523598775598299
4.028630579309264 0.523598775598299
4.053270521690361 0.523598775598299
4.077910464071457 0.523598775598299
4.102550406452553 0.5235987755982991
4.12719034883365 0.523598775598299
4.151830291214746 0.523598775598299
4.176470233595842 0.5235987755982991
4.201110175976939 0.523598775598299
4.225750118358035 0.523598775598299
4.250390060739132 0.5235987755982991
4.275030003120229 0.523598775598299
4.299669945501325 0.523598775598299
4.324309887882421 0.523598775598299
4.348949830263518 0.523598775598299
4.373589772644614 0.523598775598299
4.39822971502571 0.523598775598299
4.422869657406807 0.523598775598299
4.447509599787903 0.523598775598299
4.472149542168999 0.523598775598299
4.496789484550096 0.523598775598299
4.521429426931192 0.523598775598299
4.546069369312288 0.523598775598299
4.570709311693385 0.523598775598299
4.595349254074481 0.523598775598299
4.6199891964555775 0.523598775598299
4.644629138836675 0.523598775598299
4.669269081217771 0.523598775598299
4.693909023598867 0.523598775598299
4.718548965979964 0.523598775598299
4.74318890836106 0.523598775598299
4.7678288507421565 0.523598775598299
4.792468793123253 0.523598775598299
4.81710873550435 0.523598775598299
4.841748677885446 0.5235987755982991
4.866388620266543 0.523598775598299
4.891028562647639 0.523598775598299
4.915668505028735 0.523598775598299
4.940308447409832 0.523598775598299
4.964948389790928 0.523598775598299
4.9895883321720245 0.5235987755982991
5.014228274553121 0.523598775598299
5.038868216934217 0.5235987755982991
5.0635081593153135 0.5235987755982991
5.08814810169641 0.523598775598299
5.112788044077506 0.5235987755982991
5.1374279864586025 0.523598775598299
5.162067928839699 0.5235987755982991
5.186707871220795 0.5235987755982991
5.211347813601892 0.5235987755982991
5.235987755982988 0.523598775598299
5.260627698364084 0.5235987755982991
5.285267640745181 0.523598775598299
5.309907583126277 0.523598775598299
5.334547525507374 0.523598775598299
5.359187467888471 0.5235987755982991
5.383827410269567 0.5235987755982991
5.408467352650663 0.523598775598299
5.43310729503176 0.5235987755982991
5.457747237412856 0.523598775598299
5.482387179793952 0.523598775598299
5.5070271221750495 0.523598775598299
5.531667064556146 0.5235987755982991
5.556307006937242 0.523598775598299
5.580946949318339 0.523598775598299
5.605586891699435 0.523598775598299
5.630226834080531 0.523598775598299
5.654866776461628 0.523598775598299
5.679506718842724 0.523598775598299
5.704146661223821 0.5235987755982991
5.728786603604917 0.523598775598299
5.753426545986013 0.523598775598299
5.778066488367109 0.523598775598299
5.802706430748206 0.5235987755982991
5.827346373129302 0.523598775598299
5.851986315510399 0.523598775598299
5.876626257891496 0.523598775598299
5.901266200272592 0.523598775598299
5.925906142653688 0.5235987755982991
5.950546085034785 0.523598775598299
5.975186027415881 0.523598775598299
5.999825969796977 0.523598775598299
6.024465912178074 0.523598775598299
6.04910585455917 0.5235987755982991
6.073745796940266 0.523598775598299
6.098385739321363 0.5235987755982991
6.123025681702459 0.523598775598299
6.147665624083556 0.523598775598299
6.172305566464653 0.523598775598299
6.196945508845749 0.523598775598299
6.221585451226845 0.523598775598299
6.246225393607942 0.523598775598299
6.270865335989038 0.523598775598299
0.012319971190548173 0.523598775598299
0.03695991357164452 0.523598775598299
0.06159985595274087 0.523598775598299
0.08623979833383766 0.523598775598299
0.110879740714934 0.523598775598299
0.13551968309603035 0.523598775598299
0.16015962547712673 0.523598775598299
0.18479956785822307 0.5235987755982991
0.20943951023931984 0.523598775598299
0.2340794526204162 0.5235987755982991
0.25871939500151253 0.523598775598299
0.2833593373826089 0.523598775598299
0.3079992797637052 0.523598775598299
0.33263922214480157 0.523598775598299
0.3572791645258984 0.5235987755982991
0.3819191069069947 0.523598775598299
0.40655904928809106 0.523598775598299
0.4311989916691874 0.523598775598299
0.4558389340502838 0.523598775598299
0.48047887643138015 0.5235987755982991
0.5051188188124764 0.523598775598299
0.5297587611935728 0.523598775598299
0.5543987035746691 0.523598775598299
0.5790386459557654 0.5235987755982991
0.6036785883368618 0.523598775598299
0.6283185307179586 0.523598775598299
0.6529584730990549 0.523598775598299
0.6775984154801513 0.523598775598299
0.7022383578612477 0.523598775598299
0.726878300242344 0.523598775598299
0.7515182426234408 0.5235987755982991
0.7761581850045371 0.523598775598299
0.8007981273856336 0.523598775598299
0.82543806976673 0.523598775598299
0.8500780121478262 0.523598775598299
0.874717954528923 0.523598775598299
0.8993578969100184 0.5235987755982991
0.9239978392911147 0.523598775598299
0.948637781672212 0.523598775598299
0.9732777240533084 0.523598775598299
0.9979176664344047 0.523598775598299
1.022557608815501 0.5235987755982991
1.0471975511965974 0.523598775598299
1.0718374935776938 0.5235987755982991
1.09647743595879 0.523598775598299
1.1211173783398865 0.523598775598299
1.1457573207209828 0.523598775598299
1.1703972631020791 0.5235987755982991
1.1950372054831755 0.5235987755982991
1.2196771478642727 0.5235987755982991
1.244317090245369 0.5235987755982991
1.2689570326264654 0.523598775598299
1.2935969750075618 0.523598775598299
1.3182369173886581 0.523598775598299
1.3428768597697545 0.5235987755982991
1.3675168021508508 0.523598775598299
1.3921567445319472 0.5235987755982991
1.4167966869130435 0.523598775598299
1.4414366292941398 0.523598775598299
1.466076571675237 0.523598775598299
1.4907165140563334 0.523598775598299
1.5153564564374298 0.523598775598299
1.5399963988185261 0.523598775598299
1.5646363411996225 0.523598775598299
1.5892762835807188 0.523598775598299
1.6139162259618152 0.523598775598299
1.6385561683429115 0.523598775598299
1.6631961107240079 0.523598775598299
1.6878360531051042 0.523598775598299
1.7124759954862006 0.523598775598299
1.7371159378672978 0.5235987755982991
1.7617558802483941 0.5235987755982991
1.7863958226294905 0.523598775598299
1.8110357650105868 0.523598775598299
1.8356757073916832 0.523598775598299
1.8603156497727795 0.523598775598299
1.8849555921538759 0.523598775598299
1.9095955345349722 0.523598775598299
1.9342354769160686 0.523598775598299
1.958875419297165 0.523598775598299
1.9835153616782621 0.5235987755982991
2.0081553040593585 0.523598775598299
2.032795246440455 0.5235987755982991
2.057435188821551 0.523598775598299
2.0820751312026475 0.523598775598299
2.106715073583744 0.5235987755982991
2.1313550159648402 0.523598775598299
2.1559949583459366 0.523598775598299
2.180634900727033 0.5235987755982991
2.2052748431081293 0.523598775598299
2.2299147854892256 0.523598775598299
2.254554727870323 0.523598775598299
2.279194670251419 0.523598775598299
2.3038346126325155 0.523598775598299
2.328474555013612 0.523598775598299
2.3531144973947082 0.5235987755982991
2.3777544397758046 0.523598775598299
2.402394382156901 0.523598775598299
2.4270343245379973 0.523598775598299
2.4516742669190936 0.523598775598299
2.47631420930019 0.5235987755982991
2.5009541516812854 0.523598775598299
2.5255940940623827 0.523598775598299
2.550234036443479 0.5235987755982991
2.5748739788245754 0.523598775598299
2.5995139212056717 0.523598775598299
2.624153863586768 0.523598775598299
2.6487938059678644 0.523598775598299
2.6734337483489607 0.5235987755982991
2.698073690730057 0.523598775598299
2.7227136331111534 0.523598775598299
2.74735357549225 0.523598775598299
2.771993517873346 0.5235987755982991
2.7966334602544434 0.523598775598299
2.8212734026355397 0.523598775598299
2.845913345016636 0.523598775598299
2.8705532873977324 0.523598775598299
2.8951932297788288 0.5235987755982991
2.919833172159925 0.523598775598299
2.9444731145410215 0.523598775598299
2.969113056922118 0.523598775598299
2.993752999303214 0.5235987755982991
3.0183929416843105 0.5235987755982991
3.0430328840654077 0.523598775598299
3.067672826446504 0.523598775598299
3.0923127688276004 0.523598775598299
3.1169527112086968 0.523598775598299
3.141592653589793 0.523598775598299
3.141592653589793 0.00000000000000006123233995736766
3.1662325959708895 0.00000000000000006123233995736766
3.190872538351986 0.00000000000000006123233995736766
3.215512480733082 0.00000000000000006123233995736767
3.240152423114179 0.00000000000000006123233995736766
3.2647923654952753 0.00000000000000006123233995736766
3.2894323078763716 0.00000000000000006123233995736766
3.314072250257468 0.00000000000000006123233995736766
3.3387121926385643 0.00000000000000006123233995736766
3.3633521350196607 0.00000000000000006123233995736767
3.3879920774007575 0.00000000000000006123233995736766
3.412632019781854 0.00000000000000006123233995736766
3.43727196216295 0.00000000000000006123233995736766
3.4619119045440465 0.00000000000000006123233995736767
3.486551846925143 0.00000000000000006123233995736766
3.511191789306239 0.00000000000000006123233995736766
3.5358317316873356 0.00000000000000006123233995736766
3.5604716740684323 0.00000000000000006123233995736766
3.5851116164495287 0.00000000000000006123233995736766
3.609751558830625 0.00000000000000006123233995736766
3.6343915012117214 0.00000000000000006123233995736766
3.6590314435928177 0.00000000000000006123233995736766
3.683671385973914 0.00000000000000006123233995736766
3.708311328355011 0.00000000000000006123233995736766
3.732951270736107 0.00000000000000006123233995736766
3.7575912131172036 0.00000000000000006123233995736766
3.7822311554983 0.00000000000000006123233995736766
3.8068710978793963 0.00000000000000006123233995736766
3.8315110402604926 0.00000000000000006123233995736766
3.856150982641589 0.00000000000000006123233995736766
3.8807909250226853 0.00000000000000006123233995736766
3.905430867403782 0.00000000000000006123233995736766
3.9300708097848784 0.00000000000000006123233995736766
3.954710752165975 0.00000000000000006123233995736766
3.9793506945470716 0.00000000000000006123233995736766
4.003990636928168 0.00000000000000006123233995736766
4.028630579309264 0.00000000000000006123233995736766
4.053270521690361 0.00000000000000006123233995736766
4.077910464071457 0.00000000000000006123233995736766
4.102550406452553 0.00000000000000006123233995736766
4.12719034883365 0.00000000000000006123233995736766
4.151830291214746 0.00000000000000006123233995736766
4.176470233595842 0.00000000000000006123233995736766
4.201110175976939 0.00000000000000006123233995736766
4.225750118358035 0.00000000000000006123233995736766
4.250390060739132 0.00000000000000006123233995736766
4.275030003120229 0.00000000000000006123233995736766
4.299669945501325 0.00000000000000006123233995736766
4.324309887882421 0.00000000000000006123233995736766
4.348949830263518 0.00000000000000006123233995736767
4.373589772644614 0.00000000000000006123233995736766
4.39822971502571 0.00000000000000006123233995736766
4.422869657406807 0.00000000000000006123233995736766
4.447509599787903 0.00000000000000006123233995736766
4.472149542168999 0.00000000000000006123233995736766
4.496789484550096 0.00000000000000006123233995736766
4.521429426931192 0.00000000000000006123233995736767
4.546069369312288 0.00000000000000006123233995736766
4.570709311693385 0.00000000000000006123233995736767
4.595349254074481 0.00000000000000006123233995736766
4.6199891964555775 0.00000000000000006123233995736767
4.644629138836675 0.00000000000000006123233995736766
4.669269081217771 0.00000000000000006123233995736767
4.693909023598867 0.00000000000000006123233995736766
4.718548965979964 0.00000000000000006123233995736767
4.74318890836106 0.00000000000000006123233995736766
4.7678288507421565 0.00000000000000006123233995736766
4.792468793123253 0.00000000000000006123233995736766
4.81710873550435 0.00000000000000006123233995736766
4.841748677885446 0.00000000000000006123233995736766
4.866388620266543 0.00000000000000006123233995736766
4.891028562647639 0.00000000000000006123233995736766
4.915668505028735 0.00000000000000006123233995736766
4.940308447409832 0.00000000000000006123233995736766
4.964948389790928 0.00000000000000006123233995736766
4.9895883321720245 0.00000000000000006123233995736767
5.014228274553121 0.00000000000000006123233995736766
5.038868216934217 0.00000000000000006123233995736767
5.0635081593153135 0.00000000000000006123233995736767
5.08814810169641 0.00000000000000006123233995736766
5.112788044077506 0.00000000000000006123233995736767
5.1374279864586025 0.00000000000000006123233995736766
5.162067928839699 0.00000000000000006123233995736767
5.186707871220795 0.00000000000000006123233995736766
5.211347813601892 0.00000000000000006123233995736767
5.235987755982988 0.00000000000000006123233995736766
5.260627698364084 0.00000000000000006123233995736766
5.285267640745181 0.00000000000000006123233995736767
5.309907583126277 0.00000000000000006123233995736767
5.334547525507374 0.00000000000000006123233995736766
5.359187467888471 0.00000000000000006123233995736766
5.383827410269567 0.00000000000000006123233995736767
5.408467352650663 0.00000000000000006123233995736766
5.43310729503176 0.00000000000000006123233995736766
5.457747237412856 0.00000000000000006123233995736766
5.482387179793953 0.00000000000000006123233995736767
5.5070271221750495 0.00000000000000006123233995736766
5.531667064556146 0.00000000000000006123233995736767
5.556307006937242 0.00000000000000006123233995736766
5.580946949318339 0.00000000000000006123233995736766
5.605586891699435 0.00000000000000006123233995736766
5.630226834080531 0.00000000000000006123233995736767
5.654866776461628 0.00000000000000006123233995736766
5.679506718842724 0.00000000000000006123233995736766
5.70414666122382 0.00000000000000006123233995736766
5.728786603604917 0.00000000000000006123233995736766
5.753426545986013 0.00000000000000006123233995736766
5.778066488367109 0.00000000000000006123233995736766
5.802706430748206 0.00000000000000006123233995736766
5.827346373129302 0.00000000000000006123233995736766
5.851986315510399 0.00000000000000006123233995736766
5.876626257891496 0.00000000000000006123233995736766
5.901266200272592 0.00000000000000006123233995736766
5.925906142653688 0.00000000000000006123233995736767
5.950546085034785 0.00000000000000006123233995736766
5.975186027415881 0.00000000000000006123233995736766
5.999825969796977 0.00000000000000006123233995736767
6.024465912178074 0.00000000000000006123233995736766
6.04910585455917 0.00000000000000006123233995736766
6.073745796940266 0.00000000000000006123233995736766
6.098385739321363 0.00000000000000006123233995736766
6.12302568170246 0.00000000000000006123233995736766
6.147665624083556 0.00000000000000006123233995736766
6.172305566464653 0.00000000000000006123233995736766
6.196945508845749 0.00000000000000006123233995736767
6.221585451226845 0.00000000000000006123233995736766
6.246225393607942 0.00000000000000006123233995736766
6.270865335989038 0.00000000000000006123233995736766
0.012319971190548173 0.00000000000000006123233995736766
0.03695991357164452 0.00000000000000006123233995736766
0.06159985595274087 0.00000000000000006123233995736766
0.08623979833383766 0.00000000000000006123233995736767
0.110879740714934 0.00000000000000006123233995736766
0.13551968309603035 0.00000000000000006123233995736766
0.1601596254771267 0.00000000000000006123233995736766
0.18479956785822305 0.00000000000000006123233995736766
0.20943951023931984 0.00000000000000006123233995736766
0.23407945262041618 0.00000000000000006123233995736766
0.25871939500151253 0.00000000000000006123233995736766
0.2833593373826089 0.00000000000000006123233995736767
0.3079992797637052 0.00000000000000006123233995736766
0.33263922214480157 0.00000000000000006123233995736766
0.35727916452589836 0.00000000000000006123233995736766
0.3819191069069947 0.00000000000000006123233995736766
0.40655904928809106 0.00000000000000006123233995736766
0.4311989916691874 0.00000000000000006123233995736766
0.45583893405028375 0.00000000000000006123233995736766
0.48047887643138015 0.00000000000000006123233995736766
0.5051188188124764 0.00000000000000006123233995736766
0.5297587611935728 0.00000000000000006123233995736766
0.5543987035746691 0.00000000000000006123233995736766
0.5790386459557655 0.00000000000000006123233995736766
0.6036785883368618 0.00000000000000006123233995736767
0.6283185307179586 0.00000000000000006123233995736766
0.652958473099055 0.00000000000000006123233995736767
0.6775984154801513 0.00000000000000006123233995736766
0.7022383578612477 0.00000000000000006123233995736766
0.726878300242344 0.00000000000000006123233995736766
0.7515182426234408 0.00000000000000006123233995736767
0.7761581850045371 0.00000000000000006123233995736766
0.8007981273856335 0.00000000000000006123233995736767
0.82543806976673 0.00000000000000006123233995736766
0.8500780121478262 0.00000000000000006123233995736767
0.874717954528923 0.00000000000000006123233995736766
0.8993578969100183 0.00000000000000006123233995736766
0.9239978392911148 0.00000000000000006123233995736766
0.948637781672212 0.00000000000000006123233995736766
0.9732777240533084 0.00000000000000006123233995736766
0.9979176664344047 0.00000000000000006123233995736766
1.022557608815501 0.00000000000000006123233995736767
1.0471975511965974 0.00000000000000006123233995736766
1.0718374935776938 0.00000000000000006123233995736766
1.09647743595879 0.00000000000000006123233995736766
1.1211173783398865 0.00000000000000006123233995736766
1.1457573207209828 0.00000000000000006123233995736766
1.1703972631020791 0.00000000000000006123233995736766
1.1950372054831755 0.00000000000000006123233995736766
1.2196771478642727 0.00000000000000006123233995736767
1.244317090245369 0.00000000000000006123233995736767
1.2689570326264654 0.00000000000000006123233995736766
1.2935969750075618 0.00000000000000006123233995736766
1.3182369173886581 0.00000000000000006123233995736766
1.3428768597697545 0.00000000000000006123233995736766
1.3675168021508508 0.00000000000000006123233995736767
1.3921567445319472 0.00000000000000006123233995736766
1.4167966869130435 0.00000000000000006123233995736766
1.4414366292941398 0.00000000000000006123233995736767
1.466076571675237 0.00000000000000006123233995736766
1.4907165140563334 0.00000000000000006123233995736766
1.5153564564374298 0.00000000000000006123233995736766
1.5399963988185261 0.00000000000000006123233995736766
1.5646363411996225 0.00000000000000006123233995736767
1.5892762835807188 0.00000000000000006123233995736766
1.6139162259618152 0.00000000000000006123233995736767
1.6385561683429115 0.00000000000000006123233995736766
1.6631961107240079 0.00000000000000006123233995736766
1.6878360531051042 0.00000000000000006123233995736766
1.7124759954862006 0.00000000000000006123233995736766
1.7371159378672978 0.00000000000000006123233995736767
1.7617558802483941 0.00000000000000006123233995736767
1.7863958226294905 0.00000000000000006123233995736766
1.8110357650105868 0.00000000000000006123233995736766
1.8356757073916832 0.00000000000000006123233995736767
1.8603156497727795 0.00000000000000006123233995736767
1.8849555921538759 0.00000000000000006123233995736766
1.9095955345349722 0.00000000000000006123233995736766
1.9342354769160686 0.00000000000000006123233995736766
1.958875419297165 0.00000000000000006123233995736766
1.9835153616782621 0.00000000000000006123233995736766
2.0081553040593585 0.00000000000000006123233995736767
2.032795246440455 0.00000000000000006123233995736766
2.057435188821551 0.00000000000000006123233995736766
2.0820751312026475 0.00000000000000006123233995736766
2.106715073583744 0.00000000000000006123233995736766
2.1313550159648402 0.00000000000000006123233995736766
2.1559949583459366 0.00000000000000006123233995736766
2.180634900727033 0.00000000000000006123233995736766
2.2052748431081293 0.00000000000000006123233995736766
2.2299147854892256 0.00000000000000006123233995736766
2.254554727870323 0.00000000000000006123233995736766
2.279194670251419 0.00000000000000006123233995736766
2.3038346126325155 0.00000000000000006123233995736766
2.328474555013612 0.00000000000000006123233995736766
2.3531144973947082 0.00000000000000006123233995736766
2.3777544397758046 0.00000000000000006123233995736766
2.402394382156901 0.00000000000000006123233995736766
2.4270343245379973 0.00000000000000006123233995736766
2.4516742669190936 0.00000000000000006123233995736766
2.47631420930019 0.00000000000000006123233995736766
2.5009541516812854 0.00000000000000006123233995736766
2.5255940940623827 0.00000000000000006123233995736766
2.550234036443479 0.00000000000000006123233995736766
2.5748739788245754 0.00000000000000006123233995736766
2.5995139212056717 0.00000000000000006123233995736766
2.624153863586768 0.00000000000000006123233995736766
2.6487938059678644 0.00000000000000006123233995736766
2.6734337483489607 0.00000000000000006123233995736766
2.698073690730057 0.00000000000000006123233995736766
2.7227136331111534 0.00000000000000006123233995736766
2.74735357549225 0.00000000000000006123233995736766
2.771993517873346 0.00000000000000006123233995736766
2.7966334602544434 0.00000000000000006123233995736766
2.8212734026355397 0.00000000000000006123233995736767
2.845913345016636 0.00000000000000006123233995736766
2.8705532873977324 0.00000000000000006123233995736766
2.8951932297788288 0.00000000000000006123233995736766
2.919833172159925 0.00000000000000006123233995736766
2.9444731145410215 0.00000000000000006123233995736767
2.969113056922118 0.00000000000000006123233995736766
2.993752999303214 0.00000000000000006123233995736766
3.0183929416843105 0.00000000000000006123233995736767
3.0430328840654077 0.00000000000000006123233995736766
3.067672826446504 0.00000000000000006123233995736767
3.0923127688276004 0.00000000000000006123233995736766
3.1169527112086968 0.00000000000000006123233995736766
3.141592653589793 0.00000000000000006123233995736766
3.141592653589793 -0.5235987755982987
3.1662325959708895 -0.5235987755982986
3.190872538351986 -0.5235987755982987
3.215512480733082 -0.5235987755982987
3.240152423114179 -0.5235987755982986
3.2647923654952753 -0.5235987755982987
3.2894323078763716 -0.5235987755982987
3.314072250257468 -0.5235987755982987
3.3387121926385643 -0.5235987755982987
3.3633521350196607 -0.5235987755982987
3.3879920774007575 -0.5235987755982987
3.412632019781854 -0.5235987755982986
3.43727196216295 -0.5235987755982987
3.4619119045440465 -0.5235987755982987
3.486551846925143 -0.5235987755982987
3.511191789306239 -0.5235987755982987
3.5358317316873356 -0.5235987755982986
3.5604716740684323 -0.5235987755982987
3.5851116164495287 -0.5235987755982986
3.609751558830625 -0.5235987755982987
3.6343915012117214 -0.5235987755982987
3.6590314435928177 -0.5235987755982986
3.683671385973914 -0.5235987755982986
3.708311328355011 -0.5235987755982987
3.732951270736107 -0.5235987755982987
3.7575912131172036 -0.5235987755982987
3.7822311554983 -0.5235987755982987
3.8068710978793963 -0.5235987755982987
3.8315110402604926 -0.5235987755982986
3.856150982641589 -0.5235987755982986
3.8807909250226853 -0.5235987755982986
3.905430867403782 -0.5235987755982987
3.9300708097848784 -0.5235987755982987
3.954710752165975 -0.5235987755982987
3.9793506945470716 -0.5235987755982987
4.003990636928168 -0.5235987755982986
4.028630579309264 -0.5235987755982987
4.053270521690361 -0.5235987755982986
4.077910464071457 -0.5235987755982986
4.102550406452553 -0.5235987755982986
4.12719034883365 -0.5235987755982987
4.151830291214746 -0.5235987755982986
4.176470233595842 -0.5235987755982987
4.201110175976939 -0.5235987755982986
4.225750118358035 -0.5235987755982987
4.250390060739132 -0.5235987755982987
4.275030003120229 -0.5235987755982987
4.299669945501325 -0.5235987755982987
4.324309887882421 -0.5235987755982986
4.348949830263518 -0.5235987755982987
4.373589772644614 -0.5235987755982987
4.39822971502571 -0.5235987755982986
4.422869657406807 -0.5235987755982986
4.447509599787903 -0.5235987755982986
4.472149542168999 -0.5235987755982987
4.496789484550096 -0.5235987755982986
4.521429426931192 -0.5235987755982987
4.546069369312288 -0.5235987755982986
4.570709311693385 -0.5235987755982987
4.595349254074481 -0.5235987755982986
4.6199891964555775 -0.5235987755982987
4.644629138836675 -0.5235987755982986
4.669269081217771 -0.5235987755982987
4.693909023598867 -0.5235987755982986
4.718548965979964 -0.5235987755982987
4.74318890836106 -0.5235987755982986
4.7678288507421565 -0.5235987755982987
4.792468793123253 -0.5235987755982987
4.81710873550435 -0.5235987755982987
4.841748677885446 -0.5235987755982987
4.866388620266543 -0.5235987755982987
4.891028562647639 -0.5235987755982986
4.915668505028735 -0.5235987755982986
4.940308447409832 -0.5235987755982987
4.964948389790928 -0.5235987755982986
4.9895883321720245 -0.5235987755982987
5.014228274553121 -0.5235987755982986
5.038868216934217 -0.5235987755982987
5.0635081593153135 -0.5235987755982987
5.08814810169641 -0.5235987755982987
5.112788044077506 -0.5235987755982987
5.1374279864586025 -0.5235987755982986
5.162067928839699 -0.5235987755982987
5.186707871220795 -0.5235987755982987
5.211347813601892 -0.5235987755982987
5.235987755982988 -0.5235987755982987
5.260627698364084 -0.5235987755982987
5.285267640745181 -0.5235987755982987
5.309907583126277 -0.5235987755982987
5.334547525507374 -0.5235987755982986
5.359187467888471 -0.5235987755982987
5.383827410269567 -0.5235987755982987
5.408467352650663 -0.5235987755982987
5.43310729503176 -0.5235987755982986
5.457747237412856 -0.5235987755982986
5.482387179793953 -0.5235987755982987
5.5070271221750495 -0.5235987755982986
5.531667064556146 -0.5235987755982987
5.556307006937242 -0.5235987755982987
5.580946949318339 -0.5235987755982987
5.605586891699435 -0.5235987755982986
5.630226834080531 -0.5235987755982987
5.654866776461628 -0.5235987755982987
5.679506718842724 -0.5235987755982987
5.704146661223821 -0.5235987755982987
5.728786603604917 -0.5235987755982986
5.753426545986013 -0.5235987755982987
5.778066488367109 -0.5235987755982986
5.802706430748206 -0.5235987755982987
5.827346373129302 -0.5235987755982987
5.851986315510399 -0.5235987755982986
5.876626257891496 -0.5235987755982987
5.901266200272592 -0.5235987755982987
5.925906142653688 -0.5235987755982987
5.950546085034785 -0.5235987755982987
5.975186027415881 -0.5235987755982987
5.999825969796977 -0.5235987755982987
6.024465912178074 -0.5235987755982986
6.04910585455917 -0.5235987755982987
6.073745796940266 -0.5235987755982986
6.098385739321363 -0.5235987755982987
6.12302568170246 -0.5235987755982987
6.147665624083556 -0.5235987755982987
6.172305566464653 -0.5235987755982987
6.196945508845749 -0.5235987755982987
6.221585451226845 -0.5235987755982986
6.246225393607942 -0.5235987755982986
6.270865335989038 -0.5235987755982986
0.012319971190548173 -0.5235987755982986
0.03695991357164451 -0.5235987755982986
0.06159985595274087 -0.5235987755982986
0.08623979833383766 -0.5235987755982987
0.110879740714934 -0.5235987755982987
0.13551968309603035 -0.5235987755982987
0.1601596254771267 -0.5235987755982987
0.18479956785822305 -0.5235987755982987
0.2094395102393198 -0.5235987755982986
0.2340794526204162 -0.5235987755982987
0.25871939500151253 -0.5235987755982986
0.2833593373826089 -0.5235987755982987
0.3079992797637053 -0.5235987755982987
0.33263922214480157 -0.5235987755982987
0.35727916452589836 -0.5235987755982987
0.3819191069069947 -0.5235987755982987
0.406559049288091 -0.5235987755982987
0.4311989916691874 -0.5235987755982987
0.45583893405028375 -0.5235987755982987
0.48047887643138015 -0.5235987755982987
0.5051188188124764 -0.5235987755982986
0.5297587611935728 -0.5235987755982987
0.5543987035746691 -0.5235987755982986
0.5790386459557654 -0.5235987755982987
0.6036785883368618 -0.5235987755982987
0.6283185307179586 -0.5235987755982987
0.652958473099055 -0.5235987755982987
0.6775984154801513 -0.5235987755982986
0.7022383578612476 -0.5235987755982987
0.726878300242344 -0.5235987755982987
0.7515182426234408 -0.5235987755982987
0.7761581850045371 -0.5235987755982986
0.8007981273856335 -0.5235987755982987
0.82543806976673 -0.5235987755982986
0.8500780121478262 -0.5235987755982987
0.8747179545289231 -0.5235987755982987
0.8993578969100184 -0.5235987755982987
0.9239978392911148 -0.5235987755982987
0.9486377816722121 -0.5235987755982986
0.9732777240533084 -0.5235987755982986
0.9979176664344047 -0.5235987755982986
1.022557608815501 -0.5235987755982987
1.0471975511965974 -0.5235987755982986
1.0718374935776938 -0.5235987755982987
1.09647743595879 -0.5235987755982987
1.1211173783398865 -0.5235987755982987
1.1457573207209828 -0.5235987755982987
1.1703972631020791 -0.5235987755982987
1.1950372054831755 -0.5235987755982987
1.2196771478642727 -0.5235987755982987
1.244317090245369 -0.5235987755982987
1.2689570326264654 -0.5235987755982987
1.2935969750075618 -0.5235987755982987
1.3182369173886581 -0.5235987755982987
1.3428768597697545 -0.5235987755982987
1.3675168021508508 -0.5235987755982987
1.3921567445319472 -0.5235987755982987
1.4167966869130435 -0.5235987755982987
1.4414366292941398 -0.5235987755982987
1.466076571675237 -0.5235987755982986
1.4907165140563334 -0.5235987755982987
1.5153564564374298 -0.5235987755982987
1.5399963988185261 -0.5235987755982986
1.5646363411996225 -0.5235987755982987
1.5892762835807188 -0.5235987755982986
1.6139162259618152 -0.5235987755982987
1.6385561683429115 -0.5235987755982987
1.6631961107240079 -0.5235987755982986
1.6878360531051042 -0.5235987755982986
1.7124759954862006 -0.5235987755982986
1.7371159378672978 -0.5235987755982987
1.7617558802483941 -0.5235987755982987
1.7863958226294905 -0.5235987755982987
1.8110357650105868 -0.5235987755982987
1.8356757073916832 -0.5235987755982987
1.8603156497727795 -0.5235987755982987
1.8849555921538759 -0.5235987755982986
1.9095955345349722 -0.5235987755982987
1.9342354769160686 -0.5235987755982987
1.958875419297165 -0.5235987755982986
1.9835153616782621 -0.5235987755982987
2.0081553040593585 -0.5235987755982987
2.032795246440455 -0.5235987755982987
2.057435188821551 -0.5235987755982987
2.0820751312026475 -0.5235987755982986
2.106715073583744 -0.5235987755982987
2.1313550159648402 -0.5235987755982986
2.1559949583459366 -0.5235987755982987
2.180634900727033 -0.5235987755982986
2.2052748431081293 -0.5235987755982986
2.2299147854892256 -0.5235987755982986
2.254554727870323 -0.5235987755982986
2.279194670251419 -0.5235987755982987
2.3038346126325155 -0.5235987755982986
2.328474555013612 -0.5235987755982987
2.3531144973947082 -0.5235987755982987
2.3777544397758046 -0.5235987755982986
2.402394382156901 -0.5235987755982986
2.4270343245379973 -0.5235987755982986
2.4516742669190936 -0.5235987755982986
2.47631420930019 -0.5235987755982987
2.5009541516812854 -0.5235987755982987
2.5255940940623827 -0.5235987755982987
2.550234036443479 -0.5235987755982987
2.5748739788245754 -0.5235987755982987
2.5995139212056717 -0.5235987755982986
2.624153863586768 -0.5235987755982987
2.6487938059678644 -0.5235987755982987
2.6734337483489607 -0.5235987755982987
2.698073690730057 -0.5235987755982987
2.7227136331111534 -0.5235987755982986
2.74735357549225 -0.5235987755982987
2.771993517873346 -0.5235987755982987
2.7966334602544434 -0.5235987755982987
2.8212734026355397 -0.5235987755982987
2.845913345016636 -0.5235987755982987
2.8705532873977324 -0.5235987755982986
2.8951932297788288 -0.5235987755982987
2.919833172159925 -0.5235987755982986
2.9444731145410215 -0.5235987755982987
2.969113056922118 -0.5235987755982987
2.993752999303214 -0.5235987755982987
3.0183929416843105 -0.5235987755982987
3.0430328840654077 -0.5235987755982986
3.067672826446504 -0.5235987755982987
3.0923127688276004 -0.5235987755982987
3.1169527112086968 -0.5235987755982986
3.141592653589793 -0.5235987755982987
3.141592653589793 -1.0471975511965974
3.1662325959708895 -1.0471975511965974
3.190872538351986 -1.0471975511965974
3.215512480733082 -1.0471975511965974
3.240152423114179 -1.0471975511965974
3.2647923654952753 -1.0471975511965974
3.2894323078763716 -1.0471975511965974
3.314072250257468 -1.0471975511965974
3.3387121926385643 -1.0471975511965974
3.3633521350196607 -1.0471975511965974
3.3879920774007575 -1.0471975511965974
3.412632019781854 -1.0471975511965974
3.43727196216295 -1.0471975511965974
3.4619119045440465 -1.0471975511965974
3.486551846925143 -1.0471975511965974
3.511191789306239 -1.0471975511965974
3.5358317316873356 -1.0471975511965974
3.5604716740684323 -1.0471975511965974
3.5851116164495287 -1.0471975511965974
3.609751558830625 -1.0471975511965974
3.6343915012117214 -1.0471975511965974
3.6590314435928177 -1.0471975511965974
3.683671385973914 -1.0471975511965974
3.708311328355011 -1.0471975511965974
3.732951270736107 -1.0471975511965974
3.7575912131172036 -1.0471975511965974
3.7822311554983 -1.0471975511965974
3.8068710978793963 -1.0471975511965974
3.8315110402604926 -1.0471975511965974
3.856150982641589 -1.0471975511965974
3.8807909250226853 -1.0471975511965974
3.905430867403782 -1.0471975511965974
3.9300708097848784 -1.0471975511965974
3.954710752165975 -1.0471975511965974
3.9793506945470716 -1.0471975511965974
4.003990636928168 -1.0471975511965974
4.028630579309264 -1.0471975511965974
4.053270521690361 -1.0471975511965974
4.077910464071457 -1.0471975511965974
4.102550406452553 -1.0471975511965974
4.12719034883365 -1.0471975511965974
4.151830291214746 -1.0471975511965974
4.176470233595842 -1.0471975511965974
4.201110175976939 -1.0471975511965974
4.225750118358035 -1.0471975511965974
4.250390060739132 -1.0471975511965974
4.275030003120229 -1.0471975511965974
4.299669945501325 -1.0471975511965974
4.324309887882421 -1.0471975511965974
4.348949830263518 -1.0471975511965974
4.373589772644614 -1.0471975511965974
4.39822971502571 -1.0471975511965974
4.422869657406807 -1.0471975511965974
4.447509599787903 -1.0471975511965974
4.472149542168999 -1.0471975511965974
4.496789484550096 -1.0471975511965974
4.521429426931192 -1.0471975511965974
4.546069369312288 -1.0471975511965974
4.570709311693385 -1.0471975511965974
4.595349254074481 -1.0471975511965974
4.6199891964555775 -1.0471975511965974
4.644629138836675 -1.0471975511965974
4.669269081217771 -1.0471975511965974
4.693909023598867 -1.0471975511965974
4.718548965979964 -1.0471975511965974
4.74318890836106 -1.0471975511965974
4.7678288507421565 -1.0471975511965974
4.792468793123253 -1.0471975511965974
4.81710873550435 -1.0471975511965974
4.841748677885446 -1.0471975511965974
4.866388620266543 -1.0471975511965974
4.891028562647639 -1.0471975511965974
4.915668505028735 -1.0471975511965974
4.940308447409832 -1.0471975511965974
4.964948389790928 -1.0471975511965974
4.9895883321720245 -1.0471975511965974
5.014228274553121 -1.0471975511965974
5.038868216934217 -1.0471975511965974
5.0635081593153135 -1.0471975511965974
5.08814810169641 -1.0471975511965974
5.112788044077506 -1.0471975511965974
5.1374279864586025 -1.0471975511965974
5.162067928839699 -1.0471975511965974
5.186707871220795 -1.0471975511965974
5.211347813601892 -1.0471975511965974
5.235987755982988 -1.0471975511965974
5.260627698364084 -1.0471975511965974
5.285267640745181 -1.0471975511965974
5.309907583126277 -1.0471975511965974
5.334547525507374 -1.0471975511965974
5.359187467888471 -1.0471975511965974
5.383827410269567 -1.0471975511965974
5.408467352650663 -1.0471975511965974
5.43310729503176 -1.0471975511965974
5.457747237412857 -1.0471975511965974
5.482387179793953 -1.0471975511965974
5.5070271221750495 -1.0471975511965974
5.531667064556146 -1.0471975511965974
5.556307006937242 -1.0471975511965974
5.580946949318339 -1.0471975511965974
5.605586891699435 -1.0471975511965974
5.630226834080531 -1.0471975511965974
5.654866776461628 -1.0471975511965974
5.679506718842724 -1.0471975511965974
5.704146661223821 -1.0471975511965974
5.728786603604917 -1.0471975511965974
5.753426545986013 -1.0471975511965974
5.778066488367109 -1.0471975511965974
5.802706430748206 -1.0471975511965974
5.827346373129302 -1.0471975511965974
5.851986315510399 -1.0471975511965974
5.876626257891496 -1.0471975511965974
5.901266200272592 -1.0471975511965974
5.925906142653688 -1.0471975511965974
5.950546085034785 -1.0471975511965974
5.975186027415881 -1.0471975511965974
5.999825969796977 -1.0471975511965974
6.024465912178074 -1.0471975511965974
6.04910585455917 -1.0471975511965974
6.073745796940266 -1.0471975511965974
6.098385739321363 -1.0471975511965974
6.12302568170246 -1.0471975511965974
6.147665624083556 -1.0471975511965974
6.172305566464653 -1.0471975511965974
6.196945508845749 -1.0471975511965974
6.221585451226845 -1.0471975511965974
6.246225393607942 -1.0471975511965974
6.270865335989038 -1.0471975511965974
0.012319971190548173 -1.0471975511965974
0.03695991357164452 -1.0471975511965974
0.06159985595274087 -1.0471975511965974
0.08623979833383766 -1.0471975511965974
0.110879740714934 -1.0471975511965974
0.13551968309603035 -1.0471975511965974
0.1601596254771267 -1.0471975511965974
0.18479956785822305 -1.0471975511965974
0.20943951023931984 -1.0471975511965974
0.23407945262041618 -1.0471975511965974
0.25871939500151253 -1.0471975511965974
0.2833593373826089 -1.0471975511965974
0.3079992797637052 -1.0471975511965974
0.33263922214480157 -1.0471975511965974
0.35727916452589836 -1.0471975511965974
0.38191910690699465 -1.0471975511965974
0.40655904928809106 -1.0471975511965974
0.43119899166918746 -1.0471975511965974
0.45583893405028375 -1.0471975511965974
0.48047887643138015 -1.0471975511965974
0.5051188188124764 -1.0471975511965974
0.5297587611935728 -1.0471975511965974
0.5543987035746691 -1.0471975511965974
0.5790386459557654 -1.0471975511965974
0.6036785883368617 -1.0471975511965974
0.6283185307179586 -1.0471975511965974
0.652958473099055 -1.0471975511965974
0.6775984154801513 -1.0471975511965974
0.7022383578612477 -1.0471975511965974
0.726878300242344 -1.0471975511965974
0.7515182426234408 -1.0471975511965974
0.7761581850045371 -1.0471975511965974
0.8007981273856335 -1.0471975511965974
0.8254380697667298 -1.0471975511965974
0.8500780121478263 -1.0471975511965974
0.874717954528923 -1.0471975511965974
0.8993578969100183 -1.0471975511965974
0.9239978392911148 -1.0471975511965974
0.948637781672212 -1.0471975511965974
0.9732777240533084 -1.0471975511965974
0.9979176664344047 -1.0471975511965974
1.022557608815501 -1.0471975511965974
1.0471975511965974 -1.0471975511965974
1.0718374935776938 -1.0471975511965974
1.09647743595879 -1.0471975511965974
1.1211173783398865 -1.0471975511965974
1.1457573207209828 -1.0471975511965974
1.1703972631020791 -1.0471975511965974
1.1950372054831755 -1.0471975511965974
1.2196771478642727 -1.0471975511965974
1.244317090245369 -1.0471975511965974
1.2689570326264654 -1.0471975511965974
1.2935969750075618 -1.0471975511965974
1.3182369173886581 -1.0471975511965974
1.3428768597697545 -1.0471975511965974
1.3675168021508508 -1.0471975511965974
1.3921567445319472 -1.0471975511965974
1.4167966869130435 -1.0471975511965974
1.4414366292941398 -1.0471975511965974
1.466076571675237 -1.0471975511965974
1.4907165140563334 -1.0471975511965974
1.5153564564374298 -1.0471975511965974
1.5399963988185261 -1.0471975511965974
1.5646363411996225 -1.0471975511965974
1.5892762835807188 -1.0471975511965974
1.6139162259618152 -1.0471975511965974
1.6385561683429115 -1.0471975511965974
1.6631961107240079 -1.0471975511965974
1.6878360531051042 -1.0471975511965974
1.7124759954862006 -1.0471975511965974
1.7371159378672978 -1.0471975511965974
1.7617558802483941 -1.0471975511965974
1.7863958226294905 -1.0471975511965974
1.8110357650105868 -1.0471975511965974
1.8356757073916832 -1.0471975511965974
1.8603156497727795 -1.0471975511965974
1.8849555921538759 -1.0471975511965974
1.9095955345349722 -1.0471975511965974
1.9342354769160686 -1.0471975511965974
1.958875419297165 -1.0471975511965974
1.9835153616782621 -1.0471975511965974
2.0081553040593585 -1.0471975511965974
2.032795246440455 -1.0471975511965974
2.057435188821551 -1.0471975511965974
2.0820751312026475 -1.0471975511965974
2.106715073583744 -1.0471975511965974
2.1313550159648402 -1.0471975511965974
2.1559949583459366 -1.0471975511965974
2.180634900727033 -1.0471975511965974
2.2052748431081293 -1.0471975511965974
2.2299147854892256 -1.0471975511965974
2.254554727870323 -1.0471975511965974
2.279194670251419 -1.0471975511965974
2.3038346126325155 -1.0471975511965974
2.328474555013612 -1.0471975511965974
2.3531144973947082 -1.0471975511965974
2.3777544397758046 -1.0471975511965974
2.402394382156901 -1.0471975511965974
2.4270343245379973 -1.0471975511965974
2.4516742669190936 -1.0471975511965974
2.47631420930019 -1.0471975511965974
2.5009541516812854 -1.0471975511965974
2.5255940940623827 -1.0471975511965974
2.550234036443479 -1.0471975511965974
2.5748739788245754 -1.0471975511965974
2.5995139212056717 -1.0471975511965974
2.624153863586768 -1.0471975511965974
2.6487938059678644 -1.0471975511965974
2.6734337483489607 -1.0471975511965974
2.698073690730057 -1.0471975511965974
2.7227136331111534 -1.0471975511965974
2.74735357549225 -1.0471975511965974
2.771993517873346 -1.0471975511965974
2.7966334602544434 -1.0471975511965974
2.8212734026355397 -1.0471975511965974
2.845913345016636 -1.0471975511965974
2.8705532873977324 -1.0471975511965974
2.8951932297788288 -1.0471975511965974
2.919833172159925 -1.0471975511965974
2.9444731145410215 -1.0471975511965974
2.969113056922118 -1.0471975511965974
2.993752999303214 -1.0471975511965974
3.0183929416843105 -1.0471975511965974
3.0430328840654077 -1.0471975511965974
3.067672826446504 -1.0471975511965974
3.0923127688276004 -1.0471975511965974
3.1169527112086968 -1.0471975511965974
3.141592653589793 -1.0471975511965974
3.141592653589793 -1.5707963267948966
3.1662325959708895 -1.5707963267948966
3.190872538351986 -1.5707963267948966
3.215512480733082 -1.5707963267948966
3.240152423114179 -1.5707963267948966
3.2647923654952753 -1.5707963267948966
3.2894323078763716 -1.5707963267948966
3.314072250257468 -1.5707963267948966
3.3387121926385643 -1.5707963267948966
3.3633521350196607 -1.5707963267948966
3.3879920774007575 -1.5707963267948966
3.412632019781854 -1.5707963267948966
3.43727196216295 -1.5707963267948966
3.4619119045440465 -1.5707963267948966
3.486551846925143 -1.5707963267948966
3.511191789306239 -1.5707963267948966
3.5358317316873356 -1.5707963267948966
3.5604716740684323 -1.5707963267948966
3.5851116164495287 -1.5707963267948966
3.609751558830625 -1.5707963267948966
3.6343915012117214 -1.5707963267948966
3.6590314435928177 -1.5707963267948966
3.683671385973914 -1.5707963267948966
3.708311328355011 -1.5707963267948966
3.732951270736107 -1.5707963267948966
3.7575912131172036 -1.5707963267948966
3.7822311554983 -1.5707963267948966
3.8068710978793963 -1.5707963267948966
3.8315110402604926 -1.5707963267948966
3.856150982641589 -1.5707963267948966
3.8807909250226853 -1.5707963267948966
3.905430867403782 -1.5707963267948966
3.9300708097848784 -1.5707963267948966
3.954710752165975 -1.5707963267948966
3.9793506945470716 -1.5707963267948966
4.003990636928168 -1.5707963267948966
4.028630579309264 -1.5707963267948966
4.053270521690361 -1.5707963267948966
4.077910464071457 -1.5707963267948966
4.102550406452553 -1.5707963267948966
4.12719034883365 -1.5707963267948966
4.151830291214746 -1.5707963267948966
4.176470233595842 -1.5707963267948966
4.201110175976939 -1.5707963267948966
4.225750118358035 -1.5707963267948966
4.250390060739132 -1.5707963267948966
4.275030003120229 -1.5707963267948966
4.299669945501325 -1.5707963267948966
4.324309887882421 -1.5707963267948966
4.348949830263518 -1.5707963267948966
4.373589772644614 -1.5707963267948966
4.39822971502571 -1.5707963267948966
4.422869657406807 -1.5707963267948966
4.447509599787903 -1.5707963267948966
4.472149542168999 -1.5707963267948966
4.496789484550096 -1.5707963267948966
4.521429426931192 -1.5707963267948966
4.546069369312288 -1.5707963267948966
4.570709311693385 -1.5707963267948966
4.595349254074481 -1.5707963267948966
4.6199891964555775 -1.5707963267948966
4.644629138836675 -1.5707963267948966
4.669269081217771 -1.5707963267948966
4.693909023598867 -1.5707963267948966
4.718548965979964 -1.5707963267948966
4.74318890836106 -1.5707963267948966
4.7678288507421565 -1.5707963267948966
4.792468793123253 -1.5707963267948966
4.81710873550435 -1.5707963267948966
4.841748677885446 -1.5707963267948966
4.866388620266543 -1.5707963267948966
4.891028562647639 -1.5707963267948966
4.915668505028735 -1.5707963267948966
4.940308447409832 -1.5707963267948966
4.964948389790928 -1.5707963267948966
4.9895883321720245 -1.5707963267948966
5.014228274553121 -1.5707963267948966
5.038868216934217 -1.5707963267948966
5.0635081593153135 -1.5707963267948966
5.08814810169641 -1.5707963267948966
5.112788044077506 -1.5707963267948966
5.1374279864586025 -1.5707963267948966
5.162067928839699 -1.5707963267948966
5.186707871220795 -1.5707963267948966
5.211347813601892 -1.5707963267948966
5.235987755982988 -1.5707963267948966
5.260627698364084 -1.5707963267948966
5.285267640745181 -1.5707963267948966
5.309907583126277 -1.5707963267948966
5.334547525507374 -1.5707963267948966
5.359187467888471 -1.5707963267948966
5.383827410269567 -1.5707963267948966
5.408467352650663 -1.5707963267948966
5.43310729503176 -1.5707963267948966
5.457747237412857 -1.5707963267948966
5.482387179793953 -1.5707963267948966
5.5070271221750495 -1.5707963267948966
5.531667064556146 -1.5707963267948966
5.556307006937242 -1.5707963267948966
5.580946949318339 -1.5707963267948966
5.605586891699435 -1.5707963267948966
5.630226834080531 -1.5707963267948966
5.654866776461628 -1.5707963267948966
5.679506718842724 -1.5707963267948966
5.70414666122382 -1.5707963267948966
5.728786603604917 -1.5707963267948966
5.753426545986014 -1.5707963267948966
5.778066488367109 -1.5707963267948966
5.802706430748206 -1.5707963267948966
5.827346373129302 -1.5707963267948966
5.851986315510399 -1.5707963267948966
5.876626257891496 -1.5707963267948966
5.901266200272592 -1.5707963267948966
5.925906142653688 -1.5707963267948966
5.950546085034785 -1.5707963267948966
5.975186027415881 -1.5707963267948966
5.999825969796977 -1.5707963267948966
6.024465912178074 -1.5707963267948966
6.04910585455917 -1.5707963267948966
6.073745796940266 -1.5707963267948966
6.098385739321363 -1.5707963267948966
6.123025681702459 -1.5707963267948966
6.147665624083556 -1.5707963267948966
6.172305566464653 -1.5707963267948966
6.196945508845749 -1.5707963267948966
6.221585451226845 -1.5707963267948966
6.246225393607942 -1.5707963267948966
6.270865335989038 -1.5707963267948966
0.012319971190548175 -1.5707963267948966
0.03695991357164451 -1.5707963267948966
0.06159985595274086 -1.5707963267948966
0.08623979833383766 -1.5707963267948966
0.110879740714934 -1.5707963267948966
0.13551968309603035 -1.5707963267948966
0.16015962547712673 -1.5707963267948966
0.18479956785822305 -1.5707963267948966
0.20943951023931984 -1.5707963267948966
0.23407945262041618 -1.5707963267948966
0.25871939500151253 -1.5707963267948966
0.28335933738260893 -1.5707963267948966
0.3079992797637052 -1.5707963267948966
0.33263922214480157 -1.5707963267948966
0.35727916452589836 -1.5707963267948966
0.3819191069069947 -1.5707963267948966
0.40655904928809106 -1.5707963267948966
0.4311989916691874 -1.5707963267948966
0.4558389340502838 -1.5707963267948966
0.48047887643138015 -1.5707963267948966
0.5051188188124764 -1.5707963267948966
0.5297587611935727 -1.5707963267948966
0.5543987035746691 -1.5707963267948966
0.5790386459557655 -1.5707963267948966
0.6036785883368618 -1.5707963267948966
0.6283185307179586 -1.5707963267948966
0.6529584730990549 -1.5707963267948966
0.6775984154801513 -1.5707963267948966
0.7022383578612477 -1.5707963267948966
0.726878300242344 -1.5707963267948966
0.7515182426234408 -1.5707963267948966
0.776158185004537 -1.5707963267948966
0.8007981273856335 -1.5707963267948966
0.8254380697667298 -1.5707963267948966
0.8500780121478262 -1.5707963267948966
0.874717954528923 -1.5707963267948966
0.8993578969100183 -1.5707963267948966
0.9239978392911148 -1.5707963267948966
0.948637781672212 -1.5707963267948966
0.9732777240533083 -1.5707963267948966
0.9979176664344046 -1.5707963267948966
1.022557608815501 -1.5707963267948966
1.0471975511965974 -1.5707963267948966
1.0718374935776938 -1.5707963267948966
1.09647743595879 -1.5707963267948966
1.1211173783398865 -1.5707963267948966
1.1457573207209828 -1.5707963267948966
1.1703972631020791 -1.5707963267948966
1.1950372054831755 -1.5707963267948966
1.2196771478642727 -1.5707963267948966
1.244317090245369 -1.5707963267948966
1.2689570326264654 -1.5707963267948966
1.2935969750075618 -1.5707963267948966
1.3182369173886581 -1.5707963267948966
1.3428768597697545 -1.5707963267948966
1.3675168021508508 -1.5707963267948966
1.3921567445319472 -1.5707963267948966
1.4167966869130435 -1.5707963267948966
1.4414366292941398 -1.5707963267948966
1.466076571675237 -1.5707963267948966
1.4907165140563334 -1.5707963267948966
1.5153564564374298 -1.5707963267948966
1.5399963988185261 -1.5707963267948966
1.5646363411996225 -1.5707963267948966
1.5892762835807188 -1.5707963267948966
1.6139162259618152 -1.5707963267948966
1.6385561683429115 -1.5707963267948966
1.6631961107240079 -1.5707963267948966
1.6878360531051042 -1.5707963267948966
1.7124759954862006 -1.5707963267948966
1.7371159378672978 -1.5707963267948966
1.7617558802483941 -1.5707963267948966
1.7863958226294905 -1.5707963267948966
1.8110357650105868 -1.5707963267948966
1.8356757073916832 -1.5707963267948966
1.8603156497727795 -1.5707963267948966
1.8849555921538759 -1.5707963267948966
1.9095955345349722 -1.5707963267948966
1.9342354769160686 -1.5707963267948966
1.958875419297165 -1.5707963267948966
1.9835153616782621 -1.5707963267948966
2.0081553040593585 -1.5707963267948966
2.032795246440455 -1.5707963267948966
2.057435188821551 -1.5707963267948966
2.0820751312026475 -1.5707963267948966
2.106715073583744 -1.5707963267948966
2.1313550159648402 -1.5707963267948966
2.1559949583459366 -1.5707963267948966
2.180634900727033 -1.5707963267948966
2.2052748431081293 -1.5707963267948966
2.2299147854892256 -1.5707963267948966
2.254554727870323 -1.5707963267948966
2.279194670251419 -1.5707963267948966
2.3038346126325155 -1.5707963267948966
2.328474555013612 -1.5707963267948966
2.3531144973947082 -1.5707963267948966
2.3777544397758046 -1.5707963267948966
2.402394382156901 -1.5707963267948966
2.4270343245379973 -1.5707963267948966
2.4516742669190936 -1.5707963267948966
2.47631420930019 -1.5707963267948966
2.5009541516812854 -1.5707963267948966
2.5255940940623827 -1.5707963267948966
2.550234036443479 -1.5707963267948966
2.5748739788245754 -1.5707963267948966
2.5995139212056717 -1.5707963267948966
2.624153863586768 -1.5707963267948966
2.6487938059678644 -1.5707963267948966
2.6734337483489607 -1.5707963267948966
2.698073690730057 -1.5707963267948966
2.7227136331111534 -1.5707963267948966
2.74735357549225 -1.5707963267948966
2.771993517873346 -1.5707963267948966
2.7966334602544434 -1.5707963267948966
2.8212734026355397 -1.5707963267948966
2.845913345016636 -1.5707963267948966
2.8705532873977324 -1.5707963267948966
2.8951932297788288 -1.5707963267948966
2.919833172159925 -1.5707963267948966
2.9444731145410215 -1.5707963267948966
2.969113056922118 -1.5707963267948966
2.993752999303214 -1.5707963267948966
3.0183929416843105 -1.5707963267948966
3.0430328840654077 -1.5707963267948966
3.067672826446504 -1.5707963267948966
3.0923127688276004 -1.5707963267948966
3.1169527112086968 -1.5707963267948966
3.141592653589793 -1.5707963267948966
0 1.5707963267948966
3.141592653589793 1.5584763556043528
3.141592653589793 1.5461563844137995
3.141592653589793 1.5338364132232525
3.141592653589793 1.5215164420327045
3.141592653589793 1.509196470842156
3.141592653589793 1.4968764996516084
3.141592653589793 1.4845565284610598
3.141592653589793 1.472236557270511
3.141592653589793 1.4599165860799632
3.141592653589793 1.4475966148894144
3.141592653589793 1.4352766436988664
3.141592653589793 1.422956672508318
3.141592653589793 1.4106367013177699
3.141592653589793 1.398316730127222
3.141592653589793 1.3859967589366735
3.141592653589793 1.3736767877461251
3.141592653589793 1.3613568165555774
3.141592653589793 1.3490368453650292
3.141592653589793 1.3367168741744808
3.141592653589793 1.3243969029839324
3.141592653589793 1.312076931793384
3.141592653589793 1.2997569606028363
3.141592653589793 1.2874369894122881
3.141592653589793 1.2751170182217397
3.141592653589793 1.2627970470311916
3.141592653589793 1.2504770758406434
3.141592653589793 1.2381571046500952
3.141592653589793 1.2258371334595466
3.141592653589793 1.2135171622689989
3.141592653589793 1.2011971910784507
3.141592653589793 1.1888772198879023
3.141592653589793 1.176557248697354
3.141592653589793 1.1642372775068057
3.141592653589793 1.1519173063162578
3.141592653589793 1.1395973351257094
3.141592653589793 1.127277363935161
3.141592653589793 1.114957392744613
3.141592653589793 1.1026374215540646
3.141592653589793 1.0903174503635165
3.141592653589793 1.0779974791729683
3.141592653589793 1.0656775079824203
3.141592653589793 1.053357536791872
3.141592653589793 1.0410375656013238
3.141592653589793 1.0287175944107756
3.141592653589793 1.0163976232202274
3.141592653589793 1.004077652029679
3.141592653589793 0.991757680839131
3.141592653589793 0.9794377096485827
3.141592653589793 0.9671177384580345
3.141592653589793 0.9547977672674862
3.141592653589793 0.942477796076938
3.141592653589793 0.9301578248863897
3.141592653589793 0.9178378536958416
3.141592653589793 0.9055178825052933
3.141592653589793 0.8931979113147452
3.141592653589793 0.8808779401241968
3.141592653589793 0.8685579689336488
3.141592653589793 0.8562379977431005
3.141592653589793 0.8439180265525523
3.141592653589793 0.8315980553620043
3.141592653589793 0.8192780841714559
3.141592653589793 0.8069581129809078
3.141592653589793 0.7946381417903595
3.141592653589793 0.7823181705998115
3.141592653589793 0.7699981994092633
3.141592653589793 0.7576782282187148
3.141592653589793 0.7453582570281667
3.141592653589793 0.7330382858376184
3.141592653589793 0.7207183146470703
3.141592653589793 0.7083983434565221
3.141592653589793 0.6960783722659738
3.141592653589793 0.6837584010754255
3.141592653589793 0.6714384298848773
3.141592653589793 0.6591184586943294
3.141592653589793 0.6467984875037811
3.141592653589793 0.6344785163132329
3.141592653589793 0.6221585451226846
3.141592653589793 0.6098385739321366
3.141592653589793 0.5975186027415882
3.141592653589793 0.58519863155104
3.141592653589793 0.5728786603604918
3.141592653589793 0.5605586891699438
3.141592653589793 0.5482387179793954
3.141592653589793 0.5359187467888472
3.141592653589793 0.523598775598299
3.141592653589793 0.5112788044077509
3.141592653589793 0.4989588332172027
3.141592653589793 0.4866388620266545
3.141592653589793 0.47431889083610607
3.141592653589793 0.4619989196455579
3.141592653589793 0.4496789484550097
3.141592653589793 0.43735897726446155
3.141592653589793 0.42503900607391343
3.141592653589793 0.412719034883365
3.141592653589793 0.40039906369281686
3.141592653589793 0.38807909250226874
3.141592653589793 0.37575912131172046
3.141592653589793 0.3634391501211723
3.141592653589793 0.35111917893062394
3.141592653589793 0.3387992077400757
3.141592653589793 0.32647923654952765
3.141592653589793 0.3141592653589794
3.141592653589793 0.3018392941684312
3.141592653589793 0.2895193229778828
3.141592653589793 0.2771993517873347
3.141592653589793 0.2648793805967865
3.141592653589793 0.2525594094062383
3.141592653589793 0.2402394382156901
3.141592653589793 0.22791946702514193
3.141592653589793 0.2155994958345936
3.141592653589793 0.2032795246440454
3.141592653589793 0.1909595534534972
3.141592653589793 0.17863958226294901
3.141592653589793 0.16631961107240087
3.141592653589793 0.1539996398818527
3.141592653589793 0.1416796686913045
3.141592653589793 0.12935969750075632
3.141592653589793 0.11703972631020816
3.141592653589793 0.10471975511965999
3.141592653589793 0.09239978392911183
3.141592653589793 0.0800798127385634
3.141592653589793 0.06775984154801523
3.141592653589793 0.055439870357467065
3.141592653589793 0.0431198991669189
3.141592653589793 0.030799927976370715
3.141592653589793 0.018479956785822323
3.141592653589793 0.006159985595274148
3.141592653589793 -0.006159985595274026
3.141592653589793 -0.018479956785822198
3.141592653589793 -0.03079992797637037
3.141592653589793 -0.043119899166918774
3.141592653589793 -0.05543987035746694
3.141592653589793 -0.0677598415480151
3.141592653589793 -0.0800798127385633
3.141592653589793 -0.09239978392911147
3.141592653589793 -0.10471975511965988
3.141592653589793 -0.11703972631020804
3.141592653589793 -0.1293596975007562
3.141592653589793 -0.1416796686913044
3.141592653589793 -0.15399963988185256
3.141592653589793 -0.16631961107240073
3.141592653589793 -0.17863958226294913
3.141592653589793 -0.1909595534534973
3.141592653589793 -0.20327952464404547
3.141592653589793 -0.21559949583459365
3.141592653589793 -0.2279194670251418
3.141592653589793 -0.24023943821569
3.141592653589793 -0.25255940940623817
3.141592653589793 -0.26487938059678634
3.141592653589793 -0.2771993517873345
3.141592653589793 -0.2895193229778827
3.141592653589793 -0.30183929416843086
3.141592653589793 -0.31415926535897926
3.141592653589793 -0.32647923654952743
3.141592653589793 -0.3387992077400756
3.141592653589793 -0.3511191789306238
3.141592653589793 -0.36343915012117195
3.141592653589793 -0.37575912131172035
3.141592653589793 -0.3880790925022685
3.141592653589793 -0.4003990636928167
3.141592653589793 -0.41271903488336487
3.141592653589793 -0.425039006073913
3.141592653589793 -0.43735897726446143
3.141592653589793 -0.44967894845500916
3.141592653589793 -0.46199891964555734
3.141592653589793 -0.474318890836106
3.141592653589793 -0.48663886202665413
3.141592653589793 -0.4989588332172023
3.141592653589793 -0.5112788044077505
3.141592653589793 -0.5235987755982987
3.141592653589793 -0.5359187467888469
3.141592653589793 -0.5482387179793949
3.141592653589793 -0.5605586891699431
3.141592653589793 -0.5728786603604913
3.141592653589793 -0.5851986315510395
3.141592653589793 -0.5975186027415876
3.141592653589793 -0.6098385739321363
3.141592653589793 -0.6221585451226845
3.141592653589793 -0.6344785163132326
3.141592653589793 -0.6467984875037809
3.141592653589793 -0.659118458694329
3.141592653589793 -0.6714384298848772
3.141592653589793 -0.6837584010754253
3.141592653589793 -0.6960783722659735
3.141592653589793 -0.7083983434565216
3.141592653589793 -0.7207183146470699
3.141592653589793 -0.7330382858376184
3.141592653589793 -0.7453582570281667
3.141592653589793 -0.7576782282187148
3.141592653589793 -0.769998199409263
3.141592653589793 -0.7823181705998111
3.141592653589793 -0.7946381417903594
3.141592653589793 -0.8069581129809075
3.141592653589793 -0.8192780841714558
3.141592653589793 -0.8315980553620039
3.141592653589793 -0.843918026552552
3.141592653589793 -0.8562379977431002
3.141592653589793 -0.8685579689336488
3.141592653589793 -0.8808779401241971
3.141592653589793 -0.8931979113147452
3.141592653589793 -0.9055178825052933
3.141592653589793 -0.9178378536958416
3.141592653589793 -0.9301578248863897
3.141592653589793 -0.9424777960769378
3.141592653589793 -0.954797767267486
3.141592653589793 -0.9671177384580342
3.141592653589793 -0.9794377096485823
3.141592653589793 -0.9917576808391311
3.141592653589793 -1.004077652029679
3.141592653589793 -1.0163976232202274
3.141592653589793 -1.0287175944107756
3.141592653589793 -1.0410375656013238
3.141592653589793 -1.053357536791872
3.141592653589793 -1.0656775079824201
3.141592653589793 -1.0779974791729683
3.141592653589793 -1.0903174503635165
3.141592653589793 -1.1026374215540646
3.141592653589793 -1.1149573927446128
3.141592653589793 -1.1272773639351616
3.141592653589793 -1.1395973351257098
3.141592653589793 -1.1519173063162578
3.141592653589793 -1.1642372775068057
3.141592653589793 -1.1765572486973541
3.141592653589793 -1.1888772198879023
3.141592653589793 -1.2011971910784505
3.141592653589793 -1.2135171622689989
3.141592653589793 -1.2258371334595466
3.141592653589793 -1.2381571046500952
3.141592653589793 -1.250477075840643
3.141592653589793 -1.2627970470311916
3.141592653589793 -1.2751170182217393
3.141592653589793 -1.2874369894122877
3.141592653589793 -1.2997569606028359
3.141592653589793 -1.312076931793384
3.141592653589793 -1.324396902983932
3.141592653589793 -1.3367168741744804
3.141592653589793 -1.3490368453650288
3.141592653589793 -1.3613568165555767
3.141592653589793 -1.3736767877461251
3.141592653589793 -1.3859967589366728
3.141592653589793 -1.398316730127222
3.141592653589793 -1.4106367013177699
3.141592653589793 -1.422956672508318
3.141592653589793 -1.4352766436988664
3.141592653589793 -1.4475966148894144
3.141592653589793 -1.4599165860799623
3.141592653589793 -1.472236557270511
3.141592653589793 -1.4845565284610587
3.141592653589793 -1.496876499651607
3.141592653589793 -1.509196470842156
3.141592653589793 -1.5215164420327045
3.141592653589793 -1.5338364132232525
3.141592653589793 -1.5461563844137995
3.141592653589793 -1.5584763556043528
3.141592653589793 -1.5707963267948966
0 1.5707963267948966
3.665191429188092 1.5584763556043528
3.665191429188092 1.5461563844137995
3.665191429188092 1.5338364132232525
3.665191429188092 1.5215164420327045
3.665191429188092 1.509196470842156
3.665191429188092 1.4968764996516084
3.665191429188092 1.4845565284610598
3.665191429188092 1.472236557270511
3.665191429188092 1.4599165860799632
3.665191429188092 1.4475966148894144
3.665191429188092 1.4352766436988664
3.665191429188092 1.422956672508318
3.665191429188092 1.4106367013177699
3.665191429188092 1.398316730127222
3.665191429188092 1.3859967589366735
3.665191429188092 1.3736767877461251
3.665191429188092 1.3613568165555774
3.665191429188092 1.3490368453650292
3.665191429188092 1.3367168741744808
3.665191429188092 1.3243969029839324
3.665191429188092 1.312076931793384
3.665191429188092 1.2997569606028363
3.665191429188092 1.2874369894122881
3.665191429188092 1.2751170182217397
3.665191429188092 1.2627970470311916
3.665191429188092 1.2504770758406434
3.665191429188092 1.2381571046500952
3.665191429188092 1.2258371334595466
3.665191429188092 1.2135171622689989
3.665191429188092 1.2011971910784507
3.665191429188092 1.1888772198879023
3.665191429188092 1.176557248697354
3.665191429188092 1.1642372775068057
3.665191429188092 1.1519173063162578
3.665191429188092 1.1395973351257094
3.665191429188092 1.127277363935161
3.665191429188092 1.114957392744613
3.665191429188092 1.1026374215540646
3.665191429188092 1.0903174503635165
3.665191429188092 1.0779974791729683
3.665191429188092 1.0656775079824203
3.665191429188092 1.053357536791872
3.665191429188092 1.0410375656013238
3.665191429188092 1.0287175944107756
3.665191429188092 1.0163976232202274
3.665191429188092 1.004077652029679
3.665191429188092 0.991757680839131
3.665191429188092 0.9794377096485827
3.665191429188092 0.9671177384580345
3.665191429188092 0.9547977672674862
3.665191429188092 0.942477796076938
3.665191429188092 0.9301578248863897
3.665191429188092 0.9178378536958416
3.665191429188092 0.9055178825052935
3.665191429188092 0.8931979113147452
3.665191429188092 0.8808779401241968
3.665191429188092 0.8685579689336488
3.665191429188092 0.8562379977431005
3.665191429188092 0.8439180265525523
3.665191429188092 0.8315980553620043
3.665191429188092 0.8192780841714559
3.665191429188092 0.8069581129809077
3.665191429188092 0.7946381417903595
3.665191429188092 0.7823181705998112
3.665191429188092 0.7699981994092633
3.665191429188092 0.7576782282187148
3.665191429188092 0.7453582570281667
3.665191429188092 0.7330382858376184
3.665191429188092 0.7207183146470703
3.665191429188092 0.7083983434565221
3.665191429188092 0.6960783722659738
3.665191429188092 0.6837584010754255
3.665191429188092 0.6714384298848773
3.665191429188092 0.6591184586943293
3.665191429188092 0.6467984875037811
3.665191429188092 0.6344785163132329
3.665191429188092 0.6221585451226846
3.665191429188092 0.6098385739321366
3.665191429188092 0.5975186027415882
3.665191429188092 0.58519863155104
3.665191429188092 0.5728786603604918
3.665191429188092 0.5605586891699438
3.665191429188092 0.5482387179793954
3.665191429188092 0.5359187467888471
3.665191429188092 0.523598775598299
3.665191429188092 0.5112788044077509
3.665191429188092 0.4989588332172027
3.665191429188092 0.4866388620266545
3.665191429188092 0.47431889083610607
3.665191429188092 0.4619989196455579
3.665191429188092 0.4496789484550097
3.665191429188092 0.43735897726446155
3.665191429188092 0.4250390060739134
3.665191429188092 0.412719034883365
3.665191429188092 0.40039906369281686
3.665191429188092 0.38807909250226863
3.665191429188092 0.37575912131172046
3.665191429188092 0.3634391501211723
3.665191429188092 0.3511191789306239
3.665191429188092 0.3387992077400757
3.665191429188092 0.32647923654952765
3.665191429188092 0.3141592653589794
3.665191429188092 0.3018392941684312
3.665191429188092 0.2895193229778828
3.665191429188092 0.2771993517873347
3.665191429188092 0.26487938059678645
3.665191429188092 0.2525594094062383
3.665191429188092 0.2402394382156901
3.665191429188092 0.22791946702514193
3.665191429188092 0.2155994958345936
3.665191429188092 0.2032795246440454
3.665191429188092 0.1909595534534972
3.665191429188092 0.17863958226294901
3.665191429188092 0.16631961107240087
3.665191429188092 0.1539996398818527
3.665191429188092 0.1416796686913045
3.665191429188092 0.12935969750075632
3.665191429188092 0.11703972631020816
3.665191429188092 0.10471975511965999
3.665191429188092 0.09239978392911181
3.665191429188092 0.0800798127385634
3.665191429188092 0.06775984154801523
3.665191429188092 0.055439870357467065
3.665191429188092 0.04311989916691889
3.665191429188092 0.030799927976370715
3.665191429188092 0.018479956785822323
3.665191429188092 0.0061599855952741474
3.665191429188092 -0.006159985595274025
3.665191429188092 -0.018479956785822198
3.665191429188092 -0.03079992797637037
3.665191429188092 -0.04311989916691877
3.665191429188092 -0.05543987035746694
3.665191429188092 -0.0677598415480151
3.665191429188092 -0.0800798127385633
3.665191429188092 -0.09239978392911147
3.665191429188092 -0.10471975511965986
3.665191429188092 -0.11703972631020804
3.665191429188092 -0.1293596975007562
3.665191429188092 -0.14167966869130438
3.665191429188092 -0.15399963988185256
3.665191429188092 -0.16631961107240073
3.665191429188092 -0.17863958226294913
3.665191429188092 -0.1909595534534973
3.665191429188092 -0.20327952464404547
3.665191429188092 -0.21559949583459365
3.665191429188092 -0.2279194670251418
3.665191429188092 -0.24023943821569
3.665191429188092 -0.25255940940623817
3.665191429188092 -0.26487938059678634
3.665191429188092 -0.2771993517873345
3.665191429188092 -0.2895193229778827
3.665191429188092 -0.30183929416843086
3.665191429188092 -0.31415926535897926
3.665191429188092 -0.32647923654952743
3.665191429188092 -0.3387992077400756
3.665191429188092 -0.3511191789306238
3.665191429188092 -0.36343915012117195
3.665191429188092 -0.37575912131172035
3.665191429188092 -0.3880790925022685
3.665191429188092 -0.4003990636928167
3.665191429188092 -0.41271903488336487
3.665191429188092 -0.425039006073913
3.665191429188092 -0.43735897726446143
3.665191429188092 -0.44967894845500916
3.665191429188092 -0.46199891964555734
3.665191429188092 -0.47431889083610596
3.665191429188092 -0.48663886202665413
3.665191429188092 -0.4989588332172023
3.665191429188092 -0.5112788044077505
3.665191429188092 -0.5235987755982986
3.665191429188092 -0.5359187467888469
3.665191429188092 -0.5482387179793949
3.665191429188092 -0.5605586891699431
3.665191429188092 -0.5728786603604913
3.665191429188092 -0.5851986315510395
3.665191429188092 -0.5975186027415877
3.665191429188092 -0.6098385739321363
3.665191429188092 -0.6221585451226845
3.665191429188092 -0.6344785163132326
3.665191429188092 -0.6467984875037809
3.665191429188092 -0.659118458694329
3.665191429188092 -0.6714384298848772
3.665191429188092 -0.6837584010754253
3.665191429188092 -0.6960783722659735
3.665191429188092 -0.7083983434565216
3.665191429188092 -0.7207183146470699
3.665191429188092 -0.7330382858376184
3.665191429188092 -0.7453582570281667
3.665191429188092 -0.7576782282187148
3.665191429188092 -0.769998199409263
3.665191429188092 -0.7823181705998111
3.665191429188092 -0.7946381417903594
3.665191429188092 -0.8069581129809075
3.665191429188092 -0.8192780841714558
3.665191429188092 -0.8315980553620039
3.665191429188092 -0.843918026552552
3.665191429188092 -0.8562379977431002
3.665191429188092 -0.8685579689336489
3.665191429188092 -0.8808779401241971
3.665191429188092 -0.8931979113147452
3.665191429188092 -0.9055178825052935
3.665191429188092 -0.9178378536958416
3.665191429188092 -0.9301578248863897
3.665191429188092 -0.9424777960769378
3.665191429188092 -0.954797767267486
3.665191429188092 -0.9671177384580342
3.665191429188092 -0.9794377096485823
3.665191429188092 -0.9917576808391311
3.665191429188092 -1.004077652029679
3.665191429188092 -1.0163976232202274
3.665191429188092 -1.0287175944107756
3.665191429188092 -1.0410375656013238
3.665191429188092 -1.053357536791872
3.665191429188092 -1.0656775079824201
3.665191429188092 -1.0779974791729683
3.665191429188092 -1.0903174503635165
3.665191429188092 -1.1026374215540646
3.665191429188092 -1.1149573927446128
3.665191429188092 -1.1272773639351616
3.665191429188092 -1.1395973351257094
3.665191429188092 -1.1519173063162578
3.665191429188092 -1.1642372775068057
3.665191429188092 -1.1765572486973541
3.665191429188092 -1.1888772198879023
3.665191429188092 -1.2011971910784505
3.665191429188092 -1.2135171622689989
3.665191429188092 -1.2258371334595466
3.665191429188092 -1.2381571046500952
3.665191429188092 -1.250477075840643
3.665191429188092 -1.2627970470311916
3.665191429188092 -1.2751170182217393
3.665191429188092 -1.2874369894122877
3.665191429188092 -1.2997569606028359
3.665191429188092 -1.312076931793384
3.665191429188092 -1.324396902983932
3.665191429188092 -1.3367168741744804
3.665191429188092 -1.3490368453650288
3.665191429188092 -1.3613568165555767
3.665191429188092 -1.3736767877461251
3.665191429188092 -1.3859967589366728
3.665191429188092 -1.398316730127222
3.665191429188092 -1.4106367013177699
3.665191429188092 -1.422956672508318
3.665191429188092 -1.4352766436988664
3.665191429188092 -1.4475966148894144
3.665191429188092 -1.4599165860799623
3.665191429188092 -1.472236557270511
3.665191429188092 -1.4845565284610587
3.665191429188092 -1.496876499651607
3.665191429188092 -1.509196470842156
3.665191429188092 -1.5215164420327045
3.665191429188092 -1.5338364132232525
3.665191429188092 -1.5461563844137995
3.665191429188092 -1.5584763556043528
3.665191429188092 -1.5707963267948966
0 1.5707963267948966
4.1887902047863905 1.5584763556043528
4.1887902047863905 1.5461563844137995
4.1887902047863905 1.5338364132232525
4.1887902047863905 1.5215164420327045
4.1887902047863905 1.509196470842156
4.1887902047863905 1.4968764996516084
4.1887902047863905 1.4845565284610598
4.1887902047863905 1.472236557270511
4.1887902047863905 1.4599165860799632
4.1887902047863905 1.4475966148894144
4.1887902047863905 1.4352766436988664
4.1887902047863905 1.422956672508318
4.1887902047863905 1.4106367013177699
4.1887902047863905 1.398316730127222
4.1887902047863905 1.3859967589366735
4.1887902047863905 1.3736767877461251
4.1887902047863905 1.3613568165555774
4.1887902047863905 1.3490368453650292
4.1887902047863905 1.3367168741744808
4.1887902047863905 1.3243969029839324
4.1887902047863905 1.312076931793384
4.1887902047863905 1.2997569606028363
4.1887902047863905 1.2874369894122881
4.1887902047863905 1.2751170182217397
4.1887902047863905 1.2627970470311916
4.1887902047863905 1.2504770758406434
4.1887902047863905 1.2381571046500952
4.1887902047863905 1.225837133459547
4.1887902047863905 1.2135171622689989
4.1887902047863905 1.2011971910784505
4.1887902047863905 1.1888772198879023
4.1887902047863905 1.176557248697354
4.1887902047863905 1.1642372775068057
4.1887902047863905 1.1519173063162578
4.1887902047863905 1.1395973351257094
4.1887902047863905 1.127277363935161
4.1887902047863905 1.114957392744613
4.1887902047863905 1.1026374215540646
4.1887902047863905 1.0903174503635165
4.1887902047863905 1.0779974791729683
4.1887902047863905 1.0656775079824203
4.1887902047863905 1.053357536791872
4.1887902047863905 1.0410375656013238
4.1887902047863905 1.0287175944107756
4.1887902047863905 1.0163976232202274
4.1887902047863905 1.004077652029679
4.1887902047863905 0.991757680839131
4.1887902047863905 0.9794377096485827
4.1887902047863905 0.9671177384580345
4.1887902047863905 0.9547977672674862
4.1887902047863905 0.942477796076938
4.1887902047863905 0.9301578248863898
4.1887902047863905 0.9178378536958416
4.1887902047863905 0.9055178825052935
4.1887902047863905 0.8931979113147452
4.1887902047863905 0.8808779401241971
4.1887902047863905 0.8685579689336488
4.1887902047863905 0.8562379977431005
4.1887902047863905 0.8439180265525523
4.1887902047863905 0.8315980553620043
4.1887902047863905 0.8192780841714559
4.1887902047863905 0.8069581129809078
4.1887902047863905 0.7946381417903595
4.1887902047863905 0.7823181705998115
4.1887902047863905 0.7699981994092633
4.1887902047863905 0.7576782282187149
4.1887902047863905 0.7453582570281667
4.1887902047863905 0.7330382858376184
4.1887902047863905 0.7207183146470703
4.1887902047863905 0.7083983434565221
4.1887902047863905 0.6960783722659739
4.1887902047863905 0.6837584010754255
4.1887902047863905 0.6714384298848773
4.1887902047863905 0.6591184586943294
4.1887902047863905 0.6467984875037811
4.1887902047863905 0.6344785163132329
4.1887902047863905 0.6221585451226846
4.1887902047863905 0.6098385739321366
4.1887902047863905 0.5975186027415882
4.1887902047863905 0.5851986315510401
4.1887902047863905 0.5728786603604918
4.1887902047863905 0.5605586891699438
4.1887902047863905 0.5482387179793955
4.1887902047863905 0.5359187467888472
4.1887902047863905 0.5235987755982991
4.1887902047863905 0.5112788044077509
4.1887902047863905 0.49895883321720275
4.1887902047863905 0.4866388620266546
4.1887902047863905 0.47431889083610607
4.1887902047863905 0.4619989196455579
4.1887902047863905 0.4496789484550097
4.1887902047863905 0.43735897726446155
4.1887902047863905 0.42503900607391343
4.1887902047863905 0.4127190348833651
4.1887902047863905 0.40039906369281686
4.1887902047863905 0.38807909250226874
4.1887902047863905 0.3757591213117205
4.1887902047863905 0.3634391501211723
4.1887902047863905 0.35111917893062394
4.1887902047863905 0.33879920774007577
4.1887902047863905 0.32647923654952765
4.1887902047863905 0.3141592653589794
4.1887902047863905 0.3018392941684312
4.1887902047863905 0.2895193229778828
4.1887902047863905 0.2771993517873347
4.1887902047863905 0.2648793805967865
4.1887902047863905 0.2525594094062383
4.1887902047863905 0.2402394382156901
4.1887902047863905 0.22791946702514193
4.1887902047863905 0.2155994958345936
4.1887902047863905 0.2032795246440454
4.1887902047863905 0.1909595534534972
4.1887902047863905 0.17863958226294904
4.1887902047863905 0.16631961107240087
4.1887902047863905 0.15399963988185272
4.1887902047863905 0.1416796686913045
4.1887902047863905 0.12935969750075635
4.1887902047863905 0.11703972631020816
4.1887902047863905 0.10471975511965999
4.1887902047863905 0.09239978392911183
4.1887902047863905 0.0800798127385634
4.1887902047863905 0.06775984154801523
4.1887902047863905 0.055439870357467065
4.1887902047863905 0.04311989916691889
4.1887902047863905 0.030799927976370715
4.1887902047863905 0.018479956785822323
4.1887902047863905 0.006159985595274148
4.1887902047863905 -0.006159985595274026
4.1887902047863905 -0.018479956785822198
4.1887902047863905 -0.03079992797637037
4.1887902047863905 -0.04311989916691877
4.1887902047863905 -0.05543987035746694
4.1887902047863905 -0.0677598415480151
4.1887902047863905 -0.0800798127385633
4.1887902047863905 -0.09239978392911147
4.1887902047863905 -0.10471975511965988
4.1887902047863905 -0.11703972631020804
4.1887902047863905 -0.12935969750075624
4.1887902047863905 -0.1416796686913044
4.1887902047863905 -0.15399963988185258
4.1887902047863905 -0.16631961107240073
4.1887902047863905 -0.17863958226294913
4.1887902047863905 -0.1909595534534973
4.1887902047863905 -0.20327952464404547
4.1887902047863905 -0.21559949583459365
4.1887902047863905 -0.22791946702514182
4.1887902047863905 -0.24023943821569
4.1887902047863905 -0.25255940940623817
4.1887902047863905 -0.26487938059678634
4.1887902047863905 -0.2771993517873345
4.1887902047863905 -0.2895193229778827
4.1887902047863905 -0.30183929416843086
4.1887902047863905 -0.31415926535897926
4.1887902047863905 -0.32647923654952743
4.1887902047863905 -0.3387992077400756
4.1887902047863905 -0.35111917893062383
4.1887902047863905 -0.36343915012117195
4.1887902047863905 -0.37575912131172035
4.1887902047863905 -0.3880790925022685
4.1887902047863905 -0.4003990636928167
4.1887902047863905 -0.4127190348833649
4.1887902047863905 -0.425039006073913
4.1887902047863905 -0.4373589772644615
4.1887902047863905 -0.4496789484550092
4.1887902047863905 -0.46199891964555734
4.1887902047863905 -0.474318890836106
4.1887902047863905 -0.48663886202665413
4.1887902047863905 -0.49895883321720236
4.1887902047863905 -0.5112788044077505
4.1887902047863905 -0.5235987755982987
4.1887902047863905 -0.5359187467888469
4.1887902047863905 -0.5482387179793952
4.1887902047863905 -0.5605586891699431
4.1887902047863905 -0.5728786603604913
4.1887902047863905 -0.5851986315510395
4.1887902047863905 -0.5975186027415876
4.1887902047863905 -0.6098385739321365
4.1887902047863905 -0.6221585451226846
4.1887902047863905 -0.6344785163132326
4.1887902047863905 -0.646798487503781
4.1887902047863905 -0.659118458694329
4.1887902047863905 -0.6714384298848772
4.1887902047863905 -0.6837584010754254
4.1887902047863905 -0.6960783722659735
4.1887902047863905 -0.7083983434565216
4.1887902047863905 -0.72071831464707
4.1887902047863905 -0.7330382858376184
4.1887902047863905 -0.7453582570281667
4.1887902047863905 -0.7576782282187149
4.1887902047863905 -0.769998199409263
4.1887902047863905 -0.7823181705998111
4.1887902047863905 -0.7946381417903594
4.1887902047863905 -0.8069581129809075
4.1887902047863905 -0.8192780841714558
4.1887902047863905 -0.8315980553620039
4.1887902047863905 -0.843918026552552
4.1887902047863905 -0.8562379977431002
4.1887902047863905 -0.8685579689336489
4.1887902047863905 -0.8808779401241971
4.1887902047863905 -0.8931979113147452
4.1887902047863905 -0.9055178825052935
4.1887902047863905 -0.9178378536958416
4.1887902047863905 -0.9301578248863898
4.1887902047863905 -0.9424777960769378
4.1887902047863905 -0.954797767267486
4.1887902047863905 -0.9671177384580343
4.1887902047863905 -0.9794377096485825
4.1887902047863905 -0.9917576808391311
4.1887902047863905 -1.004077652029679
4.1887902047863905 -1.0163976232202274
4.1887902047863905 -1.0287175944107756
4.1887902047863905 -1.0410375656013238
4.1887902047863905 -1.053357536791872
4.1887902047863905 -1.0656775079824203
4.1887902047863905 -1.0779974791729683
4.1887902047863905 -1.0903174503635165
4.1887902047863905 -1.1026374215540646
4.1887902047863905 -1.1149573927446128
4.1887902047863905 -1.1272773639351616
4.1887902047863905 -1.1395973351257098
4.1887902047863905 -1.1519173063162578
4.1887902047863905 -1.1642372775068057
4.1887902047863905 -1.1765572486973541
4.1887902047863905 -1.1888772198879023
4.1887902047863905 -1.2011971910784505
4.1887902047863905 -1.2135171622689989
4.1887902047863905 -1.225837133459547
4.1887902047863905 -1.2381571046500952
4.1887902047863905 -1.2504770758406427
4.1887902047863905 -1.2627970470311916
4.1887902047863905 -1.2751170182217397
4.1887902047863905 -1.2874369894122877
4.1887902047863905 -1.2997569606028359
4.1887902047863905 -1.312076931793384
4.1887902047863905 -1.324396902983932
4.1887902047863905 -1.3367168741744804
4.1887902047863905 -1.3490368453650288
4.1887902047863905 -1.3613568165555767
4.1887902047863905 -1.3736767877461251
4.1887902047863905 -1.3859967589366728
4.1887902047863905 -1.398316730127222
4.1887902047863905 -1.4106367013177699
4.1887902047863905 -1.422956672508318
4.1887902047863905 -1.4352766436988664
4.1887902047863905 -1.4475966148894144
4.1887902047863905 -1.4599165860799623
4.1887902047863905 -1.472236557270511
4.1887902047863905 -1.4845565284610587
4.1887902047863905 -1.496876499651607
4.1887902047863905 -1.509196470842156
4.1887902047863905 -1.5215164420327045
4.1887902047863905 -1.5338364132232525
4.1887902047863905 -1.5461563844137995
4.1887902047863905 -1.5584763556043528
4.1887902047863905 -1.5707963267948966
0 1.5707963267948966
4.71238898038469 1.5584763556043528
4.71238898038469 1.5461563844137995
4.71238898038469 1.5338364132232525
4.71238898038469 1.5215164420327045
4.71238898038469 1.509196470842156
4.71238898038469 1.4968764996516084
4.71238898038469 1.4845565284610598
4.71238898038469 1.472236557270511
4.71238898038469 1.4599165860799632
4.71238898038469 1.4475966148894144
4.71238898038469 1.4352766436988664
4.71238898038469 1.422956672508318
4.71238898038469 1.4106367013177699
4.71238898038469 1.398316730127222
4.71238898038469 1.3859967589366735
4.71238898038469 1.3736767877461251
4.71238898038469 1.3613568165555774
4.71238898038469 1.3490368453650292
4.71238898038469 1.3367168741744808
4.71238898038469 1.3243969029839324
4.71238898038469 1.312076931793384
4.71238898038469 1.2997569606028363
4.71238898038469 1.2874369894122881
4.71238898038469 1.2751170182217397
4.71238898038469 1.2627970470311916
4.71238898038469 1.2504770758406434
4.71238898038469 1.2381571046500952
4.71238898038469 1.2258371334595466
4.71238898038469 1.2135171622689989
4.71238898038469 1.2011971910784507
4.71238898038469 1.1888772198879023
4.71238898038469 1.176557248697354
4.71238898038469 1.1642372775068057
4.71238898038469 1.1519173063162578
4.71238898038469 1.1395973351257094
4.71238898038469 1.127277363935161
4.71238898038469 1.114957392744613
4.71238898038469 1.1026374215540646
4.71238898038469 1.0903174503635165
4.71238898038469 1.0779974791729683
4.71238898038469 1.0656775079824203
4.71238898038469 1.053357536791872
4.71238898038469 1.0410375656013238
4.71238898038469 1.0287175944107756
4.71238898038469 1.0163976232202274
4.71238898038469 1.004077652029679
4.71238898038469 0.991757680839131
4.71238898038469 0.9794377096485827
4.71238898038469 0.9671177384580345
4.71238898038469 0.9547977672674862
4.71238898038469 0.942477796076938
4.71238898038469 0.9301578248863897
4.71238898038469 0.9178378536958416
4.71238898038469 0.9055178825052933
4.71238898038469 0.8931979113147452
4.71238898038469 0.8808779401241968
4.71238898038469 0.8685579689336488
4.71238898038469 0.8562379977431005
4.71238898038469 0.8439180265525523
4.71238898038469 0.8315980553620043
4.71238898038469 0.8192780841714559
4.71238898038469 0.8069581129809078
4.71238898038469 0.7946381417903595
4.71238898038469 0.7823181705998115
4.71238898038469 0.7699981994092633
4.71238898038469 0.7576782282187148
4.71238898038469 0.7453582570281667
4.71238898038469 0.7330382858376184
4.71238898038469 0.7207183146470703
4.71238898038469 0.7083983434565221
4.71238898038469 0.6960783722659738
4.71238898038469 0.6837584010754255
4.71238898038469 0.6714384298848773
4.71238898038469 0.6591184586943294
4.71238898038469 0.6467984875037811
4.71238898038469 0.6344785163132329
4.71238898038469 0.6221585451226846
4.71238898038469 0.6098385739321366
4.71238898038469 0.5975186027415882
4.71238898038469 0.58519863155104
4.71238898038469 0.5728786603604918
4.71238898038469 0.5605586891699438
4.71238898038469 0.5482387179793954
4.71238898038469 0.5359187467888472
4.71238898038469 0.523598775598299
4.71238898038469 0.5112788044077509
4.71238898038469 0.4989588332172027
4.71238898038469 0.4866388620266545
4.71238898038469 0.47431889083610607
4.71238898038469 0.4619989196455579
4.71238898038469 0.4496789484550097
4.71238898038469 0.43735897726446155
4.71238898038469 0.42503900607391343
4.71238898038469 0.412719034883365
4.71238898038469 0.40039906369281686
4.71238898038469 0.38807909250226874
4.71238898038469 0.37575912131172046
4.71238898038469 0.3634391501211723
4.71238898038469 0.35111917893062394
4.71238898038469 0.3387992077400757
4.71238898038469 0.32647923654952765
4.71238898038469 0.3141592653589794
4.71238898038469 0.3018392941684312
4.71238898038469 0.2895193229778828
4.71238898038469 0.2771993517873347
4.71238898038469 0.2648793805967865
4.71238898038469 0.2525594094062383
4.71238898038469 0.2402394382156901
4.71238898038469 0.22791946702514193
4.71238898038469 0.2155994958345936
4.71238898038469 0.2032795246440454
4.71238898038469 0.1909595534534972
4.71238898038469 0.17863958226294901
4.71238898038469 0.16631961107240087
4.71238898038469 0.1539996398818527
4.71238898038469 0.1416796686913045
4.71238898038469 0.12935969750075632
4.71238898038469 0.11703972631020816
4.71238898038469 0.10471975511965999
4.71238898038469 0.09239978392911183
4.71238898038469 0.0800798127385634
4.71238898038469 0.06775984154801523
4.71238898038469 0.055439870357467065
4.71238898038469 0.0431198991669189
4.71238898038469 0.030799927976370715
4.71238898038469 0.018479956785822323
4.71238898038469 0.006159985595274148
4.71238898038469 -0.006159985595274026
4.71238898038469 -0.018479956785822198
4.71238898038469 -0.03079992797637037
4.71238898038469 -0.043119899166918774
4.71238898038469 -0.05543987035746694
4.71238898038469 -0.0677598415480151
4.71238898038469 -0.0800798127385633
4.71238898038469 -0.09239978392911147
4.71238898038469 -0.10471975511965988
4.71238898038469 -0.11703972631020804
4.71238898038469 -0.1293596975007562
4.71238898038469 -0.1416796686913044
4.71238898038469 -0.15399963988185256
4.71238898038469 -0.16631961107240073
4.71238898038469 -0.17863958226294913
4.71238898038469 -0.1909595534534973
4.71238898038469 -0.20327952464404547
4.71238898038469 -0.21559949583459365
4.71238898038469 -0.2279194670251418
4.71238898038469 -0.24023943821569
4.71238898038469 -0.25255940940623817
4.71238898038469 -0.26487938059678634
4.71238898038469 -0.2771993517873345
4.71238898038469 -0.2895193229778827
4.71238898038469 -0.30183929416843086
4.71238898038469 -0.31415926535897926
4.71238898038469 -0.32647923654952743
4.71238898038469 -0.3387992077400756
4.71238898038469 -0.3511191789306238
4.71238898038469 -0.36343915012117195
4.71238898038469 -0.37575912131172035
4.71238898038469 -0.3880790925022685
4.71238898038469 -0.4003990636928167
4.71238898038469 -0.41271903488336487
4.71238898038469 -0.425039006073913
4.71238898038469 -0.43735897726446143
4.71238898038469 -0.44967894845500916
4.71238898038469 -0.46199891964555734
4.71238898038469 -0.474318890836106
4.71238898038469 -0.48663886202665413
4.71238898038469 -0.4989588332172023
4.71238898038469 -0.5112788044077505
4.71238898038469 -0.5235987755982987
4.71238898038469 -0.5359187467888469
4.71238898038469 -0.5482387179793949
4.71238898038469 -0.5605586891699431
4.71238898038469 -0.5728786603604913
4.71238898038469 -0.5851986315510395
4.71238898038469 -0.5975186027415876
4.71238898038469 -0.6098385739321363
4.71238898038469 -0.6221585451226845
4.71238898038469 -0.6344785163132326
4.71238898038469 -0.6467984875037809
4.71238898038469 -0.659118458694329
4.71238898038469 -0.6714384298848772
4.71238898038469 -0.6837584010754253
4.71238898038469 -0.6960783722659735
4.71238898038469 -0.7083983434565216
4.71238898038469 -0.7207183146470699
4.71238898038469 -0.7330382858376184
4.71238898038469 -0.7453582570281667
4.71238898038469 -0.7576782282187148
4.71238898038469 -0.769998199409263
4.71238898038469 -0.7823181705998111
4.71238898038469 -0.7946381417903594
4.71238898038469 -0.8069581129809075
4.71238898038469 -0.8192780841714558
4.71238898038469 -0.8315980553620039
4.71238898038469 -0.843918026552552
4.71238898038469 -0.8562379977431002
4.71238898038469 -0.8685579689336488
4.71238898038469 -0.8808779401241971
4.71238898038469 -0.8931979113147452
4.71238898038469 -0.9055178825052933
4.71238898038469 -0.9178378536958416
4.71238898038469 -0.9301578248863897
4.71238898038469 -0.9424777960769378
4.71238898038469 -0.954797767267486
4.71238898038469 -0.9671177384580342
4.71238898038469 -0.9794377096485823
4.71238898038469 -0.9917576808391311
4.71238898038469 -1.004077652029679
4.71238898038469 -1.0163976232202274
4.71238898038469 -1.0287175944107756
4.71238898038469 -1.0410375656013238
4.71238898038469 -1.053357536791872
4.71238898038469 -1.0656775079824201
4.71238898038469 -1.0779974791729683
4.71238898038469 -1.0903174503635165
4.71238898038469 -1.1026374215540646
4.71238898038469 -1.1149573927446128
4.71238898038469 -1.1272773639351616
4.71238898038469 -1.1395973351257098
4.71238898038469 -1.1519173063162578
4.71238898038469 -1.1642372775068057
4.71238898038469 -1.1765572486973541
4.71238898038469 -1.1888772198879023
4.71238898038469 -1.2011971910784505
4.71238898038469 -1.2135171622689989
4.71238898038469 -1.2258371334595466
4.71238898038469 -1.2381571046500952
4.71238898038469 -1.250477075840643
4.71238898038469 -1.2627970470311916
4.71238898038469 -1.2751170182217393
4.71238898038469 -1.2874369894122877
4.71238898038469 -1.2997569606028359
4.71238898038469 -1.312076931793384
4.71238898038469 -1.324396902983932
4.71238898038469 -1.3367168741744804
4.71238898038469 -1.3490368453650288
4.71238898038469 -1.3613568165555767
4.71238898038469 -1.3736767877461251
4.71238898038469 -1.3859967589366728
4.71238898038469 -1.398316730127222
4.71238898038469 -1.4106367013177699
4.71238898038469 -1.422956672508318
4.71238898038469 -1.4352766436988664
4.71238898038469 -1.4475966148894144
4.71238898038469 -1.4599165860799623
4.71238898038469 -1.472236557270511
4.71238898038469 -1.4845565284610587
4.71238898038469 -1.496876499651607
4.71238898038469 -1.509196470842156
4.71238898038469 -1.5215164420327045
4.71238898038469 -1.5338364132232525
4.71238898038469 -1.5461563844137995
4.71238898038469 -1.5584763556043528
4.71238898038469 -1.5707963267948966
0 1.5707963267948966
5.235987755982988 1.5584763556043528
5.235987755982988 1.5461563844137995
5.235987755982988 1.5338364132232525
5.235987755982988 1.5215164420327045
5.235987755982988 1.509196470842156
5.235987755982988 1.4968764996516084
5.235987755982988 1.4845565284610598
5.235987755982988 1.472236557270511
5.235987755982988 1.4599165860799632
5.235987755982988 1.4475966148894144
5.235987755982988 1.4352766436988664
5.235987755982988 1.422956672508318
5.235987755982988 1.4106367013177699
5.235987755982988 1.398316730127222
5.235987755982988 1.3859967589366735
5.235987755982988 1.3736767877461251
5.235987755982988 1.3613568165555774
5.235987755982988 1.3490368453650292
5.235987755982988 1.3367168741744808
5.235987755982988 1.3243969029839324
5.235987755982988 1.312076931793384
5.235987755982988 1.2997569606028363
5.235987755982988 1.2874369894122881
5.235987755982988 1.2751170182217397
5.235987755982988 1.2627970470311916
5.235987755982988 1.2504770758406434
5.235987755982988 1.2381571046500952
5.235987755982988 1.2258371334595466
5.235987755982988 1.2135171622689989
5.235987755982988 1.2011971910784507
5.235987755982988 1.1888772198879023
5.235987755982988 1.176557248697354
5.235987755982988 1.1642372775068057
5.235987755982988 1.1519173063162578
5.235987755982988 1.1395973351257094
5.235987755982988 1.127277363935161
5.235987755982988 1.114957392744613
5.235987755982988 1.1026374215540646
5.235987755982988 1.0903174503635165
5.235987755982988 1.0779974791729683
5.235987755982988 1.0656775079824203
5.235987755982988 1.053357536791872
5.235987755982988 1.0410375656013238
5.235987755982988 1.0287175944107756
5.235987755982988 1.0163976232202274
5.235987755982988 1.004077652029679
5.235987755982988 0.991757680839131
5.235987755982988 0.9794377096485827
5.235987755982988 0.9671177384580345
5.235987755982988 0.9547977672674862
5.235987755982988 0.942477796076938
5.235987755982988 0.9301578248863898
5.235987755982988 0.9178378536958416
5.235987755982988 0.9055178825052933
5.235987755982988 0.8931979113147452
5.235987755982988 0.8808779401241968
5.235987755982988 0.8685579689336488
5.235987755982988 0.8562379977431005
5.235987755982988 0.8439180265525523
5.235987755982988 0.8315980553620044
5.235987755982988 0.8192780841714559
5.235987755982988 0.8069581129809078
5.235987755982988 0.7946381417903595
5.235987755982988 0.7823181705998115
5.235987755982988 0.7699981994092632
5.235987755982988 0.7576782282187149
5.235987755982988 0.7453582570281667
5.235987755982988 0.7330382858376184
5.235987755982988 0.7207183146470703
5.235987755982988 0.7083983434565221
5.235987755982988 0.6960783722659739
5.235987755982988 0.6837584010754255
5.235987755982988 0.6714384298848773
5.235987755982988 0.6591184586943293
5.235987755982988 0.6467984875037811
5.235987755982988 0.6344785163132329
5.235987755982988 0.6221585451226846
5.235987755982988 0.6098385739321365
5.235987755982988 0.5975186027415882
5.235987755982988 0.58519863155104
5.235987755982988 0.5728786603604918
5.235987755982988 0.5605586891699438
5.235987755982988 0.5482387179793954
5.235987755982988 0.5359187467888471
5.235987755982988 0.523598775598299
5.235987755982988 0.5112788044077509
5.235987755982988 0.49895883321720275
5.235987755982988 0.4866388620266545
5.235987755982988 0.47431889083610607
5.235987755982988 0.4619989196455579
5.235987755982988 0.4496789484550097
5.235987755982988 0.43735897726446155
5.235987755982988 0.4250390060739134
5.235987755982988 0.412719034883365
5.235987755982988 0.40039906369281686
5.235987755982988 0.38807909250226874
5.235987755982988 0.37575912131172046
5.235987755982988 0.3634391501211723
5.235987755982988 0.35111917893062394
5.235987755982988 0.3387992077400757
5.235987755982988 0.32647923654952765
5.235987755982988 0.31415926535897937
5.235987755982988 0.3018392941684312
5.235987755982988 0.2895193229778828
5.235987755982988 0.2771993517873347
5.235987755982988 0.2648793805967865
5.235987755982988 0.2525594094062383
5.235987755982988 0.24023943821569013
5.235987755982988 0.22791946702514193
5.235987755982988 0.2155994958345936
5.235987755982988 0.2032795246440454
5.235987755982988 0.1909595534534972
5.235987755982988 0.17863958226294904
5.235987755982988 0.16631961107240087
5.235987755982988 0.1539996398818527
5.235987755982988 0.1416796686913045
5.235987755982988 0.12935969750075635
5.235987755982988 0.11703972631020816
5.235987755982988 0.10471975511965999
5.235987755982988 0.09239978392911181
5.235987755982988 0.0800798127385634
5.235987755982988 0.06775984154801523
5.235987755982988 0.055439870357467065
5.235987755982988 0.0431198991669189
5.235987755982988 0.030799927976370715
5.235987755982988 0.018479956785822323
5.235987755982988 0.0061599855952741474
5.235987755982988 -0.006159985595274025
5.235987755982988 -0.018479956785822198
5.235987755982988 -0.03079992797637037
5.235987755982988 -0.043119899166918774
5.235987755982988 -0.05543987035746694
5.235987755982988 -0.0677598415480151
5.235987755982988 -0.0800798127385633
5.235987755982988 -0.09239978392911147
5.235987755982988 -0.10471975511965988
5.235987755982988 -0.11703972631020804
5.235987755982988 -0.12935969750075624
5.235987755982988 -0.14167966869130438
5.235987755982988 -0.15399963988185256
5.235987755982988 -0.16631961107240073
5.235987755982988 -0.17863958226294913
5.235987755982988 -0.1909595534534973
5.235987755982988 -0.20327952464404547
5.235987755982988 -0.21559949583459365
5.235987755982988 -0.2279194670251418
5.235987755982988 -0.24023943821569002
5.235987755982988 -0.25255940940623817
5.235987755982988 -0.26487938059678634
5.235987755982988 -0.2771993517873345
5.235987755982988 -0.2895193229778827
5.235987755982988 -0.30183929416843086
5.235987755982988 -0.31415926535897926
5.235987755982988 -0.32647923654952743
5.235987755982988 -0.3387992077400756
5.235987755982988 -0.3511191789306238
5.235987755982988 -0.36343915012117195
5.235987755982988 -0.37575912131172035
5.235987755982988 -0.3880790925022685
5.235987755982988 -0.4003990636928167
5.235987755982988 -0.41271903488336487
5.235987755982988 -0.425039006073913
5.235987755982988 -0.4373589772644615
5.235987755982988 -0.44967894845500916
5.235987755982988 -0.46199891964555734
5.235987755982988 -0.474318890836106
5.235987755982988 -0.48663886202665413
5.235987755982988 -0.4989588332172023
5.235987755982988 -0.5112788044077505
5.235987755982988 -0.5235987755982986
5.235987755982988 -0.5359187467888469
5.235987755982988 -0.5482387179793949
5.235987755982988 -0.5605586891699432
5.235987755982988 -0.5728786603604913
5.235987755982988 -0.5851986315510395
5.235987755982988 -0.5975186027415876
5.235987755982988 -0.6098385739321363
5.235987755982988 -0.6221585451226846
5.235987755982988 -0.6344785163132326
5.235987755982988 -0.6467984875037809
5.235987755982988 -0.659118458694329
5.235987755982988 -0.6714384298848772
5.235987755982988 -0.6837584010754253
5.235987755982988 -0.6960783722659735
5.235987755982988 -0.7083983434565216
5.235987755982988 -0.72071831464707
5.235987755982988 -0.7330382858376184
5.235987755982988 -0.7453582570281667
5.235987755982988 -0.7576782282187149
5.235987755982988 -0.769998199409263
5.235987755982988 -0.7823181705998111
5.235987755982988 -0.7946381417903594
5.235987755982988 -0.8069581129809075
5.235987755982988 -0.8192780841714558
5.235987755982988 -0.8315980553620039
5.235987755982988 -0.843918026552552
5.235987755982988 -0.8562379977431002
5.235987755982988 -0.8685579689336488
5.235987755982988 -0.8808779401241971
5.235987755982988 -0.8931979113147452
5.235987755982988 -0.9055178825052933
5.235987755982988 -0.9178378536958416
5.235987755982988 -0.9301578248863898
5.235987755982988 -0.9424777960769378
5.235987755982988 -0.954797767267486
5.235987755982988 -0.9671177384580342
5.235987755982988 -0.9794377096485825
5.235987755982988 -0.9917576808391311
5.235987755982988 -1.004077652029679
5.235987755982988 -1.0163976232202274
5.235987755982988 -1.0287175944107756
5.235987755982988 -1.0410375656013238
5.235987755982988 -1.053357536791872
5.235987755982988 -1.0656775079824203
5.235987755982988 -1.0779974791729683
5.235987755982988 -1.0903174503635165
5.235987755982988 -1.1026374215540646
5.235987755982988 -1.1149573927446128
5.235987755982988 -1.1272773639351616
5.235987755982988 -1.1395973351257098
5.235987755982988 -1.1519173063162578
5.235987755982988 -1.1642372775068057
5.235987755982988 -1.1765572486973541
5.235987755982988 -1.1888772198879023
5.235987755982988 -1.2011971910784505
5.235987755982988 -1.2135171622689989
5.235987755982988 -1.2258371334595466
5.235987755982988 -1.2381571046500952
5.235987755982988 -1.250477075840643
5.235987755982988 -1.2627970470311911
5.235987755982988 -1.2751170182217393
5.235987755982988 -1.2874369894122877
5.235987755982988 -1.2997569606028359
5.235987755982988 -1.312076931793384
5.235987755982988 -1.324396902983932
5.235987755982988 -1.3367168741744804
5.235987755982988 -1.3490368453650288
5.235987755982988 -1.3613568165555767
5.235987755982988 -1.3736767877461251
5.235987755982988 -1.3859967589366728
5.235987755982988 -1.398316730127222
5.235987755982988 -1.4106367013177699
5.235987755982988 -1.422956672508318
5.235987755982988 -1.4352766436988664
5.235987755982988 -1.4475966148894144
5.235987755982988 -1.4599165860799623
5.235987755982988 -1.472236557270511
5.235987755982988 -1.4845565284610587
5.235987755982988 -1.496876499651607
5.235987755982988 -1.509196470842156
5.235987755982988 -1.5215164420327045
5.235987755982988 -1.5338364132232525
5.235987755982988 -1.5461563844137995
5.235987755982988 -1.5584763556043528
5.235987755982988 -1.5707963267948966
0 1.5707963267948966
5.759586531581287 1.5584763556043528
5.759586531581287 1.5461563844137995
5.759586531581287 1.5338364132232525
5.759586531581287 1.5215164420327045
5.759586531581287 1.509196470842156
5.759586531581287 1.4968764996516084
5.759586531581287 1.4845565284610598
5.759586531581287 1.472236557270511
5.759586531581287 1.4599165860799632
5.759586531581287 1.4475966148894144
5.759586531581287 1.4352766436988664
5.759586531581287 1.422956672508318
5.759586531581287 1.4106367013177699
5.759586531581287 1.398316730127222
5.759586531581287 1.3859967589366735
5.759586531581287 1.3736767877461251
5.759586531581287 1.3613568165555774
5.759586531581287 1.3490368453650292
5.759586531581287 1.3367168741744808
5.759586531581287 1.3243969029839324
5.759586531581287 1.312076931793384
5.759586531581287 1.2997569606028359
5.759586531581287 1.2874369894122881
5.759586531581287 1.2751170182217397
5.759586531581287 1.2627970470311916
5.759586531581287 1.2504770758406434
5.759586531581287 1.2381571046500952
5.759586531581287 1.2258371334595466
5.759586531581287 1.2135171622689989
5.759586531581287 1.2011971910784507
5.759586531581287 1.1888772198879023
5.759586531581287 1.176557248697354
5.759586531581287 1.1642372775068057
5.759586531581287 1.1519173063162578
5.759586531581287 1.1395973351257094
5.759586531581287 1.127277363935161
5.759586531581287 1.114957392744613
5.759586531581287 1.1026374215540646
5.759586531581287 1.0903174503635165
5.759586531581287 1.0779974791729683
5.759586531581287 1.0656775079824203
5.759586531581287 1.053357536791872
5.759586531581287 1.0410375656013238
5.759586531581287 1.0287175944107756
5.759586531581287 1.0163976232202274
5.759586531581287 1.004077652029679
5.759586531581287 0.991757680839131
5.759586531581286 0.9794377096485827
5.759586531581287 0.9671177384580345
5.759586531581287 0.9547977672674862
5.759586531581287 0.942477796076938
5.759586531581287 0.9301578248863897
5.759586531581287 0.9178378536958416
5.759586531581287 0.9055178825052933
5.759586531581287 0.8931979113147452
5.759586531581287 0.8808779401241968
5.759586531581287 0.8685579689336488
5.759586531581286 0.8562379977431005
5.759586531581287 0.8439180265525523
5.759586531581287 0.8315980553620043
5.759586531581287 0.8192780841714559
5.759586531581287 0.8069581129809078
5.759586531581287 0.7946381417903595
5.759586531581287 0.7823181705998112
5.759586531581287 0.7699981994092632
5.759586531581287 0.7576782282187148
5.759586531581287 0.7453582570281667
5.759586531581287 0.7330382858376184
5.759586531581287 0.7207183146470703
5.759586531581287 0.7083983434565221
5.759586531581287 0.6960783722659738
5.759586531581287 0.6837584010754255
5.759586531581287 0.6714384298848773
5.759586531581287 0.6591184586943293
5.759586531581287 0.6467984875037811
5.759586531581287 0.6344785163132329
5.759586531581287 0.6221585451226846
5.759586531581287 0.6098385739321365
5.759586531581287 0.5975186027415882
5.759586531581287 0.58519863155104
5.759586531581287 0.5728786603604918
5.759586531581287 0.5605586891699438
5.759586531581286 0.5482387179793954
5.759586531581286 0.5359187467888472
5.759586531581286 0.523598775598299
5.759586531581287 0.5112788044077509
5.759586531581287 0.4989588332172027
5.759586531581287 0.4866388620266545
5.759586531581287 0.47431889083610607
5.759586531581287 0.4619989196455579
5.759586531581287 0.4496789484550097
5.759586531581287 0.43735897726446155
5.759586531581287 0.4250390060739134
5.759586531581287 0.412719034883365
5.759586531581287 0.40039906369281686
5.759586531581287 0.38807909250226874
5.759586531581287 0.37575912131172046
5.759586531581287 0.3634391501211723
5.759586531581287 0.35111917893062394
5.759586531581287 0.33879920774007577
5.759586531581287 0.3264792365495276
5.759586531581287 0.31415926535897937
5.759586531581287 0.3018392941684312
5.759586531581287 0.2895193229778828
5.759586531581287 0.2771993517873346
5.759586531581287 0.26487938059678645
5.759586531581287 0.2525594094062383
5.759586531581287 0.2402394382156901
5.759586531581287 0.22791946702514193
5.759586531581287 0.21559949583459356
5.759586531581287 0.2032795246440454
5.759586531581287 0.1909595534534972
5.759586531581287 0.17863958226294901
5.759586531581287 0.16631961107240087
5.759586531581287 0.1539996398818527
5.759586531581287 0.1416796686913045
5.759586531581287 0.12935969750075632
5.759586531581287 0.11703972631020816
5.759586531581287 0.10471975511965999
5.759586531581287 0.09239978392911181
5.759586531581287 0.0800798127385634
5.759586531581287 0.06775984154801523
5.759586531581287 0.055439870357467065
5.759586531581287 0.04311989916691889
5.759586531581287 0.030799927976370715
5.759586531581287 0.018479956785822323
5.759586531581287 0.0061599855952741474
5.759586531581287 -0.006159985595274025
5.759586531581287 -0.018479956785822198
5.759586531581287 -0.03079992797637037
5.759586531581287 -0.04311989916691877
5.759586531581287 -0.05543987035746694
5.759586531581287 -0.0677598415480151
5.759586531581287 -0.0800798127385633
5.759586531581287 -0.09239978392911147
5.759586531581287 -0.10471975511965986
5.759586531581287 -0.11703972631020804
5.759586531581287 -0.1293596975007562
5.759586531581287 -0.14167966869130438
5.759586531581287 -0.15399963988185256
5.759586531581287 -0.16631961107240073
5.759586531581287 -0.17863958226294913
5.759586531581287 -0.1909595534534973
5.759586531581287 -0.20327952464404547
5.759586531581287 -0.21559949583459365
5.759586531581287 -0.2279194670251418
5.759586531581287 -0.24023943821569
5.759586531581287 -0.25255940940623817
5.759586531581287 -0.26487938059678634
5.759586531581287 -0.2771993517873345
5.759586531581287 -0.2895193229778827
5.759586531581287 -0.30183929416843086
5.759586531581287 -0.31415926535897926
5.759586531581287 -0.3264792365495274
5.759586531581287 -0.3387992077400756
5.759586531581287 -0.3511191789306238
5.759586531581287 -0.36343915012117195
5.759586531581287 -0.37575912131172035
5.759586531581287 -0.3880790925022685
5.759586531581287 -0.4003990636928167
5.759586531581287 -0.41271903488336487
5.759586531581287 -0.425039006073913
5.759586531581287 -0.43735897726446143
5.759586531581287 -0.44967894845500916
5.759586531581287 -0.46199891964555734
5.759586531581287 -0.47431889083610596
5.759586531581287 -0.48663886202665413
5.759586531581287 -0.4989588332172023
5.759586531581287 -0.5112788044077505
5.759586531581287 -0.5235987755982987
5.759586531581287 -0.5359187467888469
5.759586531581287 -0.5482387179793949
5.759586531581287 -0.5605586891699431
5.759586531581287 -0.5728786603604913
5.759586531581287 -0.5851986315510395
5.759586531581287 -0.5975186027415876
5.759586531581287 -0.6098385739321363
5.759586531581287 -0.6221585451226845
5.759586531581287 -0.6344785163132326
5.759586531581287 -0.6467984875037809
5.759586531581287 -0.659118458694329
5.759586531581287 -0.6714384298848772
5.759586531581287 -0.6837584010754253
5.759586531581286 -0.6960783722659735
5.759586531581286 -0.7083983434565216
5.759586531581287 -0.7207183146470699
5.759586531581287 -0.7330382858376184
5.759586531581287 -0.7453582570281667
5.759586531581287 -0.7576782282187148
5.759586531581287 -0.769998199409263
5.759586531581287 -0.7823181705998111
5.759586531581287 -0.7946381417903594
5.759586531581287 -0.8069581129809075
5.759586531581287 -0.8192780841714558
5.759586531581287 -0.8315980553620039
5.759586531581287 -0.843918026552552
5.759586531581286 -0.8562379977431002
5.759586531581287 -0.8685579689336489
5.759586531581287 -0.8808779401241971
5.759586531581287 -0.8931979113147452
5.759586531581287 -0.9055178825052933
5.759586531581287 -0.9178378536958415
5.759586531581287 -0.9301578248863897
5.759586531581287 -0.9424777960769378
5.759586531581287 -0.954797767267486
5.759586531581287 -0.9671177384580342
5.759586531581287 -0.9794377096485823
5.759586531581287 -0.9917576808391311
5.759586531581287 -1.004077652029679
5.759586531581287 -1.0163976232202274
5.759586531581287 -1.0287175944107756
5.759586531581287 -1.0410375656013238
5.759586531581287 -1.053357536791872
5.759586531581287 -1.0656775079824201
5.759586531581287 -1.0779974791729683
5.759586531581287 -1.0903174503635165
5.759586531581287 -1.1026374215540646
5.759586531581287 -1.1149573927446128
5.759586531581286 -1.1272773639351616
5.759586531581287 -1.1395973351257094
5.759586531581287 -1.1519173063162578
5.759586531581287 -1.1642372775068057
5.759586531581287 -1.1765572486973541
5.759586531581287 -1.1888772198879023
5.759586531581287 -1.2011971910784505
5.759586531581287 -1.2135171622689989
5.759586531581287 -1.2258371334595466
5.759586531581287 -1.2381571046500952
5.759586531581287 -1.2504770758406427
5.759586531581287 -1.2627970470311911
5.759586531581287 -1.2751170182217393
5.759586531581287 -1.2874369894122877
5.759586531581287 -1.2997569606028359
5.759586531581287 -1.312076931793384
5.759586531581287 -1.324396902983932
5.759586531581287 -1.3367168741744804
5.759586531581287 -1.3490368453650288
5.759586531581287 -1.3613568165555767
5.759586531581287 -1.3736767877461251
5.759586531581287 -1.3859967589366728
5.759586531581287 -1.398316730127222
5.759586531581287 -1.4106367013177699
5.759586531581287 -1.422956672508318
5.759586531581287 -1.4352766436988664
5.759586531581287 -1.4475966148894144
5.759586531581287 -1.4599165860799623
5.759586531581287 -1.472236557270511
5.759586531581287 -1.4845565284610587
5.759586531581287 -1.496876499651607
5.759586531581287 -1.509196470842156
5.759586531581287 -1.5215164420327045
5.759586531581287 -1.5338364132232525
5.759586531581287 -1.5461563844137995
5.759586531581287 -1.5584763556043528
5.759586531581286 -1.5707963267948966
0 1.5707963267948966
6.283185307179585 1.5584763556043528
6.283185307179585 1.5461563844137995
6.283185307179585 1.5338364132232525
6.283185307179585 1.5215164420327045
6.283185307179585 1.509196470842156
6.283185307179585 1.4968764996516084
6.283185307179585 1.4845565284610598
6.283185307179585 1.472236557270511
6.283185307179585 1.4599165860799632
6.283185307179585 1.4475966148894144
6.283185307179585 1.4352766436988664
6.283185307179585 1.422956672508318
6.283185307179585 1.4106367013177699
6.283185307179585 1.398316730127222
6.283185307179585 1.3859967589366735
6.283185307179585 1.3736767877461251
6.283185307179585 1.3613568165555774
6.283185307179585 1.3490368453650292
6.283185307179585 1.3367168741744808
6.283185307179585 1.3243969029839324
6.283185307179585 1.312076931793384
6.283185307179585 1.2997569606028363
6.283185307179585 1.2874369894122881
6.283185307179585 1.2751170182217397
6.283185307179585 1.2627970470311916
6.283185307179585 1.2504770758406434
6.283185307179585 1.2381571046500952
6.283185307179585 1.2258371334595466
6.283185307179585 1.2135171622689989
6.283185307179585 1.2011971910784507
6.283185307179585 1.1888772198879023
6.283185307179585 1.176557248697354
6.283185307179585 1.1642372775068057
6.283185307179585 1.1519173063162578
6.283185307179585 1.1395973351257094
6.283185307179585 1.127277363935161
6.283185307179585 1.114957392744613
6.283185307179585 1.1026374215540646
6.283185307179585 1.0903174503635165
6.283185307179585 1.0779974791729683
6.283185307179585 1.0656775079824203
6.283185307179585 1.053357536791872
6.283185307179585 1.0410375656013238
6.283185307179585 1.0287175944107756
6.283185307179585 1.0163976232202274
6.283185307179585 1.004077652029679
6.283185307179585 0.991757680839131
6.283185307179585 0.9794377096485827
6.283185307179585 0.9671177384580345
6.283185307179585 0.9547977672674862
6.283185307179585 0.942477796076938
6.283185307179585 0.9301578248863897
6.283185307179585 0.9178378536958416
6.283185307179585 0.9055178825052933
6.283185307179585 0.8931979113147452
6.283185307179585 0.8808779401241968
6.283185307179585 0.8685579689336488
6.283185307179585 0.8562379977431005
6.283185307179585 0.8439180265525523
6.283185307179585 0.8315980553620043
6.283185307179585 0.8192780841714559
6.283185307179585 0.8069581129809078
6.283185307179585 0.7946381417903595
6.283185307179585 0.7823181705998115
6.283185307179585 0.7699981994092633
6.283185307179585 0.7576782282187148
6.283185307179585 0.7453582570281667
6.283185307179585 0.7330382858376184
6.283185307179585 0.7207183146470703
6.283185307179585 0.7083983434565221
6.283185307179585 0.6960783722659738
6.283185307179585 0.6837584010754255
6.283185307179585 0.6714384298848773
6.283185307179585 0.6591184586943294
6.283185307179585 0.6467984875037811
6.283185307179585 0.6344785163132329
6.283185307179585 0.6221585451226846
6.283185307179585 0.6098385739321366
6.283185307179585 0.5975186027415882
6.283185307179585 0.58519863155104
6.283185307179585 0.5728786603604918
6.283185307179585 0.5605586891699438
6.283185307179585 0.5482387179793954
6.283185307179585 0.5359187467888472
6.283185307179585 0.523598775598299
6.283185307179585 0.5112788044077509
6.283185307179585 0.4989588332172027
6.283185307179585 0.4866388620266545
6.283185307179585 0.47431889083610607
6.283185307179585 0.4619989196455579
6.283185307179585 0.4496789484550097
6.283185307179585 0.43735897726446155
6.283185307179585 0.42503900607391343
6.283185307179585 0.412719034883365
6.283185307179585 0.40039906369281686
6.283185307179585 0.38807909250226874
6.283185307179585 0.37575912131172046
6.283185307179585 0.3634391501211723
6.283185307179585 0.35111917893062394
6.283185307179585 0.3387992077400757
6.283185307179585 0.32647923654952765
6.283185307179585 0.3141592653589794
6.283185307179585 0.3018392941684312
6.283185307179585 0.2895193229778828
6.283185307179585 0.2771993517873347
6.283185307179585 0.2648793805967865
6.283185307179585 0.2525594094062383
6.283185307179585 0.2402394382156901
6.283185307179585 0.22791946702514193
6.283185307179585 0.2155994958345936
6.283185307179585 0.2032795246440454
6.283185307179585 0.1909595534534972
6.283185307179585 0.17863958226294901
6.283185307179585 0.16631961107240087
6.283185307179585 0.1539996398818527
6.283185307179585 0.1416796686913045
6.283185307179585 0.12935969750075632
6.283185307179585 0.11703972631020816
6.283185307179585 0.10471975511965999
6.283185307179585 0.09239978392911183
6.283185307179585 0.0800798127385634
6.283185307179585 0.06775984154801523
6.283185307179585 0.055439870357467065
6.283185307179585 0.0431198991669189
6.283185307179585 0.030799927976370715
6.283185307179585 0.018479956785822323
6.283185307179585 0.006159985595274148
6.283185307179585 -0.006159985595274026
6.283185307179585 -0.018479956785822198
6.283185307179585 -0.03079992797637037
6.283185307179585 -0.043119899166918774
6.283185307179585 -0.05543987035746694
6.283185307179585 -0.0677598415480151
6.283185307179585 -0.0800798127385633
6.283185307179585 -0.09239978392911147
6.283185307179585 -0.10471975511965988
6.283185307179585 -0.11703972631020804
6.283185307179585 -0.1293596975007562
6.283185307179585 -0.1416796686913044
6.283185307179585 -0.15399963988185256
6.283185307179585 -0.16631961107240073
6.283185307179585 -0.17863958226294913
6.283185307179585 -0.1909595534534973
6.283185307179585 -0.20327952464404547
6.283185307179585 -0.21559949583459365
6.283185307179585 -0.2279194670251418
6.283185307179585 -0.24023943821569
6.283185307179585 -0.25255940940623817
6.283185307179585 -0.26487938059678634
6.283185307179585 -0.2771993517873345
6.283185307179585 -0.2895193229778827
6.283185307179585 -0.30183929416843086
6.283185307179585 -0.31415926535897926
6.283185307179585 -0.32647923654952743
6.283185307179585 -0.3387992077400756
6.283185307179585 -0.3511191789306238
6.283185307179585 -0.36343915012117195
6.283185307179585 -0.37575912131172035
6.283185307179585 -0.3880790925022685
6.283185307179585 -0.4003990636928167
6.283185307179585 -0.41271903488336487
6.283185307179585 -0.425039006073913
6.283185307179585 -0.43735897726446143
6.283185307179585 -0.44967894845500916
6.283185307179585 -0.46199891964555734
6.283185307179585 -0.474318890836106
6.283185307179585 -0.48663886202665413
6.283185307179585 -0.4989588332172023
6.283185307179585 -0.5112788044077505
6.283185307179585 -0.5235987755982987
6.283185307179585 -0.5359187467888469
6.283185307179585 -0.5482387179793949
6.283185307179585 -0.5605586891699431
6.283185307179585 -0.5728786603604913
6.283185307179585 -0.5851986315510395
6.283185307179585 -0.5975186027415876
6.283185307179585 -0.6098385739321363
6.283185307179585 -0.6221585451226845
6.283185307179585 -0.6344785163132326
6.283185307179585 -0.6467984875037809
6.283185307179585 -0.659118458694329
6.283185307179585 -0.6714384298848772
6.283185307179585 -0.6837584010754253
6.283185307179585 -0.6960783722659735
6.283185307179585 -0.7083983434565216
6.283185307179585 -0.7207183146470699
6.283185307179585 -0.7330382858376184
6.283185307179585 -0.7453582570281667
6.283185307179585 -0.7576782282187148
6.283185307179585 -0.769998199409263
6.283185307179585 -0.7823181705998111
6.283185307179585 -0.7946381417903594
6.283185307179585 -0.8069581129809075
6.283185307179585 -0.8192780841714558
6.283185307179585 -0.8315980553620039
6.283185307179585 -0.843918026552552
6.283185307179585 -0.8562379977431002
6.283185307179585 -0.8685579689336488
6.283185307179585 -0.8808779401241971
6.283185307179585 -0.8931979113147452
6.283185307179585 -0.9055178825052933
6.283185307179585 -0.9178378536958416
6.283185307179585 -0.9301578248863897
6.283185307179585 -0.9424777960769378
6.283185307179585 -0.954797767267486
6.283185307179585 -0.9671177384580342
6.283185307179585 -0.9794377096485823
6.283185307179585 -0.9917576808391311
6.283185307179585 -1.004077652029679
6.283185307179585 -1.0163976232202274
6.283185307179585 -1.0287175944107756
6.283185307179585 -1.0410375656013238
6.283185307179585 -1.053357536791872
6.283185307179585 -1.0656775079824201
6.283185307179585 -1.0779974791729683
6.283185307179585 -1.0903174503635165
6.283185307179585 -1.1026374215540646
6.283185307179585 -1.1149573927446128
6.283185307179585 -1.1272773639351616
6.283185307179585 -1.1395973351257098
6.283185307179585 -1.1519173063162578
6.283185307179585 -1.1642372775068057
6.283185307179585 -1.1765572486973541
6.283185307179585 -1.1888772198879023
6.283185307179585 -1.2011971910784505
6.283185307179585 -1.2135171622689989
6.283185307179585 -1.2258371334595466
6.283185307179585 -1.2381571046500952
6.283185307179585 -1.250477075840643
6.283185307179585 -1.2627970470311916
6.283185307179585 -1.2751170182217393
6.283185307179585 -1.2874369894122877
6.283185307179585 -1.2997569606028359
6.283185307179585 -1.312076931793384
6.283185307179585 -1.324396902983932
6.283185307179585 -1.3367168741744804
6.283185307179585 -1.3490368453650288
6.283185307179585 -1.3613568165555767
6.283185307179585 -1.3736767877461251
6.283185307179585 -1.3859967589366728
6.283185307179585 -1.398316730127222
6.283185307179585 -1.4106367013177699
6.283185307179585 -1.422956672508318
6.283185307179585 -1.4352766436988664
6.283185307179585 -1.4475966148894144
6.283185307179585 -1.4599165860799623
6.283185307179585 -1.472236557270511
6.283185307179585 -1.4845565284610587
6.283185307179585 -1.496876499651607
6.283185307179585 -1.509196470842156
6.283185307179585 -1.5215164420327045
6.283185307179585 -1.5338364132232525
6.283185307179585 -1.5461563844137995
6.283185307179585 -1.5584763556043528
6.283185307179585 -1.5707963267948966
0 1.5707963267948966
0.5235987755982981 1.5584763556043528
0.5235987755982981 1.5461563844137995
0.5235987755982981 1.5338364132232525
0.5235987755982981 1.5215164420327045
0.5235987755982981 1.509196470842156
0.5235987755982981 1.4968764996516084
0.523598775598298 1.4845565284610598
0.5235987755982981 1.472236557270511
0.5235987755982981 1.4599165860799632
0.5235987755982981 1.4475966148894144
0.5235987755982981 1.4352766436988664
0.5235987755982981 1.422956672508318
0.5235987755982981 1.4106367013177699
0.5235987755982981 1.398316730127222
0.5235987755982981 1.3859967589366735
0.5235987755982981 1.3736767877461251
0.5235987755982981 1.3613568165555774
0.5235987755982981 1.3490368453650292
0.5235987755982981 1.3367168741744808
0.5235987755982981 1.3243969029839324
0.5235987755982981 1.312076931793384
0.5235987755982981 1.2997569606028359
0.5235987755982981 1.2874369894122881
0.5235987755982981 1.2751170182217397
0.5235987755982981 1.2627970470311916
0.5235987755982981 1.2504770758406434
0.5235987755982981 1.2381571046500952
0.5235987755982981 1.2258371334595466
0.5235987755982981 1.2135171622689989
0.5235987755982981 1.2011971910784505
0.5235987755982981 1.1888772198879023
0.5235987755982981 1.176557248697354
0.5235987755982981 1.1642372775068057
0.5235987755982981 1.1519173063162578
0.5235987755982981 1.1395973351257094
0.5235987755982981 1.127277363935161
0.5235987755982981 1.114957392744613
0.5235987755982981 1.1026374215540646
0.5235987755982981 1.0903174503635165
0.5235987755982981 1.0779974791729683
0.5235987755982981 1.0656775079824203
0.5235987755982981 1.053357536791872
0.523598775598298 1.0410375656013238
0.5235987755982981 1.0287175944107756
0.5235987755982981 1.0163976232202274
0.5235987755982981 1.004077652029679
0.5235987755982981 0.991757680839131
0.5235987755982981 0.9794377096485827
0.5235987755982981 0.9671177384580345
0.5235987755982981 0.9547977672674862
0.5235987755982981 0.942477796076938
0.5235987755982981 0.9301578248863897
0.523598775598298 0.9178378536958416
0.5235987755982981 0.9055178825052935
0.5235987755982981 0.8931979113147452
0.5235987755982981 0.8808779401241968
0.5235987755982981 0.8685579689336488
0.5235987755982981 0.8562379977431005
0.5235987755982981 0.8439180265525523
0.5235987755982981 0.8315980553620043
0.5235987755982981 0.8192780841714559
0.523598775598298 0.8069581129809077
0.5235987755982981 0.7946381417903595
0.5235987755982981 0.7823181705998112
0.5235987755982981 0.7699981994092632
0.5235987755982981 0.7576782282187148
0.5235987755982981 0.7453582570281667
0.5235987755982981 0.7330382858376184
0.5235987755982981 0.7207183146470703
0.5235987755982981 0.7083983434565221
0.5235987755982981 0.6960783722659738
0.523598775598298 0.6837584010754255
0.5235987755982981 0.6714384298848773
0.5235987755982981 0.6591184586943294
0.5235987755982981 0.6467984875037811
0.5235987755982981 0.6344785163132329
0.5235987755982981 0.6221585451226846
0.5235987755982981 0.6098385739321366
0.5235987755982981 0.5975186027415882
0.5235987755982981 0.58519863155104
0.5235987755982981 0.5728786603604918
0.5235987755982981 0.5605586891699438
0.5235987755982981 0.5482387179793954
0.5235987755982981 0.5359187467888471
0.5235987755982981 0.523598775598299
0.5235987755982981 0.5112788044077509
0.5235987755982981 0.4989588332172027
0.5235987755982981 0.4866388620266545
0.5235987755982981 0.47431889083610607
0.5235987755982981 0.4619989196455579
0.5235987755982981 0.4496789484550097
0.5235987755982981 0.43735897726446155
0.5235987755982981 0.4250390060739134
0.5235987755982981 0.412719034883365
0.5235987755982981 0.4003990636928168
0.5235987755982981 0.38807909250226863
0.5235987755982981 0.37575912131172046
0.5235987755982981 0.3634391501211723
0.5235987755982981 0.3511191789306239
0.5235987755982981 0.3387992077400757
0.5235987755982981 0.3264792365495276
0.5235987755982981 0.31415926535897937
0.5235987755982981 0.3018392941684312
0.5235987755982981 0.2895193229778828
0.5235987755982981 0.2771993517873346
0.5235987755982981 0.26487938059678645
0.5235987755982981 0.2525594094062383
0.5235987755982981 0.2402394382156901
0.5235987755982981 0.22791946702514193
0.5235987755982981 0.2155994958345936
0.5235987755982981 0.2032795246440454
0.5235987755982981 0.1909595534534972
0.5235987755982981 0.17863958226294901
0.5235987755982981 0.16631961107240087
0.5235987755982981 0.1539996398818527
0.5235987755982981 0.1416796686913045
0.5235987755982981 0.12935969750075632
0.5235987755982981 0.11703972631020816
0.5235987755982981 0.10471975511965999
0.5235987755982981 0.09239978392911181
0.5235987755982981 0.0800798127385634
0.5235987755982981 0.06775984154801523
0.5235987755982981 0.055439870357467065
0.5235987755982981 0.04311989916691889
0.5235987755982981 0.030799927976370715
0.5235987755982981 0.018479956785822323
0.5235987755982981 0.0061599855952741474
0.5235987755982981 -0.006159985595274025
0.5235987755982981 -0.018479956785822198
0.5235987755982981 -0.03079992797637037
0.5235987755982981 -0.04311989916691877
0.5235987755982981 -0.05543987035746694
0.5235987755982981 -0.0677598415480151
0.5235987755982981 -0.0800798127385633
0.5235987755982981 -0.09239978392911147
0.5235987755982981 -0.10471975511965986
0.5235987755982981 -0.11703972631020804
0.5235987755982981 -0.1293596975007562
0.5235987755982981 -0.14167966869130438
0.5235987755982981 -0.15399963988185256
0.5235987755982981 -0.16631961107240073
0.5235987755982981 -0.17863958226294913
0.5235987755982981 -0.1909595534534973
0.5235987755982981 -0.20327952464404547
0.5235987755982981 -0.21559949583459365
0.5235987755982981 -0.2279194670251418
0.5235987755982981 -0.24023943821569
0.5235987755982981 -0.25255940940623817
0.5235987755982981 -0.26487938059678634
0.5235987755982981 -0.2771993517873345
0.5235987755982981 -0.2895193229778827
0.5235987755982981 -0.30183929416843086
0.5235987755982981 -0.31415926535897926
0.5235987755982981 -0.3264792365495274
0.5235987755982981 -0.3387992077400756
0.5235987755982981 -0.3511191789306238
0.5235987755982981 -0.36343915012117195
0.5235987755982981 -0.37575912131172035
0.5235987755982981 -0.3880790925022685
0.5235987755982981 -0.4003990636928167
0.5235987755982981 -0.41271903488336487
0.5235987755982981 -0.425039006073913
0.5235987755982981 -0.43735897726446143
0.5235987755982981 -0.44967894845500916
0.5235987755982981 -0.46199891964555734
0.5235987755982981 -0.47431889083610596
0.5235987755982981 -0.48663886202665413
0.5235987755982981 -0.4989588332172023
0.5235987755982981 -0.5112788044077505
0.523598775598298 -0.5235987755982986
0.5235987755982981 -0.5359187467888469
0.5235987755982981 -0.5482387179793949
0.5235987755982981 -0.5605586891699431
0.5235987755982981 -0.5728786603604913
0.5235987755982981 -0.5851986315510395
0.5235987755982981 -0.5975186027415876
0.5235987755982981 -0.6098385739321363
0.5235987755982981 -0.6221585451226845
0.5235987755982981 -0.6344785163132326
0.5235987755982981 -0.6467984875037809
0.5235987755982981 -0.659118458694329
0.5235987755982981 -0.6714384298848772
0.5235987755982981 -0.6837584010754253
0.5235987755982981 -0.6960783722659735
0.5235987755982981 -0.7083983434565216
0.5235987755982981 -0.7207183146470699
0.5235987755982981 -0.7330382858376184
0.5235987755982981 -0.7453582570281667
0.5235987755982981 -0.7576782282187148
0.5235987755982981 -0.769998199409263
0.5235987755982981 -0.7823181705998111
0.5235987755982981 -0.7946381417903594
0.5235987755982981 -0.8069581129809075
0.5235987755982981 -0.8192780841714558
0.5235987755982981 -0.8315980553620039
0.5235987755982981 -0.843918026552552
0.5235987755982981 -0.8562379977431002
0.5235987755982981 -0.8685579689336489
0.5235987755982981 -0.8808779401241971
0.5235987755982981 -0.8931979113147452
0.5235987755982981 -0.9055178825052935
0.523598775598298 -0.9178378536958415
0.5235987755982981 -0.9301578248863897
0.5235987755982983 -0.9424777960769378
0.5235987755982981 -0.954797767267486
0.5235987755982981 -0.9671177384580342
0.5235987755982981 -0.9794377096485823
0.5235987755982981 -0.9917576808391311
0.5235987755982981 -1.004077652029679
0.5235987755982981 -1.0163976232202274
0.5235987755982981 -1.0287175944107756
0.523598775598298 -1.0410375656013238
0.5235987755982981 -1.053357536791872
0.5235987755982981 -1.0656775079824201
0.5235987755982981 -1.0779974791729683
0.5235987755982981 -1.0903174503635165
0.5235987755982981 -1.1026374215540646
0.5235987755982981 -1.1149573927446128
0.5235987755982981 -1.1272773639351616
0.5235987755982981 -1.1395973351257094
0.5235987755982981 -1.1519173063162578
0.5235987755982981 -1.1642372775068057
0.5235987755982981 -1.1765572486973541
0.5235987755982981 -1.1888772198879023
0.5235987755982981 -1.2011971910784505
0.5235987755982981 -1.2135171622689989
0.5235987755982981 -1.2258371334595466
0.5235987755982981 -1.2381571046500952
0.5235987755982981 -1.2504770758406427
0.5235987755982981 -1.2627970470311916
0.5235987755982983 -1.2751170182217393
0.5235987755982981 -1.2874369894122877
0.5235987755982981 -1.2997569606028359
0.5235987755982981 -1.312076931793384
0.5235987755982981 -1.324396902983932
0.5235987755982981 -1.3367168741744804
0.5235987755982981 -1.3490368453650288
0.5235987755982981 -1.3613568165555767
0.5235987755982981 -1.3736767877461251
0.5235987755982981 -1.3859967589366728
0.5235987755982981 -1.398316730127222
0.5235987755982981 -1.4106367013177699
0.5235987755982981 -1.422956672508318
0.5235987755982981 -1.4352766436988664
0.5235987755982981 -1.4475966148894144
0.5235987755982981 -1.4599165860799623
0.5235987755982981 -1.472236557270511
0.523598775598298 -1.4845565284610587
0.5235987755982981 -1.496876499651607
0.5235987755982981 -1.509196470842156
0.5235987755982981 -1.5215164420327045
0.523598775598298 -1.5338364132232525
0.5235987755982981 -1.5461563844137995
0.5235987755982981 -1.5584763556043528
0.5235987755982981 -1.5707963267948966
0 1.5707963267948966
1.047197551196597 1.5584763556043528
1.047197551196597 1.5461563844137995
1.047197551196597 1.5338364132232525
1.047197551196597 1.5215164420327045
1.047197551196597 1.509196470842156
1.047197551196597 1.4968764996516084
1.047197551196597 1.4845565284610598
1.047197551196597 1.472236557270511
1.047197551196597 1.4599165860799632
1.047197551196597 1.4475966148894144
1.047197551196597 1.4352766436988664
1.047197551196597 1.422956672508318
1.047197551196597 1.4106367013177699
1.047197551196597 1.398316730127222
1.047197551196597 1.3859967589366735
1.047197551196597 1.3736767877461251
1.047197551196597 1.3613568165555774
1.047197551196597 1.3490368453650292
1.047197551196597 1.3367168741744808
1.047197551196597 1.3243969029839324
1.047197551196597 1.312076931793384
1.047197551196597 1.2997569606028359
1.047197551196597 1.2874369894122881
1.047197551196597 1.2751170182217397
1.047197551196597 1.2627970470311916
1.047197551196597 1.2504770758406434
1.047197551196597 1.2381571046500952
1.047197551196597 1.2258371334595466
1.047197551196597 1.2135171622689989
1.047197551196597 1.2011971910784507
1.047197551196597 1.1888772198879023
1.047197551196597 1.176557248697354
1.047197551196597 1.1642372775068057
1.047197551196597 1.1519173063162578
1.047197551196597 1.1395973351257094
1.047197551196597 1.127277363935161
1.047197551196597 1.114957392744613
1.047197551196597 1.1026374215540646
1.047197551196597 1.0903174503635165
1.047197551196597 1.0779974791729683
1.047197551196597 1.0656775079824203
1.047197551196597 1.053357536791872
1.047197551196597 1.0410375656013238
1.047197551196597 1.0287175944107756
1.047197551196597 1.0163976232202274
1.047197551196597 1.004077652029679
1.047197551196597 0.991757680839131
1.047197551196597 0.9794377096485827
1.047197551196597 0.9671177384580345
1.047197551196597 0.9547977672674862
1.047197551196597 0.942477796076938
1.047197551196597 0.9301578248863897
1.047197551196597 0.9178378536958416
1.047197551196597 0.9055178825052933
1.047197551196597 0.8931979113147452
1.047197551196597 0.8808779401241968
1.047197551196597 0.8685579689336488
1.047197551196597 0.8562379977431005
1.047197551196597 0.8439180265525523
1.047197551196597 0.8315980553620043
1.047197551196597 0.8192780841714559
1.047197551196597 0.8069581129809078
1.047197551196597 0.7946381417903595
1.047197551196597 0.7823181705998112
1.047197551196597 0.7699981994092633
1.047197551196597 0.7576782282187148
1.047197551196597 0.7453582570281667
1.047197551196597 0.7330382858376184
1.047197551196597 0.7207183146470704
1.047197551196597 0.7083983434565221
1.047197551196597 0.6960783722659738
1.047197551196597 0.6837584010754255
1.047197551196597 0.6714384298848773
1.047197551196597 0.6591184586943293
1.047197551196597 0.6467984875037811
1.047197551196597 0.6344785163132329
1.047197551196597 0.6221585451226846
1.047197551196597 0.6098385739321365
1.047197551196597 0.5975186027415882
1.047197551196597 0.5851986315510401
1.047197551196597 0.5728786603604918
1.047197551196597 0.5605586891699438
1.047197551196597 0.5482387179793954
1.047197551196597 0.5359187467888472
1.047197551196597 0.523598775598299
1.047197551196597 0.5112788044077509
1.047197551196597 0.4989588332172027
1.047197551196597 0.4866388620266545
1.047197551196597 0.47431889083610607
1.047197551196597 0.4619989196455579
1.047197551196597 0.4496789484550097
1.047197551196597 0.43735897726446155
1.047197551196597 0.42503900607391343
1.047197551196597 0.412719034883365
1.047197551196597 0.40039906369281686
1.047197551196597 0.38807909250226874
1.047197551196597 0.3757591213117205
1.047197551196597 0.3634391501211723
1.047197551196597 0.3511191789306239
1.047197551196597 0.33879920774007577
1.047197551196597 0.3264792365495276
1.047197551196597 0.3141592653589794
1.047197551196597 0.30183929416843125
1.047197551196597 0.2895193229778828
1.047197551196597 0.2771993517873347
1.047197551196597 0.2648793805967865
1.047197551196597 0.2525594094062383
1.047197551196597 0.2402394382156901
1.047197551196597 0.22791946702514193
1.047197551196597 0.21559949583459356
1.047197551196597 0.2032795246440454
1.047197551196597 0.1909595534534972
1.047197551196597 0.17863958226294904
1.047197551196597 0.16631961107240087
1.047197551196597 0.1539996398818527
1.047197551196597 0.1416796686913045
1.047197551196597 0.12935969750075635
1.047197551196597 0.11703972631020816
1.047197551196597 0.10471975511965999
1.047197551196597 0.09239978392911181
1.047197551196597 0.0800798127385634
1.047197551196597 0.06775984154801523
1.047197551196597 0.055439870357467065
1.047197551196597 0.04311989916691889
1.047197551196597 0.030799927976370715
1.047197551196597 0.018479956785822323
1.047197551196597 0.0061599855952741474
1.047197551196597 -0.006159985595274025
1.047197551196597 -0.018479956785822198
1.047197551196597 -0.03079992797637037
1.047197551196597 -0.04311989916691877
1.047197551196597 -0.05543987035746694
1.047197551196597 -0.0677598415480151
1.047197551196597 -0.0800798127385633
1.047197551196597 -0.09239978392911147
1.047197551196597 -0.10471975511965986
1.047197551196597 -0.11703972631020804
1.047197551196597 -0.12935969750075624
1.047197551196597 -0.1416796686913044
1.047197551196597 -0.15399963988185256
1.047197551196597 -0.16631961107240073
1.047197551196597 -0.17863958226294913
1.047197551196597 -0.1909595534534973
1.047197551196597 -0.20327952464404547
1.047197551196597 -0.21559949583459365
1.047197551196597 -0.22791946702514182
1.047197551196597 -0.24023943821569
1.047197551196597 -0.25255940940623817
1.047197551196597 -0.26487938059678634
1.047197551196597 -0.2771993517873345
1.047197551196597 -0.2895193229778827
1.047197551196597 -0.30183929416843086
1.047197551196597 -0.31415926535897926
1.047197551196597 -0.3264792365495274
1.047197551196597 -0.3387992077400756
1.047197551196597 -0.35111917893062383
1.047197551196597 -0.36343915012117195
1.047197551196597 -0.37575912131172035
1.047197551196597 -0.3880790925022685
1.047197551196597 -0.4003990636928167
1.047197551196597 -0.41271903488336487
1.047197551196597 -0.425039006073913
1.047197551196597 -0.43735897726446143
1.047197551196597 -0.44967894845500916
1.047197551196597 -0.46199891964555734
1.047197551196597 -0.47431889083610596
1.047197551196597 -0.48663886202665413
1.047197551196597 -0.49895883321720236
1.047197551196597 -0.5112788044077505
1.047197551196597 -0.5235987755982987
1.047197551196597 -0.5359187467888469
1.047197551196597 -0.5482387179793952
1.047197551196597 -0.5605586891699431
1.047197551196597 -0.5728786603604913
1.047197551196597 -0.5851986315510395
1.047197551196597 -0.5975186027415876
1.047197551196597 -0.6098385739321363
1.047197551196597 -0.6221585451226846
1.047197551196597 -0.6344785163132326
1.047197551196597 -0.6467984875037809
1.047197551196597 -0.659118458694329
1.047197551196597 -0.6714384298848772
1.047197551196597 -0.6837584010754253
1.047197551196597 -0.6960783722659735
1.047197551196597 -0.7083983434565216
1.047197551196597 -0.7207183146470699
1.047197551196597 -0.7330382858376184
1.047197551196597 -0.7453582570281667
1.047197551196597 -0.7576782282187148
1.047197551196597 -0.769998199409263
1.047197551196597 -0.7823181705998111
1.047197551196597 -0.7946381417903594
1.047197551196597 -0.8069581129809075
1.047197551196597 -0.8192780841714558
1.047197551196597 -0.8315980553620039
1.047197551196597 -0.843918026552552
1.047197551196597 -0.8562379977431002
1.047197551196597 -0.8685579689336488
1.047197551196597 -0.8808779401241971
1.047197551196597 -0.8931979113147452
1.047197551196597 -0.9055178825052933
1.047197551196597 -0.9178378536958416
1.047197551196597 -0.9301578248863897
1.047197551196597 -0.9424777960769378
1.047197551196597 -0.954797767267486
1.047197551196597 -0.9671177384580342
1.047197551196597 -0.9794377096485823
1.047197551196597 -0.9917576808391311
1.047197551196597 -1.004077652029679
1.047197551196597 -1.0163976232202274
1.047197551196597 -1.0287175944107756
1.047197551196597 -1.0410375656013238
1.047197551196597 -1.053357536791872
1.047197551196597 -1.0656775079824203
1.047197551196597 -1.0779974791729683
1.047197551196597 -1.0903174503635165
1.047197551196597 -1.1026374215540646
1.047197551196597 -1.1149573927446128
1.047197551196597 -1.1272773639351616
1.047197551196597 -1.1395973351257098
1.047197551196597 -1.1519173063162578
1.047197551196597 -1.1642372775068057
1.047197551196597 -1.1765572486973541
1.047197551196597 -1.1888772198879023
1.047197551196597 -1.2011971910784505
1.047197551196597 -1.2135171622689989
1.047197551196597 -1.2258371334595466
1.047197551196597 -1.2381571046500952
1.047197551196597 -1.250477075840643
1.047197551196597 -1.2627970470311916
1.047197551196597 -1.2751170182217397
1.047197551196597 -1.2874369894122877
1.047197551196597 -1.2997569606028359
1.047197551196597 -1.312076931793384
1.047197551196597 -1.324396902983932
1.047197551196597 -1.3367168741744804
1.047197551196597 -1.3490368453650288
1.047197551196597 -1.3613568165555767
1.047197551196597 -1.3736767877461251
1.047197551196597 -1.3859967589366728
1.047197551196597 -1.398316730127222
1.047197551196597 -1.4106367013177699
1.047197551196597 -1.422956672508318
1.047197551196597 -1.4352766436988664
1.047197551196597 -1.4475966148894144
1.047197551196597 -1.4599165860799623
1.047197551196597 -1.472236557270511
1.047197551196597 -1.4845565284610587
1.047197551196597 -1.496876499651607
1.047197551196597 -1.509196470842156
1.047197551196597 -1.5215164420327045
1.047197551196597 -1.5338364132232525
1.047197551196597 -1.5461563844137995
1.047197551196597 -1.5584763556043528
1.047197551196597 -1.5707963267948966
0 1.5707963267948966
1.5707963267948957 1.5584763556043528
1.5707963267948957 1.5461563844137995
1.5707963267948957 1.5338364132232525
1.5707963267948957 1.5215164420327045
1.5707963267948957 1.509196470842156
1.5707963267948957 1.4968764996516084
1.5707963267948957 1.4845565284610598
1.5707963267948957 1.472236557270511
1.5707963267948957 1.4599165860799632
1.5707963267948957 1.4475966148894144
1.5707963267948957 1.4352766436988664
1.5707963267948957 1.422956672508318
1.5707963267948957 1.4106367013177699
1.5707963267948957 1.398316730127222
1.5707963267948957 1.3859967589366735
1.5707963267948957 1.3736767877461251
1.5707963267948957 1.3613568165555774
1.5707963267948957 1.3490368453650292
1.5707963267948957 1.3367168741744808
1.5707963267948957 1.3243969029839324
1.5707963267948957 1.312076931793384
1.5707963267948957 1.2997569606028363
1.5707963267948957 1.2874369894122881
1.5707963267948957 1.2751170182217397
1.5707963267948957 1.2627970470311916
1.5707963267948957 1.2504770758406434
1.5707963267948957 1.2381571046500952
1.5707963267948957 1.2258371334595466
1.5707963267948957 1.2135171622689989
1.5707963267948957 1.2011971910784507
1.5707963267948957 1.1888772198879023
1.5707963267948957 1.176557248697354
1.5707963267948957 1.1642372775068057
1.5707963267948957 1.1519173063162578
1.5707963267948957 1.1395973351257094
1.5707963267948957 1.127277363935161
1.5707963267948957 1.114957392744613
1.5707963267948957 1.1026374215540646
1.5707963267948957 1.0903174503635165
1.5707963267948957 1.0779974791729683
1.5707963267948957 1.0656775079824203
1.5707963267948957 1.053357536791872
1.5707963267948957 1.0410375656013238
1.5707963267948957 1.0287175944107756
1.5707963267948957 1.0163976232202274
1.5707963267948957 1.004077652029679
1.5707963267948957 0.991757680839131
1.5707963267948957 0.9794377096485827
1.5707963267948957 0.9671177384580345
1.5707963267948957 0.9547977672674862
1.5707963267948957 0.942477796076938
1.5707963267948957 0.9301578248863897
1.5707963267948957 0.9178378536958416
1.5707963267948957 0.9055178825052933
1.5707963267948957 0.8931979113147452
1.5707963267948957 0.8808779401241968
1.5707963267948957 0.8685579689336488
1.5707963267948957 0.8562379977431005
1.5707963267948957 0.8439180265525523
1.5707963267948957 0.8315980553620043
1.5707963267948957 0.8192780841714559
1.5707963267948957 0.8069581129809078
1.5707963267948957 0.7946381417903595
1.5707963267948957 0.7823181705998115
1.5707963267948957 0.7699981994092633
1.5707963267948957 0.7576782282187148
1.5707963267948957 0.7453582570281667
1.5707963267948957 0.7330382858376184
1.5707963267948957 0.7207183146470703
1.5707963267948957 0.7083983434565221
1.5707963267948957 0.6960783722659738
1.5707963267948957 0.6837584010754255
1.5707963267948957 0.6714384298848773
1.5707963267948957 0.6591184586943294
1.5707963267948957 0.6467984875037811
1.5707963267948957 0.6344785163132329
1.5707963267948957 0.6221585451226846
1.5707963267948957 0.6098385739321366
1.5707963267948957 0.5975186027415882
1.5707963267948957 0.58519863155104
1.5707963267948957 0.5728786603604918
1.5707963267948957 0.5605586891699438
1.5707963267948957 0.5482387179793954
1.5707963267948957 0.5359187467888472
1.5707963267948957 0.523598775598299
1.5707963267948957 0.5112788044077509
1.5707963267948957 0.4989588332172027
1.5707963267948957 0.4866388620266545
1.5707963267948957 0.47431889083610607
1.5707963267948957 0.4619989196455579
1.5707963267948957 0.4496789484550097
1.5707963267948957 0.43735897726446155
1.5707963267948957 0.42503900607391343
1.5707963267948957 0.412719034883365
1.5707963267948957 0.40039906369281686
1.5707963267948957 0.38807909250226874
1.5707963267948957 0.37575912131172046
1.5707963267948957 0.3634391501211723
1.5707963267948957 0.35111917893062394
1.5707963267948957 0.3387992077400757
1.5707963267948957 0.32647923654952765
1.5707963267948957 0.3141592653589794
1.5707963267948957 0.3018392941684312
1.5707963267948957 0.2895193229778828
1.5707963267948957 0.2771993517873347
1.5707963267948957 0.2648793805967865
1.5707963267948957 0.2525594094062383
1.5707963267948957 0.2402394382156901
1.5707963267948957 0.22791946702514193
1.5707963267948957 0.2155994958345936
1.5707963267948957 0.2032795246440454
1.5707963267948957 0.1909595534534972
1.5707963267948957 0.17863958226294901
1.5707963267948957 0.16631961107240087
1.5707963267948957 0.1539996398818527
1.5707963267948957 0.1416796686913045
1.5707963267948957 0.12935969750075632
1.5707963267948957 0.11703972631020816
1.5707963267948957 0.10471975511965999
1.5707963267948957 0.09239978392911183
1.5707963267948957 0.0800798127385634
1.5707963267948957 0.06775984154801523
1.5707963267948957 0.055439870357467065
1.5707963267948957 0.0431198991669189
1.5707963267948957 0.030799927976370715
1.5707963267948957 0.018479956785822323
1.5707963267948957 0.006159985595274148
1.5707963267948957 -0.006159985595274026
1.5707963267948957 -0.018479956785822198
1.5707963267948957 -0.03079992797637037
1.5707963267948957 -0.043119899166918774
1.5707963267948957 -0.05543987035746694
1.5707963267948957 -0.0677598415480151
1.5707963267948957 -0.0800798127385633
1.5707963267948957 -0.09239978392911147
1.5707963267948957 -0.10471975511965988
1.5707963267948957 -0.11703972631020804
1.5707963267948957 -0.1293596975007562
1.5707963267948957 -0.1416796686913044
1.5707963267948957 -0.15399963988185256
1.5707963267948957 -0.16631961107240073
1.5707963267948957 -0.17863958226294913
1.5707963267948957 -0.1909595534534973
1.5707963267948957 -0.20327952464404547
1.5707963267948957 -0.21559949583459365
1.5707963267948957 -0.2279194670251418
1.5707963267948957 -0.24023943821569
1.5707963267948957 -0.25255940940623817
1.5707963267948957 -0.26487938059678634
1.5707963267948957 -0.2771993517873345
1.5707963267948957 -0.2895193229778827
1.5707963267948957 -0.30183929416843086
1.5707963267948957 -0.31415926535897926
1.5707963267948957 -0.32647923654952743
1.5707963267948957 -0.3387992077400756
1.5707963267948957 -0.3511191789306238
1.5707963267948957 -0.36343915012117195
1.5707963267948957 -0.37575912131172035
1.5707963267948957 -0.3880790925022685
1.5707963267948957 -0.4003990636928167
1.5707963267948957 -0.41271903488336487
1.5707963267948957 -0.425039006073913
1.5707963267948957 -0.43735897726446143
1.5707963267948957 -0.44967894845500916
1.5707963267948957 -0.46199891964555734
1.5707963267948957 -0.474318890836106
1.5707963267948957 -0.48663886202665413
1.5707963267948957 -0.4989588332172023
1.5707963267948957 -0.5112788044077505
1.5707963267948957 -0.5235987755982987
1.5707963267948957 -0.5359187467888469
1.5707963267948957 -0.5482387179793949
1.5707963267948957 -0.5605586891699431
1.5707963267948957 -0.5728786603604913
1.5707963267948957 -0.5851986315510395
1.5707963267948957 -0.5975186027415876
1.5707963267948957 -0.6098385739321363
1.5707963267948957 -0.6221585451226845
1.5707963267948957 -0.6344785163132326
1.5707963267948957 -0.6467984875037809
1.5707963267948957 -0.659118458694329
1.5707963267948957 -0.6714384298848772
1.5707963267948957 -0.6837584010754253
1.5707963267948957 -0.6960783722659735
1.5707963267948957 -0.7083983434565216
1.5707963267948957 -0.7207183146470699
1.5707963267948957 -0.7330382858376184
1.5707963267948957 -0.7453582570281667
1.5707963267948957 -0.7576782282187148
1.5707963267948957 -0.769998199409263
1.5707963267948957 -0.7823181705998111
1.5707963267948957 -0.7946381417903594
1.5707963267948957 -0.8069581129809075
1.5707963267948957 -0.8192780841714558
1.5707963267948957 -0.8315980553620039
1.5707963267948957 -0.843918026552552
1.5707963267948957 -0.8562379977431002
1.5707963267948957 -0.8685579689336488
1.5707963267948957 -0.8808779401241971
1.5707963267948957 -0.8931979113147452
1.5707963267948957 -0.9055178825052933
1.5707963267948957 -0.9178378536958416
1.5707963267948957 -0.9301578248863897
1.5707963267948957 -0.9424777960769378
1.5707963267948957 -0.954797767267486
1.5707963267948957 -0.9671177384580342
1.5707963267948957 -0.9794377096485823
1.5707963267948957 -0.9917576808391311
1.5707963267948957 -1.004077652029679
1.5707963267948957 -1.0163976232202274
1.5707963267948957 -1.0287175944107756
1.5707963267948957 -1.0410375656013238
1.5707963267948957 -1.053357536791872
1.5707963267948957 -1.0656775079824201
1.5707963267948957 -1.0779974791729683
1.5707963267948957 -1.0903174503635165
1.5707963267948957 -1.1026374215540646
1.5707963267948957 -1.1149573927446128
1.5707963267948957 -1.1272773639351616
1.5707963267948957 -1.1395973351257098
1.5707963267948957 -1.1519173063162578
1.5707963267948957 -1.1642372775068057
1.5707963267948957 -1.1765572486973541
1.5707963267948957 -1.1888772198879023
1.5707963267948957 -1.2011971910784505
1.5707963267948957 -1.2135171622689989
1.5707963267948957 -1.2258371334595466
1.5707963267948957 -1.2381571046500952
1.5707963267948957 -1.250477075840643
1.5707963267948957 -1.2627970470311916
1.5707963267948957 -1.2751170182217393
1.5707963267948957 -1.2874369894122877
1.5707963267948957 -1.2997569606028359
1.5707963267948957 -1.312076931793384
1.5707963267948957 -1.324396902983932
1.5707963267948957 -1.3367168741744804
1.5707963267948957 -1.3490368453650288
1.5707963267948957 -1.3613568165555767
1.5707963267948957 -1.3736767877461251
1.5707963267948957 -1.3859967589366728
1.5707963267948957 -1.398316730127222
1.5707963267948957 -1.4106367013177699
1.5707963267948957 -1.422956672508318
1.5707963267948957 -1.4352766436988664
1.5707963267948957 -1.4475966148894144
1.5707963267948957 -1.4599165860799623
1.5707963267948957 -1.472236557270511
1.5707963267948957 -1.4845565284610587
1.5707963267948957 -1.496876499651607
1.5707963267948957 -1.509196470842156
1.5707963267948957 -1.5215164420327045
1.5707963267948957 -1.5338364132232525
1.5707963267948957 -1.5461563844137995
1.5707963267948957 -1.5584763556043528
1.5707963267948957 -1.5707963267948966
0 1.5707963267948966
2.0943951023931944 1.5584763556043528
2.0943951023931944 1.5461563844137995
2.0943951023931944 1.5338364132232525
2.0943951023931944 1.5215164420327045
2.0943951023931944 1.509196470842156
2.0943951023931944 1.4968764996516084
2.0943951023931944 1.4845565284610598
2.0943951023931944 1.472236557270511
2.0943951023931944 1.4599165860799632
2.0943951023931944 1.4475966148894144
2.0943951023931944 1.4352766436988664
2.0943951023931944 1.422956672508318
2.0943951023931944 1.4106367013177699
2.0943951023931944 1.398316730127222
2.0943951023931944 1.3859967589366735
2.0943951023931944 1.3736767877461251
2.0943951023931944 1.3613568165555774
2.0943951023931944 1.3490368453650292
2.0943951023931944 1.3367168741744808
2.0943951023931944 1.3243969029839324
2.0943951023931944 1.312076931793384
2.0943951023931944 1.2997569606028363
2.0943951023931944 1.2874369894122881
2.0943951023931944 1.2751170182217397
2.0943951023931944 1.2627970470311916
2.0943951023931944 1.2504770758406434
2.0943951023931944 1.2381571046500952
2.0943951023931944 1.225837133459547
2.0943951023931944 1.2135171622689989
2.0943951023931944 1.2011971910784507
2.0943951023931944 1.1888772198879023
2.0943951023931944 1.176557248697354
2.0943951023931944 1.1642372775068057
2.0943951023931944 1.1519173063162578
2.0943951023931944 1.1395973351257094
2.0943951023931944 1.127277363935161
2.0943951023931944 1.114957392744613
2.0943951023931944 1.1026374215540646
2.0943951023931944 1.0903174503635165
2.0943951023931944 1.0779974791729683
2.0943951023931944 1.0656775079824203
2.0943951023931944 1.053357536791872
2.0943951023931944 1.0410375656013238
2.0943951023931944 1.0287175944107756
2.0943951023931944 1.0163976232202274
2.0943951023931944 1.004077652029679
2.0943951023931944 0.991757680839131
2.0943951023931944 0.9794377096485827
2.0943951023931944 0.9671177384580345
2.0943951023931944 0.9547977672674862
2.0943951023931944 0.942477796076938
2.0943951023931944 0.9301578248863897
2.0943951023931944 0.9178378536958416
2.0943951023931944 0.9055178825052935
2.0943951023931944 0.8931979113147452
2.0943951023931944 0.8808779401241971
2.0943951023931944 0.8685579689336488
2.0943951023931944 0.8562379977431005
2.0943951023931944 0.8439180265525523
2.0943951023931944 0.8315980553620043
2.0943951023931944 0.8192780841714559
2.0943951023931944 0.8069581129809078
2.0943951023931944 0.7946381417903595
2.0943951023931944 0.7823181705998112
2.0943951023931944 0.7699981994092633
2.0943951023931944 0.7576782282187148
2.0943951023931944 0.7453582570281667
2.0943951023931944 0.7330382858376184
2.0943951023931944 0.7207183146470704
2.0943951023931944 0.7083983434565221
2.0943951023931944 0.6960783722659738
2.0943951023931944 0.6837584010754257
2.0943951023931944 0.6714384298848773
2.0943951023931944 0.6591184586943294
2.0943951023931944 0.6467984875037811
2.0943951023931944 0.6344785163132329
2.0943951023931944 0.6221585451226846
2.0943951023931944 0.6098385739321366
2.0943951023931944 0.5975186027415882
2.0943951023931944 0.5851986315510401
2.0943951023931944 0.5728786603604918
2.0943951023931944 0.5605586891699438
2.0943951023931944 0.5482387179793955
2.0943951023931944 0.5359187467888471
2.0943951023931944 0.523598775598299
2.0943951023931944 0.5112788044077509
2.0943951023931944 0.49895883321720275
2.0943951023931944 0.4866388620266545
2.0943951023931944 0.47431889083610607
2.0943951023931944 0.4619989196455579
2.0943951023931944 0.4496789484550097
2.0943951023931944 0.43735897726446155
2.0943951023931944 0.42503900607391343
2.0943951023931944 0.412719034883365
2.0943951023931944 0.40039906369281686
2.0943951023931944 0.38807909250226874
2.0943951023931944 0.3757591213117205
2.0943951023931944 0.3634391501211723
2.0943951023931944 0.35111917893062394
2.0943951023931944 0.3387992077400757
2.0943951023931944 0.32647923654952765
2.0943951023931944 0.3141592653589794
2.0943951023931944 0.3018392941684312
2.0943951023931944 0.2895193229778828
2.0943951023931944 0.2771993517873347
2.0943951023931944 0.26487938059678645
2.0943951023931944 0.2525594094062383
2.0943951023931944 0.24023943821569013
2.0943951023931944 0.22791946702514196
2.0943951023931944 0.2155994958345936
2.0943951023931944 0.2032795246440454
2.0943951023931944 0.19095955345349722
2.0943951023931944 0.17863958226294904
2.0943951023931944 0.16631961107240087
2.0943951023931944 0.15399963988185272
2.0943951023931944 0.1416796686913045
2.0943951023931944 0.12935969750075635
2.0943951023931944 0.11703972631020816
2.0943951023931944 0.10471975511965999
2.0943951023931944 0.09239978392911181
2.0943951023931944 0.0800798127385634
2.0943951023931944 0.06775984154801523
2.0943951023931944 0.055439870357467065
2.0943951023931944 0.0431198991669189
2.0943951023931944 0.030799927976370715
2.0943951023931944 0.018479956785822323
2.0943951023931944 0.006159985595274148
2.0943951023931944 -0.006159985595274026
2.0943951023931944 -0.018479956785822198
2.0943951023931944 -0.03079992797637037
2.0943951023931944 -0.043119899166918774
2.0943951023931944 -0.05543987035746694
2.0943951023931944 -0.0677598415480151
2.0943951023931944 -0.08007981273856331
2.0943951023931944 -0.09239978392911147
2.0943951023931944 -0.10471975511965988
2.0943951023931944 -0.11703972631020804
2.0943951023931944 -0.12935969750075624
2.0943951023931944 -0.1416796686913044
2.0943951023931944 -0.15399963988185258
2.0943951023931944 -0.16631961107240073
2.0943951023931944 -0.17863958226294913
2.0943951023931944 -0.19095955345349733
2.0943951023931944 -0.20327952464404547
2.0943951023931944 -0.21559949583459367
2.0943951023931944 -0.22791946702514182
2.0943951023931944 -0.24023943821569002
2.0943951023931944 -0.25255940940623817
2.0943951023931944 -0.26487938059678634
2.0943951023931944 -0.2771993517873345
2.0943951023931944 -0.2895193229778827
2.0943951023931944 -0.30183929416843086
2.0943951023931944 -0.31415926535897926
2.0943951023931944 -0.32647923654952743
2.0943951023931944 -0.3387992077400756
2.0943951023931944 -0.3511191789306238
2.0943951023931944 -0.363439150121172
2.0943951023931944 -0.37575912131172035
2.0943951023931944 -0.3880790925022685
2.0943951023931944 -0.4003990636928167
2.0943951023931944 -0.41271903488336487
2.0943951023931944 -0.425039006073913
2.0943951023931944 -0.43735897726446143
2.0943951023931944 -0.44967894845500916
2.0943951023931944 -0.4619989196455574
2.0943951023931944 -0.474318890836106
2.0943951023931944 -0.4866388620266542
2.0943951023931944 -0.49895883321720236
2.0943951023931944 -0.5112788044077505
2.0943951023931944 -0.5235987755982987
2.0943951023931944 -0.535918746788847
2.0943951023931944 -0.5482387179793949
2.0943951023931944 -0.5605586891699431
2.0943951023931944 -0.5728786603604913
2.0943951023931944 -0.5851986315510395
2.0943951023931944 -0.5975186027415876
2.0943951023931944 -0.6098385739321365
2.0943951023931944 -0.6221585451226846
2.0943951023931944 -0.6344785163132326
2.0943951023931944 -0.6467984875037809
2.0943951023931944 -0.659118458694329
2.0943951023931944 -0.6714384298848772
2.0943951023931944 -0.6837584010754253
2.0943951023931944 -0.6960783722659735
2.0943951023931944 -0.7083983434565216
2.0943951023931944 -0.7207183146470699
2.0943951023931944 -0.7330382858376184
2.0943951023931944 -0.7453582570281667
2.0943951023931944 -0.7576782282187148
2.0943951023931944 -0.769998199409263
2.0943951023931944 -0.7823181705998112
2.0943951023931944 -0.7946381417903594
2.0943951023931944 -0.8069581129809075
2.0943951023931944 -0.8192780841714558
2.0943951023931944 -0.8315980553620039
2.0943951023931944 -0.8439180265525522
2.0943951023931944 -0.8562379977431002
2.0943951023931944 -0.8685579689336489
2.0943951023931944 -0.8808779401241971
2.0943951023931944 -0.8931979113147452
2.0943951023931944 -0.9055178825052935
2.0943951023931944 -0.9178378536958416
2.0943951023931944 -0.9301578248863897
2.0943951023931944 -0.9424777960769378
2.0943951023931944 -0.954797767267486
2.0943951023931944 -0.9671177384580343
2.0943951023931944 -0.9794377096485823
2.0943951023931944 -0.9917576808391311
2.0943951023931944 -1.004077652029679
2.0943951023931944 -1.0163976232202274
2.0943951023931944 -1.0287175944107756
2.0943951023931944 -1.0410375656013238
2.0943951023931944 -1.053357536791872
2.0943951023931944 -1.0656775079824203
2.0943951023931944 -1.0779974791729683
2.0943951023931944 -1.0903174503635165
2.0943951023931944 -1.1026374215540646
2.0943951023931944 -1.1149573927446128
2.0943951023931944 -1.1272773639351616
2.0943951023931944 -1.1395973351257098
2.0943951023931944 -1.1519173063162578
2.0943951023931944 -1.1642372775068057
2.0943951023931944 -1.1765572486973541
2.0943951023931944 -1.1888772198879023
2.0943951023931944 -1.2011971910784505
2.0943951023931944 -1.2135171622689989
2.0943951023931944 -1.225837133459547
2.0943951023931944 -1.2381571046500952
2.0943951023931944 -1.250477075840643
2.0943951023931944 -1.2627970470311916
2.0943951023931944 -1.2751170182217393
2.0943951023931944 -1.2874369894122877
2.0943951023931944 -1.2997569606028359
2.0943951023931944 -1.312076931793384
2.0943951023931944 -1.324396902983932
2.0943951023931944 -1.3367168741744804
2.0943951023931944 -1.3490368453650288
2.0943951023931944 -1.3613568165555767
2.0943951023931944 -1.3736767877461251
2.0943951023931944 -1.3859967589366728
2.0943951023931944 -1.398316730127222
2.0943951023931944 -1.4106367013177699
2.0943951023931944 -1.422956672508318
2.0943951023931944 -1.4352766436988664
2.0943951023931944 -1.4475966148894144
2.0943951023931944 -1.4599165860799623
2.0943951023931944 -1.472236557270511
2.0943951023931944 -1.4845565284610587
2.0943951023931944 -1.496876499651607
2.0943951023931944 -1.509196470842156
2.0943951023931944 -1.5215164420327045
2.0943951023931944 -1.5338364132232525
2.0943951023931944 -1.5461563844137995
2.0943951023931944 -1.5584763556043528
2.0943951023931944 -1.5707963267948966
0 1.5707963267948966
2.617993877991493 1.5584763556043528
2.617993877991493 1.5461563844137995
2.617993877991493 1.5338364132232525
2.617993877991493 1.5215164420327045
2.617993877991493 1.509196470842156
2.617993877991493 1.4968764996516084
2.617993877991493 1.4845565284610598
2.617993877991493 1.472236557270511
2.617993877991493 1.4599165860799632
2.617993877991493 1.4475966148894144
2.617993877991493 1.4352766436988664
2.617993877991493 1.422956672508318
2.617993877991493 1.4106367013177699
2.617993877991493 1.398316730127222
2.617993877991493 1.3859967589366735
2.617993877991493 1.3736767877461251
2.617993877991493 1.3613568165555774
2.617993877991493 1.3490368453650292
2.617993877991493 1.3367168741744808
2.617993877991493 1.3243969029839324
2.617993877991493 1.312076931793384
2.617993877991493 1.2997569606028359
2.617993877991493 1.2874369894122881
2.617993877991493 1.2751170182217397
2.617993877991493 1.2627970470311916
2.617993877991493 1.2504770758406434
2.617993877991493 1.2381571046500952
2.617993877991493 1.2258371334595466
2.617993877991493 1.2135171622689989
2.617993877991493 1.2011971910784505
2.617993877991493 1.1888772198879023
2.617993877991493 1.176557248697354
2.617993877991493 1.1642372775068057
2.617993877991493 1.1519173063162578
2.617993877991493 1.1395973351257094
2.617993877991493 1.127277363935161
2.617993877991493 1.114957392744613
2.617993877991493 1.1026374215540646
2.617993877991493 1.0903174503635165
2.617993877991493 1.0779974791729683
2.617993877991493 1.0656775079824203
2.617993877991493 1.053357536791872
2.617993877991493 1.0410375656013238
2.617993877991493 1.0287175944107756
2.617993877991493 1.0163976232202274
2.617993877991493 1.004077652029679
2.617993877991493 0.991757680839131
2.617993877991493 0.9794377096485827
2.617993877991493 0.9671177384580345
2.617993877991493 0.9547977672674862
2.617993877991493 0.942477796076938
2.617993877991493 0.9301578248863897
2.617993877991493 0.9178378536958416
2.617993877991493 0.9055178825052933
2.617993877991493 0.8931979113147452
2.617993877991493 0.8808779401241968
2.617993877991493 0.8685579689336488
2.617993877991493 0.8562379977431005
2.617993877991493 0.8439180265525523
2.617993877991493 0.8315980553620043
2.617993877991493 0.8192780841714559
2.617993877991493 0.8069581129809078
2.617993877991493 0.7946381417903595
2.617993877991493 0.7823181705998115
2.617993877991493 0.7699981994092632
2.617993877991493 0.7576782282187149
2.617993877991493 0.7453582570281667
2.617993877991493 0.7330382858376184
2.617993877991493 0.7207183146470703
2.617993877991493 0.7083983434565221
2.617993877991493 0.6960783722659739
2.617993877991493 0.6837584010754255
2.617993877991493 0.6714384298848773
2.617993877991493 0.6591184586943294
2.617993877991493 0.6467984875037811
2.617993877991493 0.6344785163132329
2.617993877991493 0.6221585451226846
2.617993877991493 0.6098385739321366
2.617993877991493 0.5975186027415882
2.617993877991493 0.58519863155104
2.617993877991493 0.5728786603604918
2.617993877991493 0.5605586891699438
2.617993877991493 0.5482387179793954
2.617993877991493 0.5359187467888472
2.617993877991493 0.523598775598299
2.617993877991493 0.5112788044077509
2.617993877991493 0.4989588332172027
2.617993877991493 0.4866388620266545
2.617993877991493 0.47431889083610607
2.617993877991493 0.4619989196455579
2.617993877991493 0.4496789484550097
2.617993877991493 0.43735897726446155
2.617993877991493 0.42503900607391343
2.617993877991493 0.412719034883365
2.617993877991493 0.4003990636928168
2.617993877991493 0.38807909250226863
2.617993877991493 0.37575912131172046
2.617993877991493 0.3634391501211723
2.617993877991493 0.3511191789306239
2.617993877991493 0.3387992077400757
2.617993877991493 0.3264792365495276
2.617993877991493 0.31415926535897937
2.617993877991493 0.3018392941684312
2.617993877991493 0.2895193229778828
2.617993877991493 0.2771993517873347
2.617993877991493 0.26487938059678645
2.617993877991493 0.2525594094062383
2.617993877991493 0.2402394382156901
2.617993877991493 0.22791946702514193
2.617993877991493 0.21559949583459356
2.617993877991493 0.2032795246440454
2.617993877991493 0.1909595534534972
2.617993877991493 0.17863958226294904
2.617993877991493 0.16631961107240087
2.617993877991493 0.1539996398818527
2.617993877991493 0.1416796686913045
2.617993877991493 0.12935969750075632
2.617993877991493 0.11703972631020816
2.617993877991493 0.10471975511965999
2.617993877991493 0.09239978392911181
2.617993877991493 0.0800798127385634
2.617993877991493 0.06775984154801523
2.617993877991493 0.055439870357467065
2.617993877991493 0.04311989916691889
2.617993877991493 0.030799927976370715
2.617993877991493 0.018479956785822323
2.617993877991493 0.0061599855952741474
2.617993877991493 -0.006159985595274025
2.617993877991493 -0.018479956785822198
2.617993877991493 -0.03079992797637037
2.617993877991493 -0.04311989916691877
2.617993877991493 -0.05543987035746694
2.617993877991493 -0.0677598415480151
2.617993877991493 -0.0800798127385633
2.617993877991493 -0.09239978392911147
2.617993877991493 -0.10471975511965986
2.617993877991493 -0.11703972631020804
2.617993877991493 -0.1293596975007562
2.617993877991493 -0.14167966869130438
2.617993877991493 -0.15399963988185256
2.617993877991493 -0.16631961107240073
2.617993877991493 -0.17863958226294913
2.617993877991493 -0.1909595534534973
2.617993877991493 -0.20327952464404547
2.617993877991493 -0.21559949583459365
2.617993877991493 -0.22791946702514182
2.617993877991493 -0.24023943821569
2.617993877991493 -0.25255940940623817
2.617993877991493 -0.26487938059678634
2.617993877991493 -0.2771993517873345
2.617993877991493 -0.2895193229778827
2.617993877991493 -0.30183929416843086
2.617993877991493 -0.31415926535897926
2.617993877991493 -0.3264792365495274
2.617993877991493 -0.3387992077400756
2.617993877991493 -0.3511191789306238
2.617993877991493 -0.36343915012117195
2.617993877991493 -0.37575912131172035
2.617993877991493 -0.3880790925022685
2.617993877991493 -0.4003990636928167
2.617993877991493 -0.41271903488336487
2.617993877991493 -0.425039006073913
2.617993877991493 -0.43735897726446143
2.617993877991493 -0.44967894845500916
2.617993877991493 -0.46199891964555734
2.617993877991493 -0.47431889083610596
2.617993877991493 -0.48663886202665413
2.617993877991493 -0.4989588332172023
2.617993877991493 -0.5112788044077505
2.617993877991493 -0.5235987755982986
2.617993877991493 -0.5359187467888469
2.617993877991493 -0.5482387179793949
2.617993877991493 -0.5605586891699431
2.617993877991493 -0.5728786603604913
2.617993877991493 -0.5851986315510395
2.617993877991493 -0.5975186027415876
2.617993877991493 -0.6098385739321363
2.617993877991493 -0.6221585451226845
2.617993877991493 -0.6344785163132326
2.617993877991493 -0.6467984875037809
2.617993877991493 -0.659118458694329
2.617993877991493 -0.6714384298848772
2.617993877991493 -0.6837584010754253
2.617993877991493 -0.6960783722659735
2.617993877991493 -0.7083983434565216
2.617993877991493 -0.7207183146470699
2.617993877991493 -0.7330382858376184
2.617993877991493 -0.7453582570281667
2.617993877991493 -0.7576782282187149
2.617993877991493 -0.769998199409263
2.617993877991493 -0.7823181705998111
2.617993877991493 -0.7946381417903594
2.617993877991493 -0.8069581129809075
2.617993877991493 -0.8192780841714558
2.617993877991493 -0.8315980553620039
2.617993877991493 -0.843918026552552
2.617993877991493 -0.8562379977431002
2.617993877991493 -0.8685579689336489
2.617993877991493 -0.8808779401241971
2.617993877991493 -0.8931979113147452
2.617993877991493 -0.9055178825052933
2.617993877991493 -0.9178378536958416
2.617993877991493 -0.9301578248863897
2.617993877991493 -0.9424777960769378
2.617993877991493 -0.954797767267486
2.617993877991493 -0.9671177384580342
2.617993877991493 -0.9794377096485823
2.617993877991493 -0.9917576808391311
2.617993877991493 -1.004077652029679
2.617993877991493 -1.0163976232202274
2.617993877991493 -1.0287175944107756
2.617993877991493 -1.0410375656013238
2.617993877991493 -1.053357536791872
2.617993877991493 -1.0656775079824201
2.617993877991493 -1.0779974791729683
2.617993877991493 -1.0903174503635165
2.617993877991493 -1.1026374215540646
2.617993877991493 -1.1149573927446128
2.617993877991493 -1.1272773639351616
2.617993877991493 -1.1395973351257094
2.617993877991493 -1.1519173063162578
2.617993877991493 -1.1642372775068057
2.617993877991493 -1.1765572486973541
2.617993877991493 -1.1888772198879023
2.617993877991493 -1.2011971910784505
2.617993877991493 -1.2135171622689989
2.617993877991493 -1.2258371334595466
2.617993877991493 -1.2381571046500952
2.617993877991493 -1.2504770758406427
2.617993877991493 -1.2627970470311911
2.617993877991493 -1.2751170182217393
2.617993877991493 -1.2874369894122877
2.617993877991493 -1.2997569606028359
2.617993877991493 -1.312076931793384
2.617993877991493 -1.324396902983932
2.617993877991493 -1.3367168741744804
2.617993877991493 -1.3490368453650288
2.617993877991493 -1.3613568165555767
2.617993877991493 -1.3736767877461251
2.617993877991493 -1.3859967589366728
2.617993877991493 -1.398316730127222
2.617993877991493 -1.4106367013177699
2.617993877991493 -1.422956672508318
2.617993877991493 -1.4352766436988664
2.617993877991493 -1.4475966148894144
2.617993877991493 -1.4599165860799623
2.617993877991493 -1.472236557270511
2.617993877991493 -1.4845565284610587
2.617993877991493 -1.496876499651607
2.617993877991493 -1.509196470842156
2.617993877991493 -1.5215164420327045
2.617993877991493 -1.5338364132232525
2.617993877991493 -1.5461563844137995
2.617993877991493 -1.5584763556043528
2.617993877991493 -1.5707963267948966
0 1.5707963267948966
3.141592653589792 1.5584763556043528
3.141592653589792 1.5461563844137995
3.141592653589792 1.5338364132232525
3.141592653589792 1.5215164420327045
3.141592653589792 1.509196470842156
3.141592653589792 1.4968764996516084
3.141592653589792 1.4845565284610598
3.141592653589792 1.472236557270511
3.141592653589792 1.4599165860799632
3.141592653589792 1.4475966148894144
3.141592653589792 1.4352766436988664
3.141592653589792 1.422956672508318
3.141592653589792 1.4106367013177699
3.141592653589792 1.398316730127222
3.141592653589792 1.3859967589366735
3.141592653589792 1.3736767877461251
3.141592653589792 1.3613568165555774
3.141592653589792 1.3490368453650292
3.141592653589792 1.3367168741744808
3.141592653589792 1.3243969029839324
3.141592653589792 1.312076931793384
3.141592653589792 1.2997569606028363
3.141592653589792 1.2874369894122881
3.141592653589792 1.2751170182217397
3.141592653589792 1.2627970470311916
3.141592653589792 1.2504770758406434
3.141592653589792 1.2381571046500952
3.141592653589792 1.2258371334595466
3.141592653589792 1.2135171622689989
3.141592653589792 1.2011971910784507
3.141592653589792 1.1888772198879023
3.141592653589792 1.176557248697354
3.141592653589792 1.1642372775068057
3.141592653589792 1.1519173063162578
3.141592653589792 1.1395973351257094
3.141592653589792 1.127277363935161
3.141592653589792 1.114957392744613
3.141592653589792 1.1026374215540646
3.141592653589792 1.0903174503635165
3.141592653589792 1.0779974791729683
3.141592653589792 1.0656775079824203
3.141592653589792 1.053357536791872
3.141592653589792 1.0410375656013238
3.141592653589792 1.0287175944107756
3.141592653589792 1.0163976232202274
3.141592653589792 1.004077652029679
3.141592653589792 0.991757680839131
3.141592653589792 0.9794377096485827
3.141592653589792 0.9671177384580345
3.141592653589792 0.9547977672674862
3.141592653589792 0.942477796076938
3.141592653589792 0.9301578248863897
3.141592653589792 0.9178378536958416
3.141592653589792 0.9055178825052933
3.141592653589792 0.8931979113147452
3.141592653589792 0.8808779401241968
3.141592653589792 0.8685579689336488
3.141592653589792 0.8562379977431005
3.141592653589792 0.8439180265525523
3.141592653589792 0.8315980553620043
3.141592653589792 0.8192780841714559
3.141592653589792 0.8069581129809078
3.141592653589792 0.7946381417903595
3.141592653589792 0.7823181705998115
3.141592653589792 0.7699981994092633
3.141592653589792 0.7576782282187148
3.141592653589792 0.7453582570281667
3.141592653589792 0.7330382858376184
3.141592653589792 0.7207183146470703
3.141592653589792 0.7083983434565221
3.141592653589792 0.6960783722659738
3.141592653589792 0.6837584010754255
3.141592653589792 0.6714384298848773
3.141592653589792 0.6591184586943294
3.141592653589792 0.6467984875037811
3.141592653589792 0.6344785163132329
3.141592653589792 0.6221585451226846
3.141592653589792 0.6098385739321366
3.141592653589792 0.5975186027415882
3.141592653589792 0.58519863155104
3.141592653589792 0.5728786603604918
3.141592653589792 0.5605586891699438
3.141592653589792 0.5482387179793954
3.141592653589792 0.5359187467888472
3.141592653589792 0.523598775598299
3.141592653589792 0.5112788044077509
3.141592653589792 0.4989588332172027
3.141592653589792 0.4866388620266545
3.141592653589792 0.47431889083610607
3.141592653589792 0.4619989196455579
3.141592653589792 0.4496789484550097
3.141592653589792 0.43735897726446155
3.141592653589792 0.42503900607391343
3.141592653589792 0.412719034883365
3.141592653589792 0.40039906369281686
3.141592653589792 0.38807909250226874
3.141592653589792 0.37575912131172046
3.141592653589792 0.3634391501211723
3.141592653589792 0.35111917893062394
3.141592653589792 0.3387992077400757
3.141592653589792 0.32647923654952765
3.141592653589792 0.3141592653589794
3.141592653589792 0.3018392941684312
3.141592653589792 0.2895193229778828
3.141592653589792 0.2771993517873347
3.141592653589792 0.2648793805967865
3.141592653589792 0.2525594094062383
3.141592653589792 0.2402394382156901
3.141592653589792 0.22791946702514193
3.141592653589792 0.2155994958345936
3.141592653589792 0.2032795246440454
3.141592653589792 0.1909595534534972
3.141592653589792 0.17863958226294901
3.141592653589792 0.16631961107240087
3.141592653589792 0.1539996398818527
3.141592653589792 0.1416796686913045
3.141592653589792 0.12935969750075632
3.141592653589792 0.11703972631020816
3.141592653589792 0.10471975511965999
3.141592653589792 0.09239978392911183
3.141592653589792 0.0800798127385634
3.141592653589792 0.06775984154801523
3.141592653589792 0.055439870357467065
3.141592653589792 0.0431198991669189
3.141592653589792 0.030799927976370715
3.141592653589792 0.018479956785822323
3.141592653589792 0.006159985595274148
3.141592653589792 -0.006159985595274026
3.141592653589792 -0.018479956785822198
3.141592653589792 -0.03079992797637037
3.141592653589792 -0.043119899166918774
3.141592653589792 -0.05543987035746694
3.141592653589792 -0.0677598415480151
3.141592653589792 -0.0800798127385633
3.141592653589792 -0.09239978392911147
3.141592653589792 -0.10471975511965988
3.141592653589792 -0.11703972631020804
3.141592653589792 -0.1293596975007562
3.141592653589792 -0.1416796686913044
3.141592653589792 -0.15399963988185256
3.141592653589792 -0.16631961107240073
3.141592653589792 -0.17863958226294913
3.141592653589792 -0.1909595534534973
3.141592653589792 -0.20327952464404547
3.141592653589792 -0.21559949583459365
3.141592653589792 -0.2279194670251418
3.141592653589792 -0.24023943821569
3.141592653589792 -0.25255940940623817
3.141592653589792 -0.26487938059678634
3.141592653589792 -0.2771993517873345
3.141592653589792 -0.2895193229778827
3.141592653589792 -0.30183929416843086
3.141592653589792 -0.31415926535897926
3.141592653589792 -0.32647923654952743
3.141592653589792 -0.3387992077400756
3.141592653589792 -0.3511191789306238
3.141592653589792 -0.36343915012117195
3.141592653589792 -0.37575912131172035
3.141592653589792 -0.3880790925022685
3.141592653589792 -0.4003990636928167
3.141592653589792 -0.41271903488336487
3.141592653589792 -0.425039006073913
3.141592653589792 -0.43735897726446143
3.141592653589792 -0.44967894845500916
3.141592653589792 -0.46199891964555734
3.141592653589792 -0.474318890836106
3.141592653589792 -0.48663886202665413
3.141592653589792 -0.4989588332172023
3.141592653589792 -0.5112788044077505
3.141592653589792 -0.5235987755982987
3.141592653589792 -0.5359187467888469
3.141592653589792 -0.5482387179793949
3.141592653589792 -0.5605586891699431
3.141592653589792 -0.5728786603604913
3.141592653589792 -0.5851986315510395
3.141592653589792 -0.5975186027415876
3.141592653589792 -0.6098385739321363
3.141592653589792 -0.6221585451226845
3.141592653589792 -0.6344785163132326
3.141592653589792 -0.6467984875037809
3.141592653589792 -0.659118458694329
3.141592653589792 -0.6714384298848772
3.141592653589792 -0.6837584010754253
3.141592653589792 -0.6960783722659735
3.141592653589792 -0.7083983434565216
3.141592653589792 -0.7207183146470699
3.141592653589792 -0.7330382858376184
3.141592653589792 -0.7453582570281667
3.141592653589792 -0.7576782282187148
3.141592653589792 -0.769998199409263
3.141592653589792 -0.7823181705998111
3.141592653589792 -0.7946381417903594
3.141592653589792 -0.8069581129809075
3.141592653589792 -0.8192780841714558
3.141592653589792 -0.8315980553620039
3.141592653589792 -0.843918026552552
3.141592653589792 -0.8562379977431002
3.141592653589792 -0.8685579689336488
3.141592653589792 -0.8808779401241971
3.141592653589792 -0.8931979113147452
3.141592653589792 -0.9055178825052933
3.141592653589792 -0.9178378536958416
3.141592653589792 -0.9301578248863897
3.141592653589792 -0.9424777960769378
3.141592653589792 -0.954797767267486
3.141592653589792 -0.9671177384580342
3.141592653589792 -0.9794377096485823
3.141592653589792 -0.9917576808391311
3.141592653589792 -1.004077652029679
3.141592653589792 -1.0163976232202274
3.141592653589792 -1.0287175944107756
3.141592653589792 -1.0410375656013238
3.141592653589792 -1.053357536791872
3.141592653589792 -1.0656775079824201
3.141592653589792 -1.0779974791729683
3.141592653589792 -1.0903174503635165
3.141592653589792 -1.1026374215540646
3.141592653589792 -1.1149573927446128
3.141592653589792 -1.1272773639351616
3.141592653589792 -1.1395973351257098
3.141592653589792 -1.1519173063162578
3.141592653589792 -1.1642372775068057
3.141592653589792 -1.1765572486973541
3.141592653589792 -1.1888772198879023
3.141592653589792 -1.2011971910784505
3.141592653589792 -1.2135171622689989
3.141592653589792 -1.2258371334595466
3.141592653589792 -1.2381571046500952
3.141592653589792 -1.250477075840643
3.141592653589792 -1.2627970470311916
3.141592653589792 -1.2751170182217393
3.141592653589792 -1.2874369894122877
3.141592653589792 -1.2997569606028359
3.141592653589792 -1.312076931793384
3.141592653589792 -1.324396902983932
3.141592653589792 -1.3367168741744804
3.141592653589792 -1.3490368453650288
3.141592653589792 -1.3613568165555767
3.141592653589792 -1.3736767877461251
3.141592653589792 -1.3859967589366728
3.141592653589792 -1.398316730127222
3.141592653589792 -1.4106367013177699
3.141592653589792 -1.422956672508318
3.141592653589792 -1.4352766436988664
3.141592653589792 -1.4475966148894144
3.141592653589792 -1.4599165860799623
3.141592653589792 -1.472236557270511
3.141592653589792 -1.4845565284610587
3.141592653589792 -1.496876499651607
3.141592653589792 -1.509196470842156
3.141592653589792 -1.5215164420327045
3.141592653589792 -1.5338364132232525
3.141592653589792 -1.5461563844137995
3.141592653589792 -1.5584763556043528
3.141592653589792 -1.5707963267948966
